datetime,temperature,humidity,wind_speed,load
2024-01-01 00:00:00,1.5,81.7,16.0,663.1
2024-01-01 01:00:00,-0.4,70.4,10.5,717.6
2024-01-01 02:00:00,1.9,70.9,9.1,647.2
2024-01-01 03:00:00,4.6,79.7,25.5,679.7
2024-01-01 04:00:00,-0.7,76.5,11.4,847.5
2024-01-01 05:00:00,-0.7,74.6,9.6,890.4
2024-01-01 06:00:00,4.7,82.0,10.5,695.5
2024-01-01 07:00:00,2.3,77.8,9.6,837.6
2024-01-01 08:00:00,-1.4,77.2,14.6,956.7
2024-01-01 09:00:00,1.6,80.8,10.0,886.0
2024-01-01 10:00:00,-1.4,75.0,13.2,1008.7
2024-01-01 11:00:00,-1.4,84.8,13.5,982.3
2024-01-01 12:00:00,0.7,73.0,13.2,1011.1
2024-01-01 13:00:00,-5.7,80.2,11.8,1206.4
2024-01-01 14:00:00,-5.2,84.1,13.8,1119.4
2024-01-01 15:00:00,-1.7,70.1,9.5,949.0
2024-01-01 16:00:00,-3.0,75.2,8.4,1009.3
2024-01-01 17:00:00,1.0,82.7,13.5,863.0
2024-01-01 18:00:00,-2.7,82.8,10.1,986.1
2024-01-01 19:00:00,-4.2,76.1,8.4,946.7
2024-01-01 20:00:00,4.4,73.3,8.4,689.7
2024-01-01 21:00:00,-0.7,81.8,8.5,766.0
2024-01-01 22:00:00,0.2,82.9,12.2,781.2
2024-01-01 23:00:00,-4.3,71.2,11.7,906.7
2024-01-02 00:00:00,-1.6,71.0,8.7,867.6
2024-01-02 01:00:00,0.3,78.1,13.6,705.2
2024-01-02 02:00:00,-3.4,80.2,9.0,934.2
2024-01-02 03:00:00,1.1,75.5,12.7,700.5
2024-01-02 04:00:00,-1.8,80.4,10.0,830.2
2024-01-02 05:00:00,-0.9,73.5,11.9,808.7
2024-01-02 06:00:00,-1.8,66.5,9.4,920.6
2024-01-02 07:00:00,5.6,74.9,9.3,694.7
2024-01-02 08:00:00,-0.0,77.4,13.5,869.1
2024-01-02 09:00:00,-3.2,75.7,8.1,1043.7
2024-01-02 10:00:00,2.5,71.3,19.0,881.3
2024-01-02 11:00:00,-3.6,68.0,11.1,1079.1
2024-01-02 12:00:00,0.6,74.5,9.7,932.1
2024-01-02 13:00:00,-5.9,81.6,11.0,1227.3
2024-01-02 14:00:00,-4.0,83.4,8.4,1092.2
2024-01-02 15:00:00,0.6,83.1,10.2,937.2
2024-01-02 16:00:00,2.2,73.1,20.6,843.3
2024-01-02 17:00:00,0.5,71.4,8.8,831.8
2024-01-02 18:00:00,-0.3,79.6,11.8,886.9
2024-01-02 19:00:00,-0.9,80.3,9.7,843.5
2024-01-02 20:00:00,-4.4,79.2,11.2,963.7
2024-01-02 21:00:00,-2.1,67.1,8.7,864.1
2024-01-02 22:00:00,-1.4,72.8,9.9,756.6
2024-01-02 23:00:00,3.2,77.0,19.8,619.6
2024-01-03 00:00:00,1.1,79.6,8.7,754.2
2024-01-03 01:00:00,-5.3,81.0,11.0,934.7
2024-01-03 02:00:00,1.0,77.9,10.6,722.8
2024-01-03 03:00:00,-1.1,78.9,10.5,830.9
2024-01-03 04:00:00,-2.0,77.6,10.9,864.6
2024-01-03 05:00:00,1.9,80.7,10.1,790.2
2024-01-03 06:00:00,3.1,78.8,8.1,765.8
2024-01-03 07:00:00,2.8,77.6,14.9,806.7
2024-01-03 08:00:00,-2.5,75.9,13.3,971.5
2024-01-03 09:00:00,-0.9,77.7,8.6,964.7
2024-01-03 10:00:00,1.0,79.7,9.6,947.7
2024-01-03 11:00:00,3.0,78.6,12.4,851.2
2024-01-03 12:00:00,-1.4,79.2,19.7,1033.6
2024-01-03 13:00:00,-0.5,84.0,17.1,974.1
2024-01-03 14:00:00,-3.3,78.6,14.9,1081.8
2024-01-03 15:00:00,-3.6,74.1,8.5,1055.5
2024-01-03 16:00:00,2.5,81.7,15.4,835.7
2024-01-03 17:00:00,4.1,70.5,14.3,773.8
2024-01-03 18:00:00,-0.2,71.9,9.4,898.2
2024-01-03 19:00:00,3.0,79.0,9.5,750.6
2024-01-03 20:00:00,1.1,79.9,9.8,789.4
2024-01-03 21:00:00,-1.9,71.1,11.2,837.4
2024-01-03 22:00:00,1.1,75.4,8.9,783.3
2024-01-03 23:00:00,4.7,74.3,8.1,648.2
2024-01-04 00:00:00,-0.1,74.9,8.5,762.0
2024-01-04 01:00:00,4.7,82.1,9.7,627.2
2024-01-04 02:00:00,-7.8,80.9,9.0,1102.2
2024-01-04 03:00:00,2.5,77.3,12.3,694.5
2024-01-04 04:00:00,0.3,74.7,8.3,744.2
2024-01-04 05:00:00,-0.9,70.7,15.5,859.5
2024-01-04 06:00:00,0.3,84.5,14.8,887.8
2024-01-04 07:00:00,-5.9,80.4,15.2,1151.2
2024-01-04 08:00:00,-0.6,73.9,12.0,923.6
2024-01-04 09:00:00,1.1,81.0,8.3,897.7
2024-01-04 10:00:00,4.5,77.1,9.7,833.4
2024-01-04 11:00:00,-1.5,76.0,8.4,996.7
2024-01-04 12:00:00,-2.4,79.6,21.2,1055.8
2024-01-04 13:00:00,-1.5,73.7,9.2,999.1
2024-01-04 14:00:00,2.8,75.7,10.6,891.5
2024-01-04 15:00:00,1.0,78.1,12.5,919.1
2024-01-04 16:00:00,-1.5,75.0,15.6,982.8
2024-01-04 17:00:00,1.6,80.8,12.2,831.1
2024-01-04 18:00:00,0.3,86.8,11.4,910.2
2024-01-04 19:00:00,3.0,73.7,9.9,757.7
2024-01-04 20:00:00,-2.0,69.2,10.8,880.9
2024-01-04 21:00:00,-0.9,67.5,8.3,790.5
2024-01-04 22:00:00,-1.1,76.8,14.5,805.6
2024-01-04 23:00:00,-4.3,74.2,10.4,917.5
2024-01-05 00:00:00,0.9,78.6,8.1,706.0
2024-01-05 01:00:00,0.8,78.2,15.6,727.3
2024-01-05 02:00:00,0.1,69.5,10.0,760.7
2024-01-05 03:00:00,-0.6,68.5,14.1,806.0
2024-01-05 04:00:00,-4.2,79.0,13.8,904.4
2024-01-05 05:00:00,-1.2,78.2,13.1,868.6
2024-01-05 06:00:00,-1.0,75.4,8.2,877.9
2024-01-05 07:00:00,-2.3,69.3,8.9,959.1
2024-01-05 08:00:00,-0.4,79.9,14.3,954.4
2024-01-05 09:00:00,1.3,84.0,14.9,954.5
2024-01-05 10:00:00,5.7,79.0,9.8,809.4
2024-01-05 11:00:00,0.6,73.4,9.7,897.5
2024-01-05 12:00:00,0.8,77.8,8.6,922.1
2024-01-05 13:00:00,-0.1,70.8,18.4,974.6
2024-01-05 14:00:00,-5.7,82.9,8.7,1170.2
2024-01-05 15:00:00,-0.0,78.0,8.6,959.4
2024-01-05 16:00:00,0.3,68.8,11.2,893.3
2024-01-05 17:00:00,7.5,76.1,8.8,678.7
2024-01-05 18:00:00,-0.5,80.0,16.4,928.7
2024-01-05 19:00:00,1.0,76.0,8.0,803.1
2024-01-05 20:00:00,-0.0,76.3,8.0,778.3
2024-01-05 21:00:00,-3.4,71.6,10.1,948.2
2024-01-05 22:00:00,3.5,80.5,10.0,626.2
2024-01-05 23:00:00,2.3,74.4,8.5,585.2
2024-01-06 00:00:00,2.5,66.9,10.0,702.7
2024-01-06 01:00:00,-2.6,75.8,9.6,878.7
2024-01-06 02:00:00,4.3,82.6,14.6,664.4
2024-01-06 03:00:00,-4.1,75.8,8.0,893.3
2024-01-06 04:00:00,1.9,86.4,19.2,754.9
2024-01-06 05:00:00,6.7,79.9,10.9,648.0
2024-01-06 06:00:00,-2.9,79.4,8.5,942.3
2024-01-06 07:00:00,-1.6,77.1,8.1,980.2
2024-01-06 08:00:00,0.4,77.4,10.3,864.8
2024-01-06 09:00:00,-1.4,76.4,8.8,985.2
2024-01-06 10:00:00,-4.6,76.3,9.1,1142.8
2024-01-06 11:00:00,0.3,80.4,8.8,958.5
2024-01-06 12:00:00,-3.1,73.1,11.2,1100.1
2024-01-06 13:00:00,1.5,72.4,10.4,922.8
2024-01-06 14:00:00,-2.7,72.2,8.2,1046.2
2024-01-06 15:00:00,4.8,88.0,10.2,811.7
2024-01-06 16:00:00,-2.2,80.5,12.7,1004.5
2024-01-06 17:00:00,-0.9,79.3,8.3,902.0
2024-01-06 18:00:00,2.5,72.5,14.6,740.8
2024-01-06 19:00:00,-3.6,80.9,10.6,988.1
2024-01-06 20:00:00,0.8,77.2,17.0,818.6
2024-01-06 21:00:00,4.0,78.9,8.5,680.2
2024-01-06 22:00:00,-4.7,73.0,23.1,921.8
2024-01-06 23:00:00,0.7,78.6,11.1,694.9
2024-01-07 00:00:00,0.9,75.7,10.5,732.4
2024-01-07 01:00:00,2.5,74.0,10.2,646.0
2024-01-07 02:00:00,-3.6,81.5,8.1,854.7
2024-01-07 03:00:00,-3.8,70.2,16.4,918.5
2024-01-07 04:00:00,1.7,80.7,11.1,735.7
2024-01-07 05:00:00,1.0,81.3,8.3,813.5
2024-01-07 06:00:00,0.9,73.5,8.1,824.5
2024-01-07 07:00:00,1.2,73.8,8.2,828.4
2024-01-07 08:00:00,-1.9,76.8,10.8,921.4
2024-01-07 09:00:00,0.8,79.3,10.9,878.9
2024-01-07 10:00:00,1.0,77.2,10.1,889.2
2024-01-07 11:00:00,-2.0,80.1,9.1,987.5
2024-01-07 12:00:00,5.7,86.7,10.3,796.4
2024-01-07 13:00:00,1.6,75.4,10.2,872.0
2024-01-07 14:00:00,-3.4,69.4,8.1,1055.8
2024-01-07 15:00:00,2.1,82.1,9.0,875.1
2024-01-07 16:00:00,-2.8,86.4,8.2,983.7
2024-01-07 17:00:00,2.5,79.9,14.9,823.6
2024-01-07 18:00:00,3.6,72.5,11.9,710.1
2024-01-07 19:00:00,-2.3,77.4,24.7,877.9
2024-01-07 20:00:00,3.0,72.4,9.1,713.0
2024-01-07 21:00:00,1.4,81.2,14.3,767.7
2024-01-07 22:00:00,2.6,71.2,10.8,716.9
2024-01-07 23:00:00,5.8,76.5,9.8,650.4
2024-01-08 00:00:00,-0.6,73.0,8.8,764.2
2024-01-08 01:00:00,-2.1,78.6,12.0,829.9
2024-01-08 02:00:00,-2.5,76.2,15.0,826.0
2024-01-08 03:00:00,-2.3,78.9,8.8,828.7
2024-01-08 04:00:00,-0.1,78.1,8.6,818.3
2024-01-08 05:00:00,1.2,73.1,11.6,770.7
2024-01-08 06:00:00,1.0,81.2,19.3,866.7
2024-01-08 07:00:00,2.6,77.8,12.2,761.9
2024-01-08 08:00:00,0.2,73.1,9.0,914.7
2024-01-08 09:00:00,4.5,89.3,9.6,776.7
2024-01-08 10:00:00,-0.6,80.5,9.5,942.6
2024-01-08 11:00:00,8.3,77.3,13.7,760.4
2024-01-08 12:00:00,2.0,85.2,12.4,880.2
2024-01-08 13:00:00,-2.4,87.3,10.7,1026.2
2024-01-08 14:00:00,-3.0,77.4,9.0,1025.6
2024-01-08 15:00:00,1.6,79.8,16.3,934.4
2024-01-08 16:00:00,-0.5,73.2,11.2,904.1
2024-01-08 17:00:00,2.3,77.4,18.6,816.2
2024-01-08 18:00:00,1.6,77.1,10.6,803.4
2024-01-08 19:00:00,-0.0,79.0,13.2,841.5
2024-01-08 20:00:00,-2.4,79.8,13.0,871.3
2024-01-08 21:00:00,-4.4,80.9,9.2,938.5
2024-01-08 22:00:00,-1.2,79.3,18.0,822.8
2024-01-08 23:00:00,2.8,72.1,8.1,651.4
2024-01-09 00:00:00,0.8,73.5,12.4,763.3
2024-01-09 01:00:00,-3.5,75.4,18.1,920.2
2024-01-09 02:00:00,0.7,76.8,9.2,767.6
2024-01-09 03:00:00,1.4,83.4,11.1,751.3
2024-01-09 04:00:00,-2.5,72.4,10.5,799.8
2024-01-09 05:00:00,0.7,76.4,12.3,824.3
2024-01-09 06:00:00,0.4,83.0,14.0,837.9
2024-01-09 07:00:00,-3.2,76.7,10.8,988.4
2024-01-09 08:00:00,1.3,80.5,13.1,813.8
2024-01-09 09:00:00,1.9,77.5,9.1,886.7
2024-01-09 10:00:00,3.5,79.5,8.8,801.8
2024-01-09 11:00:00,3.4,77.1,9.7,859.9
2024-01-09 12:00:00,-3.9,81.6,11.4,1125.7
2024-01-09 13:00:00,-2.6,70.5,8.6,1026.4
2024-01-09 14:00:00,1.8,76.4,11.4,927.5
2024-01-09 15:00:00,1.8,79.7,9.5,854.4
2024-01-09 16:00:00,1.8,80.9,12.8,874.5
2024-01-09 17:00:00,11.8,85.7,8.1,583.7
2024-01-09 18:00:00,1.9,76.3,11.3,830.2
2024-01-09 19:00:00,3.6,85.7,11.1,757.6
2024-01-09 20:00:00,3.1,75.0,16.5,730.4
2024-01-09 21:00:00,2.2,84.9,11.7,714.0
2024-01-09 22:00:00,-0.7,82.4,12.8,755.9
2024-01-09 23:00:00,2.5,73.7,15.0,673.3
2024-01-10 00:00:00,-2.1,79.8,11.4,863.4
2024-01-10 01:00:00,-0.5,78.0,9.0,781.7
2024-01-10 02:00:00,-1.2,81.4,14.1,767.7
2024-01-10 03:00:00,0.5,77.2,12.1,738.8
2024-01-10 04:00:00,7.2,76.8,9.7,657.4
2024-01-10 05:00:00,-5.4,85.2,11.7,1045.8
2024-01-10 06:00:00,2.3,77.8,14.1,752.4
2024-01-10 07:00:00,-4.6,82.5,19.1,997.9
2024-01-10 08:00:00,-1.2,77.2,17.1,928.3
2024-01-10 09:00:00,3.5,86.7,9.2,775.9
2024-01-10 10:00:00,0.4,75.0,9.6,925.3
2024-01-10 11:00:00,-3.0,75.3,8.3,1130.2
2024-01-10 12:00:00,-1.9,86.0,8.9,978.4
2024-01-10 13:00:00,2.3,76.1,14.4,879.8
2024-01-10 14:00:00,-1.9,86.4,9.3,1053.9
2024-01-10 15:00:00,0.9,82.8,10.9,926.1
2024-01-10 16:00:00,0.4,77.6,11.3,891.6
2024-01-10 17:00:00,-1.7,69.3,12.6,932.5
2024-01-10 18:00:00,6.7,78.3,8.6,646.0
2024-01-10 19:00:00,2.2,78.9,9.1,759.8
2024-01-10 20:00:00,-5.8,84.2,9.8,1032.1
2024-01-10 21:00:00,0.8,86.4,9.4,799.5
2024-01-10 22:00:00,-1.7,75.0,20.2,809.3
2024-01-10 23:00:00,2.8,82.4,13.4,674.6
2024-01-11 00:00:00,-2.1,82.3,10.0,803.3
2024-01-11 01:00:00,-0.1,83.8,14.3,774.0
2024-01-11 02:00:00,1.8,80.9,9.3,742.4
2024-01-11 03:00:00,2.9,68.7,12.6,716.9
2024-01-11 04:00:00,-3.3,77.7,8.8,888.5
2024-01-11 05:00:00,-0.7,72.7,12.4,858.1
2024-01-11 06:00:00,-1.1,77.5,9.8,875.7
2024-01-11 07:00:00,-1.7,83.4,8.3,973.4
2024-01-11 08:00:00,5.6,80.0,9.0,751.2
2024-01-11 09:00:00,1.5,84.2,9.5,840.6
2024-01-11 10:00:00,-3.5,80.2,12.2,1061.2
2024-01-11 11:00:00,3.1,72.0,8.2,876.0
2024-01-11 12:00:00,6.7,65.9,11.2,782.4
2024-01-11 13:00:00,3.4,79.2,11.8,841.2
2024-01-11 14:00:00,-4.2,77.4,11.2,1078.1
2024-01-11 15:00:00,-1.1,73.6,12.3,935.4
2024-01-11 16:00:00,4.1,70.0,8.6,775.0
2024-01-11 17:00:00,-1.8,74.9,10.7,918.0
2024-01-11 18:00:00,1.7,77.6,16.5,837.2
2024-01-11 19:00:00,2.6,81.9,10.8,729.0
2024-01-11 20:00:00,-2.5,79.5,10.8,896.9
2024-01-11 21:00:00,0.1,86.6,12.0,789.5
2024-01-11 22:00:00,-9.4,73.4,9.2,1169.8
2024-01-11 23:00:00,-2.7,83.0,11.6,891.4
2024-01-12 00:00:00,-0.4,78.8,15.4,794.0
2024-01-12 01:00:00,-3.4,82.0,8.0,893.4
2024-01-12 02:00:00,5.2,76.4,14.1,594.6
2024-01-12 03:00:00,-4.0,83.9,8.7,898.1
2024-01-12 04:00:00,-1.0,80.1,9.8,816.7
2024-01-12 05:00:00,0.7,75.2,13.7,831.2
2024-01-12 06:00:00,4.7,78.5,13.2,729.5
2024-01-12 07:00:00,-4.0,77.4,14.7,1049.9
2024-01-12 08:00:00,3.8,81.1,16.5,829.5
2024-01-12 09:00:00,0.4,72.7,9.8,893.1
2024-01-12 10:00:00,-2.6,78.5,11.2,1035.0
2024-01-12 11:00:00,1.7,80.6,9.5,903.1
2024-01-12 12:00:00,1.0,78.8,9.3,919.7
2024-01-12 13:00:00,-1.4,85.4,9.7,990.9
2024-01-12 14:00:00,0.6,82.5,12.1,965.3
2024-01-12 15:00:00,-0.8,78.6,10.1,957.3
2024-01-12 16:00:00,0.7,79.7,13.0,887.9
2024-01-12 17:00:00,2.4,80.1,12.1,790.9
2024-01-12 18:00:00,5.1,80.7,8.1,737.4
2024-01-12 19:00:00,-3.3,69.5,11.0,914.4
2024-01-12 20:00:00,6.8,77.2,9.7,642.1
2024-01-12 21:00:00,-5.5,71.3,9.8,998.6
2024-01-12 22:00:00,-0.1,85.1,13.1,765.9
2024-01-12 23:00:00,2.2,78.4,10.4,707.0
2024-01-13 00:00:00,1.2,77.7,14.5,726.2
2024-01-13 01:00:00,-1.5,83.2,11.7,812.8
2024-01-13 02:00:00,-0.2,80.8,10.4,781.6
2024-01-13 03:00:00,-1.1,73.1,12.2,823.3
2024-01-13 04:00:00,-1.4,78.4,8.1,858.4
2024-01-13 05:00:00,2.9,77.0,8.1,747.0
2024-01-13 06:00:00,1.5,70.0,8.3,776.4
2024-01-13 07:00:00,-1.7,75.3,9.7,934.7
2024-01-13 08:00:00,3.1,77.8,8.8,825.2
2024-01-13 09:00:00,1.3,78.2,20.5,891.5
2024-01-13 10:00:00,2.9,71.3,10.3,886.1
2024-01-13 11:00:00,2.3,84.5,11.3,907.9
2024-01-13 12:00:00,-2.1,78.2,9.0,1002.6
2024-01-13 13:00:00,-1.3,78.9,9.2,992.6
2024-01-13 14:00:00,2.7,80.8,9.2,858.0
2024-01-13 15:00:00,2.3,74.8,11.6,859.8
2024-01-13 16:00:00,0.4,81.1,9.9,898.8
2024-01-13 17:00:00,0.8,76.9,10.2,878.1
2024-01-13 18:00:00,4.3,74.3,10.7,740.5
2024-01-13 19:00:00,-1.3,81.7,12.4,916.1
2024-01-13 20:00:00,2.1,86.2,8.3,757.3
2024-01-13 21:00:00,-0.2,82.4,12.5,770.9
2024-01-13 22:00:00,-0.2,83.4,10.5,767.8
2024-01-13 23:00:00,3.7,76.2,11.3,671.1
2024-01-14 00:00:00,2.9,70.8,9.2,620.2
2024-01-14 01:00:00,2.9,86.3,9.6,640.3
2024-01-14 02:00:00,4.4,89.1,8.8,653.7
2024-01-14 03:00:00,0.5,86.5,19.6,804.7
2024-01-14 04:00:00,2.5,77.1,10.1,772.6
2024-01-14 05:00:00,-0.5,73.1,24.6,839.3
2024-01-14 06:00:00,1.4,73.5,10.0,844.2
2024-01-14 07:00:00,0.1,70.4,8.7,880.8
2024-01-14 08:00:00,0.8,78.3,10.1,839.3
2024-01-14 09:00:00,2.3,86.9,8.1,865.7
2024-01-14 10:00:00,-2.0,78.1,15.1,993.6
2024-01-14 11:00:00,6.8,80.4,13.1,804.7
2024-01-14 12:00:00,-2.5,85.7,11.9,1048.4
2024-01-14 13:00:00,-3.2,76.8,10.8,1025.7
2024-01-14 14:00:00,4.0,89.1,10.6,791.9
2024-01-14 15:00:00,2.9,88.8,25.2,849.4
2024-01-14 16:00:00,2.4,78.2,9.0,765.3
2024-01-14 17:00:00,2.4,76.0,12.5,796.7
2024-01-14 18:00:00,0.5,82.4,10.6,853.6
2024-01-14 19:00:00,-2.2,77.2,19.2,875.0
2024-01-14 20:00:00,0.7,73.1,13.3,813.4
2024-01-14 21:00:00,-1.5,85.3,27.6,878.4
2024-01-14 22:00:00,3.4,85.0,10.7,644.9
2024-01-14 23:00:00,0.1,79.7,8.7,752.1
2024-01-15 00:00:00,-2.0,72.6,10.1,852.0
2024-01-15 01:00:00,-0.4,72.8,11.7,774.2
2024-01-15 02:00:00,1.8,79.5,12.5,677.5
2024-01-15 03:00:00,-1.2,76.4,8.0,821.7
2024-01-15 04:00:00,-1.9,77.2,10.1,848.2
2024-01-15 05:00:00,1.3,84.1,8.8,830.4
2024-01-15 06:00:00,1.3,82.6,14.2,840.3
2024-01-15 07:00:00,-1.0,85.8,8.5,911.8
2024-01-15 08:00:00,-0.9,74.0,11.3,939.9
2024-01-15 09:00:00,1.2,77.2,8.9,851.8
2024-01-15 10:00:00,-3.8,82.8,9.3,1058.6
2024-01-15 11:00:00,-3.7,81.2,16.5,1132.3
2024-01-15 12:00:00,-1.6,86.6,8.8,1018.4
2024-01-15 13:00:00,-0.1,81.1,8.3,987.9
2024-01-15 14:00:00,1.5,88.2,8.2,911.9
2024-01-15 15:00:00,5.0,81.7,10.1,831.4
2024-01-15 16:00:00,3.1,84.3,11.1,759.8
2024-01-15 17:00:00,0.1,77.4,9.2,876.3
2024-01-15 18:00:00,0.5,79.1,11.5,892.8
2024-01-15 19:00:00,-2.4,83.6,8.2,947.4
2024-01-15 20:00:00,0.5,87.1,13.8,837.0
2024-01-15 21:00:00,-0.3,82.7,13.1,799.8
2024-01-15 22:00:00,1.5,78.6,20.7,709.0
2024-01-15 23:00:00,-1.9,85.9,16.3,799.3
2024-01-16 00:00:00,2.1,68.1,9.3,656.3
2024-01-16 01:00:00,5.2,71.9,9.5,639.2
2024-01-16 02:00:00,0.3,82.4,12.1,781.7
2024-01-16 03:00:00,1.8,79.1,8.4,731.9
2024-01-16 04:00:00,2.7,82.1,9.1,746.7
2024-01-16 05:00:00,-0.6,79.4,8.4,857.8
2024-01-16 06:00:00,1.3,81.9,9.8,850.4
2024-01-16 07:00:00,0.6,75.0,10.4,891.7
2024-01-16 08:00:00,0.9,81.9,8.7,850.8
2024-01-16 09:00:00,-1.7,84.0,8.1,998.0
2024-01-16 10:00:00,0.7,85.2,11.8,877.5
2024-01-16 11:00:00,2.1,89.1,8.1,901.2
2024-01-16 12:00:00,5.0,80.3,18.9,838.9
2024-01-16 13:00:00,3.5,80.5,8.8,815.2
2024-01-16 14:00:00,7.1,71.5,11.3,743.3
2024-01-16 15:00:00,-1.7,76.4,9.7,985.0
2024-01-16 16:00:00,3.2,78.1,8.2,820.6
2024-01-16 17:00:00,1.2,84.4,9.9,842.9
2024-01-16 18:00:00,7.2,76.1,10.2,633.8
2024-01-16 19:00:00,-1.8,83.1,13.8,893.7
2024-01-16 20:00:00,-1.9,79.1,12.0,822.8
2024-01-16 21:00:00,-1.2,78.2,8.2,819.3
2024-01-16 22:00:00,-5.7,80.4,8.7,969.6
2024-01-16 23:00:00,-0.9,77.2,9.1,788.2
2024-01-17 00:00:00,-1.6,77.0,8.4,795.7
2024-01-17 01:00:00,1.1,70.6,9.8,678.9
2024-01-17 02:00:00,1.7,77.9,20.5,709.6
2024-01-17 03:00:00,6.3,76.7,10.2,645.9
2024-01-17 04:00:00,3.5,76.6,12.1,743.4
2024-01-17 05:00:00,-1.1,81.2,11.4,942.7
2024-01-17 06:00:00,-2.0,82.5,13.7,979.9
2024-01-17 07:00:00,2.2,80.3,8.7,784.9
2024-01-17 08:00:00,-3.3,84.1,12.2,1013.3
2024-01-17 09:00:00,6.2,82.0,14.4,763.9
2024-01-17 10:00:00,4.2,77.7,8.6,821.9
2024-01-17 11:00:00,-0.7,76.9,9.3,980.4
2024-01-17 12:00:00,-4.4,80.7,18.5,1190.6
2024-01-17 13:00:00,4.8,82.1,12.6,791.0
2024-01-17 14:00:00,0.4,86.2,9.0,916.9
2024-01-17 15:00:00,4.4,85.2,10.5,856.8
2024-01-17 16:00:00,-4.1,76.5,9.6,1033.5
2024-01-17 17:00:00,-1.1,78.7,10.0,932.8
2024-01-17 18:00:00,0.7,82.6,9.3,869.4
2024-01-17 19:00:00,0.9,84.6,9.0,824.1
2024-01-17 20:00:00,-0.6,83.9,11.4,838.2
2024-01-17 21:00:00,2.6,78.9,12.5,739.3
2024-01-17 22:00:00,-2.5,73.0,14.2,827.2
2024-01-17 23:00:00,0.3,74.2,8.5,736.0
2024-01-18 00:00:00,1.1,80.6,13.2,742.3
2024-01-18 01:00:00,2.3,80.9,8.9,633.0
2024-01-18 02:00:00,2.9,73.7,9.7,727.4
2024-01-18 03:00:00,-2.6,79.5,15.0,887.8
2024-01-18 04:00:00,-3.9,82.4,9.8,951.0
2024-01-18 05:00:00,4.6,73.5,8.7,652.1
2024-01-18 06:00:00,1.8,84.8,8.5,770.2
2024-01-18 07:00:00,-1.5,77.4,9.9,922.0
2024-01-18 08:00:00,5.4,85.6,12.3,787.2
2024-01-18 09:00:00,1.1,76.6,25.6,832.1
2024-01-18 10:00:00,4.3,74.1,12.6,844.4
2024-01-18 11:00:00,1.0,77.0,14.3,913.9
2024-01-18 12:00:00,7.0,78.8,12.1,768.8
2024-01-18 13:00:00,6.0,77.3,14.8,798.7
2024-01-18 14:00:00,0.0,78.2,8.2,952.7
2024-01-18 15:00:00,3.7,81.0,16.0,802.4
2024-01-18 16:00:00,2.7,78.4,9.5,846.7
2024-01-18 17:00:00,4.9,79.0,15.6,678.2
2024-01-18 18:00:00,-2.1,70.8,8.2,912.6
2024-01-18 19:00:00,2.9,81.3,11.8,754.5
2024-01-18 20:00:00,4.0,78.9,12.0,684.5
2024-01-18 21:00:00,-4.5,87.4,25.3,897.2
2024-01-18 22:00:00,-2.7,74.6,12.4,887.2
2024-01-18 23:00:00,-5.3,70.3,9.4,913.4
2024-01-19 00:00:00,0.0,82.4,10.4,758.9
2024-01-19 01:00:00,3.0,81.1,9.4,680.5
2024-01-19 02:00:00,5.3,74.3,8.7,623.3
2024-01-19 03:00:00,1.0,71.7,8.9,787.5
2024-01-19 04:00:00,5.7,87.0,8.8,655.1
2024-01-19 05:00:00,-3.3,86.4,10.4,964.7
2024-01-19 06:00:00,-4.3,66.9,15.1,1003.1
2024-01-19 07:00:00,0.7,77.1,15.3,881.6
2024-01-19 08:00:00,2.0,87.7,8.2,894.9
2024-01-19 09:00:00,0.7,77.0,8.2,909.8
2024-01-19 10:00:00,-5.4,76.9,8.8,1162.6
2024-01-19 11:00:00,0.6,77.9,8.9,980.7
2024-01-19 12:00:00,-3.1,73.8,8.3,1102.8
2024-01-19 13:00:00,2.9,70.8,9.5,855.2
2024-01-19 14:00:00,2.0,84.6,10.7,920.2
2024-01-19 15:00:00,-2.0,70.2,10.6,998.7
2024-01-19 16:00:00,-0.7,80.6,10.4,965.6
2024-01-19 17:00:00,-2.3,83.8,9.2,982.7
2024-01-19 18:00:00,0.7,72.1,11.7,842.6
2024-01-19 19:00:00,3.7,74.8,13.3,735.8
2024-01-19 20:00:00,-2.1,85.5,9.3,890.0
2024-01-19 21:00:00,2.4,82.1,8.3,726.9
2024-01-19 22:00:00,-0.7,76.3,9.1,789.4
2024-01-19 23:00:00,-1.5,85.4,8.4,807.7
2024-01-20 00:00:00,0.6,85.4,9.9,797.3
2024-01-20 01:00:00,-2.2,80.8,8.5,852.4
2024-01-20 02:00:00,-0.8,74.9,9.9,778.2
2024-01-20 03:00:00,-2.7,77.4,8.7,871.2
2024-01-20 04:00:00,6.8,80.9,12.0,661.3
2024-01-20 05:00:00,1.0,78.5,8.1,779.3
2024-01-20 06:00:00,-1.2,84.1,10.4,856.3
2024-01-20 07:00:00,1.6,71.8,8.6,791.3
2024-01-20 08:00:00,0.6,72.0,8.0,835.4
2024-01-20 09:00:00,0.3,80.3,14.1,883.3
2024-01-20 10:00:00,2.8,77.0,11.3,826.8
2024-01-20 11:00:00,3.2,76.3,8.3,901.7
2024-01-20 12:00:00,-0.6,70.6,11.3,974.9
2024-01-20 13:00:00,-0.8,79.6,10.8,970.8
2024-01-20 14:00:00,0.1,79.2,9.9,898.8
2024-01-20 15:00:00,-5.9,82.7,9.6,1146.4
2024-01-20 16:00:00,-3.6,79.8,14.5,982.7
2024-01-20 17:00:00,5.1,78.8,8.8,732.6
2024-01-20 18:00:00,5.9,85.4,9.5,763.6
2024-01-20 19:00:00,0.2,72.9,9.2,843.3
2024-01-20 20:00:00,2.7,82.2,12.4,724.0
2024-01-20 21:00:00,1.9,71.1,15.4,747.5
2024-01-20 22:00:00,10.2,75.3,13.7,511.9
2024-01-20 23:00:00,4.3,73.4,12.8,612.1
2024-01-21 00:00:00,0.6,83.4,21.0,793.6
2024-01-21 01:00:00,-1.9,79.2,11.6,791.4
2024-01-21 02:00:00,-3.8,79.4,12.2,896.4
2024-01-21 03:00:00,1.6,74.0,20.2,745.9
2024-01-21 04:00:00,-1.3,78.0,8.0,822.5
2024-01-21 05:00:00,-3.3,75.7,11.0,964.1
2024-01-21 06:00:00,-0.9,81.4,12.0,881.8
2024-01-21 07:00:00,-2.2,74.6,15.5,978.2
2024-01-21 08:00:00,6.1,86.2,14.5,765.6
2024-01-21 09:00:00,3.7,71.1,13.5,812.3
2024-01-21 10:00:00,1.0,75.5,16.7,964.2
2024-01-21 11:00:00,5.5,87.9,10.3,789.4
2024-01-21 12:00:00,1.3,77.4,8.0,959.8
2024-01-21 13:00:00,-1.5,73.0,8.0,1039.5
2024-01-21 14:00:00,5.6,80.6,10.4,845.6
2024-01-21 15:00:00,2.7,77.2,9.7,854.8
2024-01-21 16:00:00,-2.1,75.4,9.8,953.2
2024-01-21 17:00:00,0.5,74.1,9.5,929.8
2024-01-21 18:00:00,-1.6,93.4,15.5,908.7
2024-01-21 19:00:00,-3.1,78.3,9.3,915.1
2024-01-21 20:00:00,3.8,69.9,13.8,687.9
2024-01-21 21:00:00,6.8,87.0,15.0,582.7
2024-01-21 22:00:00,-3.1,82.6,10.1,898.0
2024-01-21 23:00:00,2.8,75.7,9.8,660.6
2024-01-22 00:00:00,-0.9,74.9,12.3,777.1
2024-01-22 01:00:00,-0.4,82.9,11.7,805.9
2024-01-22 02:00:00,-0.7,78.3,9.2,813.5
2024-01-22 03:00:00,-1.5,69.9,8.3,834.3
2024-01-22 04:00:00,1.2,88.5,8.9,780.7
2024-01-22 05:00:00,-1.4,77.4,8.4,879.1
2024-01-22 06:00:00,1.9,87.1,9.0,792.0
2024-01-22 07:00:00,1.0,86.0,8.9,858.7
2024-01-22 08:00:00,0.4,74.6,11.0,909.3
2024-01-22 09:00:00,-1.6,84.8,17.3,982.5
2024-01-22 10:00:00,-0.6,76.3,11.5,976.9
2024-01-22 11:00:00,3.4,70.3,15.8,827.1
2024-01-22 12:00:00,2.6,77.5,12.6,861.8
2024-01-22 13:00:00,-1.8,81.6,11.9,995.3
2024-01-22 14:00:00,1.4,77.3,9.6,883.8
2024-01-22 15:00:00,3.4,78.1,9.2,868.8
2024-01-22 16:00:00,-3.9,85.3,13.6,1069.7
2024-01-22 17:00:00,2.8,80.1,15.1,770.7
2024-01-22 18:00:00,-0.8,75.4,9.8,897.9
2024-01-22 19:00:00,2.9,83.1,8.0,738.5
2024-01-22 20:00:00,-1.1,80.6,12.7,826.7
2024-01-22 21:00:00,-4.2,67.0,9.0,888.4
2024-01-22 22:00:00,-3.7,81.8,8.0,933.0
2024-01-22 23:00:00,1.3,81.6,12.9,682.3
2024-01-23 00:00:00,2.0,79.7,10.2,698.5
2024-01-23 01:00:00,-1.5,84.1,11.5,787.7
2024-01-23 02:00:00,3.1,76.3,15.4,703.0
2024-01-23 03:00:00,-3.8,81.3,10.3,912.6
2024-01-23 04:00:00,1.0,71.8,10.1,770.5
2024-01-23 05:00:00,-2.4,81.7,9.0,914.3
2024-01-23 06:00:00,-0.7,89.4,9.1,898.1
2024-01-23 07:00:00,1.4,74.7,12.8,841.7
2024-01-23 08:00:00,-1.4,75.9,9.8,951.7
2024-01-23 09:00:00,0.1,76.1,8.5,911.0
2024-01-23 10:00:00,4.2,80.3,8.3,778.1
2024-01-23 11:00:00,-0.5,74.3,9.9,936.4
2024-01-23 12:00:00,3.7,81.8,9.9,873.9
2024-01-23 13:00:00,-2.1,83.9,11.2,1021.8
2024-01-23 14:00:00,2.8,82.3,9.9,843.6
2024-01-23 15:00:00,5.6,70.8,8.5,730.4
2024-01-23 16:00:00,-6.2,84.7,10.1,1088.3
2024-01-23 17:00:00,-1.1,84.4,15.1,904.2
2024-01-23 18:00:00,3.0,83.8,8.5,799.9
2024-01-23 19:00:00,0.7,81.5,11.5,797.5
2024-01-23 20:00:00,2.4,80.8,10.7,750.7
2024-01-23 21:00:00,-0.5,84.8,12.1,791.0
2024-01-23 22:00:00,1.5,89.3,8.5,749.9
2024-01-23 23:00:00,0.8,74.9,16.5,724.7
2024-01-24 00:00:00,4.8,85.1,10.9,590.6
2024-01-24 01:00:00,2.1,79.3,13.6,692.6
2024-01-24 02:00:00,2.3,79.1,8.8,758.3
2024-01-24 03:00:00,0.1,72.0,12.0,836.9
2024-01-24 04:00:00,-0.2,78.3,12.6,828.8
2024-01-24 05:00:00,0.0,74.7,9.5,827.0
2024-01-24 06:00:00,2.5,77.4,9.5,792.9
2024-01-24 07:00:00,0.1,74.2,11.2,890.7
2024-01-24 08:00:00,2.2,77.5,8.3,841.2
2024-01-24 09:00:00,7.6,77.7,12.0,746.7
2024-01-24 10:00:00,3.9,80.2,8.1,839.2
2024-01-24 11:00:00,0.4,71.6,8.6,931.6
2024-01-24 12:00:00,4.9,72.5,11.3,781.7
2024-01-24 13:00:00,0.1,81.5,8.3,939.7
2024-01-24 14:00:00,-4.8,75.7,18.7,1139.1
2024-01-24 15:00:00,-1.7,85.1,14.1,988.0
2024-01-24 16:00:00,-4.3,80.9,11.0,1070.0
2024-01-24 17:00:00,0.3,82.8,13.1,869.0
2024-01-24 18:00:00,1.4,86.8,14.6,787.7
2024-01-24 19:00:00,6.4,78.2,8.9,654.0
2024-01-24 20:00:00,2.4,76.9,13.7,706.8
2024-01-24 21:00:00,0.7,84.1,8.6,736.0
2024-01-24 22:00:00,3.9,82.3,9.6,698.8
2024-01-24 23:00:00,-5.2,78.8,10.5,940.0
2024-01-25 00:00:00,2.1,86.7,11.8,677.4
2024-01-25 01:00:00,3.7,78.7,8.1,703.5
2024-01-25 02:00:00,-3.0,79.9,9.0,902.2
2024-01-25 03:00:00,4.8,79.9,10.8,641.9
2024-01-25 04:00:00,2.4,75.1,9.3,747.4
2024-01-25 05:00:00,0.2,80.2,12.5,821.7
2024-01-25 06:00:00,3.3,86.7,11.2,745.2
2024-01-25 07:00:00,8.2,82.0,8.8,691.8
2024-01-25 08:00:00,2.0,79.9,8.5,840.1
2024-01-25 09:00:00,2.2,79.0,11.0,866.5
2024-01-25 10:00:00,0.1,81.4,9.8,976.0
2024-01-25 11:00:00,-1.1,83.5,8.6,1022.0
2024-01-25 12:00:00,3.9,82.8,9.2,831.2
2024-01-25 13:00:00,-1.1,78.1,9.1,1006.9
2024-01-25 14:00:00,1.7,81.4,8.3,862.2
2024-01-25 15:00:00,0.0,82.2,10.4,944.3
2024-01-25 16:00:00,2.9,74.8,12.3,825.6
2024-01-25 17:00:00,2.5,80.6,10.6,823.3
2024-01-25 18:00:00,4.6,69.0,13.3,715.5
2024-01-25 19:00:00,-0.0,82.2,8.4,899.3
2024-01-25 20:00:00,0.7,83.1,9.7,763.2
2024-01-25 21:00:00,-1.4,83.5,10.8,868.1
2024-01-25 22:00:00,0.2,77.8,11.4,736.2
2024-01-25 23:00:00,2.6,81.3,11.6,700.5
2024-01-26 00:00:00,3.8,86.9,11.9,671.3
2024-01-26 01:00:00,-1.3,86.9,11.2,810.0
2024-01-26 02:00:00,4.1,79.7,8.3,640.0
2024-01-26 03:00:00,5.6,80.5,11.6,640.0
2024-01-26 04:00:00,2.8,85.4,11.9,738.3
2024-01-26 05:00:00,7.2,72.3,23.1,695.9
2024-01-26 06:00:00,-0.8,78.2,11.5,858.6
2024-01-26 07:00:00,-2.2,86.5,11.5,946.6
2024-01-26 08:00:00,-3.8,84.7,10.2,1053.8
2024-01-26 09:00:00,6.0,81.7,14.1,759.9
2024-01-26 10:00:00,3.5,72.3,25.3,837.1
2024-01-26 11:00:00,1.4,79.6,12.5,945.5
2024-01-26 12:00:00,2.4,76.9,10.8,801.6
2024-01-26 13:00:00,-1.8,81.5,8.2,999.9
2024-01-26 14:00:00,8.9,75.8,11.9,670.6
2024-01-26 15:00:00,2.0,74.7,11.7,832.4
2024-01-26 16:00:00,1.9,69.5,12.5,918.7
2024-01-26 17:00:00,3.8,85.9,8.4,797.7
2024-01-26 18:00:00,3.0,77.8,11.2,797.7
2024-01-26 19:00:00,2.3,80.6,9.1,763.6
2024-01-26 20:00:00,-0.8,79.8,12.3,857.8
2024-01-26 21:00:00,3.0,74.5,8.8,644.2
2024-01-26 22:00:00,7.3,73.5,11.5,611.2
2024-01-26 23:00:00,5.7,74.8,9.0,580.9
2024-01-27 00:00:00,6.4,76.2,8.0,570.1
2024-01-27 01:00:00,0.1,81.7,11.0,776.5
2024-01-27 02:00:00,-1.3,75.9,8.4,825.1
2024-01-27 03:00:00,1.3,88.6,11.2,757.1
2024-01-27 04:00:00,1.8,85.0,15.8,716.4
2024-01-27 05:00:00,4.9,83.9,18.4,700.8
2024-01-27 06:00:00,-3.4,79.3,8.8,1007.5
2024-01-27 07:00:00,6.2,87.4,13.0,705.0
2024-01-27 08:00:00,1.2,78.8,9.3,912.0
2024-01-27 09:00:00,0.4,79.7,14.9,892.2
2024-01-27 10:00:00,-1.4,80.7,12.6,992.4
2024-01-27 11:00:00,-3.3,83.4,8.2,1118.3
2024-01-27 12:00:00,4.1,83.1,9.6,822.1
2024-01-27 13:00:00,1.9,77.5,9.2,928.9
2024-01-27 14:00:00,-2.2,77.2,12.6,1078.0
2024-01-27 15:00:00,-2.2,83.1,9.6,1011.3
2024-01-27 16:00:00,0.7,83.5,11.5,874.2
2024-01-27 17:00:00,6.7,77.9,10.8,682.9
2024-01-27 18:00:00,0.9,71.9,19.1,866.0
2024-01-27 19:00:00,-2.8,78.8,16.3,967.5
2024-01-27 20:00:00,1.0,83.0,9.7,824.3
2024-01-27 21:00:00,0.9,88.9,11.9,764.4
2024-01-27 22:00:00,-6.4,73.9,13.3,1037.4
2024-01-27 23:00:00,1.6,77.8,14.9,712.5
2024-01-28 00:00:00,1.0,77.9,8.2,699.9
2024-01-28 01:00:00,3.8,86.7,9.1,689.6
2024-01-28 02:00:00,7.3,79.7,9.2,631.4
2024-01-28 03:00:00,5.1,75.4,9.7,613.2
2024-01-28 04:00:00,1.0,82.7,8.6,750.4
2024-01-28 05:00:00,-1.6,77.9,10.1,886.0
2024-01-28 06:00:00,9.5,73.8,11.3,654.0
2024-01-28 07:00:00,2.0,75.4,10.1,790.2
2024-01-28 08:00:00,1.8,88.6,11.3,865.5
2024-01-28 09:00:00,1.7,81.8,8.2,861.5
2024-01-28 10:00:00,2.4,80.4,14.3,896.1
2024-01-28 11:00:00,1.4,78.7,16.4,889.9
2024-01-28 12:00:00,0.1,81.4,10.9,981.3
2024-01-28 13:00:00,0.2,81.3,14.4,947.3
2024-01-28 14:00:00,1.7,81.4,8.4,866.7
2024-01-28 15:00:00,0.2,80.5,12.8,927.0
2024-01-28 16:00:00,-0.3,84.3,8.4,864.3
2024-01-28 17:00:00,2.1,80.0,9.6,804.2
2024-01-28 18:00:00,1.1,75.0,9.2,834.4
2024-01-28 19:00:00,6.3,76.9,10.6,608.5
2024-01-28 20:00:00,-6.1,70.0,9.1,953.3
2024-01-28 21:00:00,5.1,90.1,11.0,581.3
2024-01-28 22:00:00,5.6,84.2,9.4,661.5
2024-01-28 23:00:00,-4.4,75.8,13.9,913.9
2024-01-29 00:00:00,0.8,78.5,11.0,717.2
2024-01-29 01:00:00,0.8,76.7,8.7,766.5
2024-01-29 02:00:00,-2.4,87.6,9.2,844.7
2024-01-29 03:00:00,-0.5,72.8,13.6,808.5
2024-01-29 04:00:00,-1.4,80.5,9.5,859.1
2024-01-29 05:00:00,7.1,79.4,10.3,631.9
2024-01-29 06:00:00,4.7,84.1,11.1,738.1
2024-01-29 07:00:00,5.7,79.4,9.3,752.1
2024-01-29 08:00:00,4.1,71.1,9.0,783.1
2024-01-29 09:00:00,-1.5,78.7,9.9,965.3
2024-01-29 10:00:00,0.3,75.1,8.7,923.1
2024-01-29 11:00:00,3.4,80.3,9.0,788.6
2024-01-29 12:00:00,-1.7,87.1,8.2,1030.2
2024-01-29 13:00:00,4.1,71.2,9.1,799.0
2024-01-29 14:00:00,1.2,75.9,9.2,925.8
2024-01-29 15:00:00,0.8,77.2,17.8,901.0
2024-01-29 16:00:00,4.1,78.0,10.7,795.0
2024-01-29 17:00:00,3.3,83.6,12.6,812.3
2024-01-29 18:00:00,0.9,79.1,8.1,804.4
2024-01-29 19:00:00,5.4,82.0,8.3,695.8
2024-01-29 20:00:00,-1.3,76.8,13.1,858.6
2024-01-29 21:00:00,3.8,81.1,10.9,673.7
2024-01-29 22:00:00,3.8,83.8,8.6,638.5
2024-01-29 23:00:00,1.1,76.3,9.6,746.6
2024-01-30 00:00:00,3.0,83.9,10.3,695.1
2024-01-30 01:00:00,-1.8,80.2,13.6,825.7
2024-01-30 02:00:00,4.8,85.2,8.2,609.4
2024-01-30 03:00:00,1.4,78.9,10.7,728.2
2024-01-30 04:00:00,0.4,81.9,11.8,795.1
2024-01-30 05:00:00,5.2,79.8,19.4,710.8
2024-01-30 06:00:00,-0.1,79.5,12.9,815.2
2024-01-30 07:00:00,-2.2,81.3,9.0,943.9
2024-01-30 08:00:00,-2.6,82.6,11.7,989.2
2024-01-30 09:00:00,3.9,73.7,12.3,813.6
2024-01-30 10:00:00,-1.8,87.1,11.9,971.3
2024-01-30 11:00:00,7.3,70.7,13.1,754.2
2024-01-30 12:00:00,-4.2,76.5,15.0,1097.2
2024-01-30 13:00:00,7.1,79.5,8.3,737.4
2024-01-30 14:00:00,2.7,82.0,8.3,863.6
2024-01-30 15:00:00,1.8,87.8,12.8,864.0
2024-01-30 16:00:00,0.4,70.7,8.9,906.3
2024-01-30 17:00:00,3.3,77.4,8.2,761.7
2024-01-30 18:00:00,2.0,69.3,9.5,797.3
2024-01-30 19:00:00,5.4,80.1,13.1,660.4
2024-01-30 20:00:00,2.4,81.3,8.4,719.4
2024-01-30 21:00:00,2.6,87.9,11.3,725.7
2024-01-30 22:00:00,1.0,80.6,8.0,749.0
2024-01-30 23:00:00,1.9,85.2,8.3,694.4
2024-01-31 00:00:00,3.0,82.9,9.3,663.4
2024-01-31 01:00:00,-3.0,77.8,8.3,822.1
2024-01-31 02:00:00,-1.9,72.9,13.6,876.2
2024-01-31 03:00:00,4.4,81.3,14.0,686.2
2024-01-31 04:00:00,2.7,72.5,12.2,746.5
2024-01-31 05:00:00,1.6,86.5,8.8,740.5
2024-01-31 06:00:00,2.2,79.2,10.2,775.0
2024-01-31 07:00:00,3.2,86.0,8.6,784.6
2024-01-31 08:00:00,0.5,77.6,9.0,833.7
2024-01-31 09:00:00,-0.2,81.3,10.2,963.4
2024-01-31 10:00:00,2.8,81.0,12.0,908.5
2024-01-31 11:00:00,-0.8,79.8,8.3,1043.0
2024-01-31 12:00:00,3.4,77.8,9.1,827.7
2024-01-31 13:00:00,-2.9,81.9,15.8,1061.2
2024-01-31 14:00:00,5.3,75.3,9.7,837.2
2024-01-31 15:00:00,3.6,73.9,16.4,814.7
2024-01-31 16:00:00,3.0,86.2,22.3,808.0
2024-01-31 17:00:00,5.2,83.6,10.2,687.9
2024-01-31 18:00:00,7.2,80.3,9.0,704.9
2024-01-31 19:00:00,5.3,88.3,12.7,691.3
2024-01-31 20:00:00,-3.3,78.6,8.5,901.5
2024-01-31 21:00:00,-1.6,86.6,8.9,854.5
2024-01-31 22:00:00,0.4,80.9,12.6,766.8
2024-01-31 23:00:00,2.3,74.9,9.7,695.8
2024-02-01 00:00:00,3.8,89.2,8.7,647.9
2024-02-01 01:00:00,0.1,84.9,11.2,812.0
2024-02-01 02:00:00,2.8,79.4,12.0,685.1
2024-02-01 03:00:00,0.0,83.6,8.4,839.6
2024-02-01 04:00:00,0.4,78.0,9.0,812.0
2024-02-01 05:00:00,-1.9,84.1,8.8,911.8
2024-02-01 06:00:00,-0.5,68.0,9.4,866.3
2024-02-01 07:00:00,-1.8,74.9,12.3,971.4
2024-02-01 08:00:00,-0.6,84.9,11.8,936.3
2024-02-01 09:00:00,5.5,78.7,11.3,751.1
2024-02-01 10:00:00,-0.5,81.0,8.0,935.6
2024-02-01 11:00:00,10.2,73.3,8.5,722.5
2024-02-01 12:00:00,3.8,89.2,8.8,827.3
2024-02-01 13:00:00,2.9,85.9,9.0,872.1
2024-02-01 14:00:00,-0.2,79.0,8.5,985.6
2024-02-01 15:00:00,4.4,78.0,9.6,812.5
2024-02-01 16:00:00,0.6,85.1,8.2,871.5
2024-02-01 17:00:00,2.7,89.9,12.2,852.1
2024-02-01 18:00:00,10.0,84.8,12.6,638.2
2024-02-01 19:00:00,2.1,90.9,10.6,807.2
2024-02-01 20:00:00,5.8,75.4,8.3,580.6
2024-02-01 21:00:00,0.3,75.9,14.6,788.8
2024-02-01 22:00:00,2.3,74.1,18.1,727.1
2024-02-01 23:00:00,7.7,82.2,8.7,616.6
2024-02-02 00:00:00,0.5,80.9,11.7,700.4
2024-02-02 01:00:00,7.8,79.2,13.5,597.6
2024-02-02 02:00:00,4.5,84.0,10.3,696.3
2024-02-02 03:00:00,0.7,86.2,9.2,709.2
2024-02-02 04:00:00,4.3,72.4,10.0,697.5
2024-02-02 05:00:00,5.3,77.0,10.2,703.1
2024-02-02 06:00:00,4.3,84.1,9.5,729.7
2024-02-02 07:00:00,-2.3,77.7,16.0,947.1
2024-02-02 08:00:00,0.3,76.0,12.1,919.9
2024-02-02 09:00:00,1.7,85.1,8.8,862.7
2024-02-02 10:00:00,2.2,73.6,10.6,869.6
2024-02-02 11:00:00,4.3,78.5,11.5,857.0
2024-02-02 12:00:00,3.0,81.6,8.5,924.8
2024-02-02 13:00:00,-1.5,77.1,9.3,1022.4
2024-02-02 14:00:00,3.6,83.9,15.1,847.4
2024-02-02 15:00:00,4.3,77.2,10.5,790.7
2024-02-02 16:00:00,4.2,87.0,8.7,763.8
2024-02-02 17:00:00,5.7,79.4,8.4,761.7
2024-02-02 18:00:00,5.0,83.4,10.2,717.1
2024-02-02 19:00:00,3.9,83.7,10.4,758.4
2024-02-02 20:00:00,2.3,76.9,9.2,729.2
2024-02-02 21:00:00,-2.5,69.7,11.0,848.5
2024-02-02 22:00:00,3.8,81.8,8.2,676.6
2024-02-02 23:00:00,3.1,80.4,8.5,668.4
2024-02-03 00:00:00,3.3,82.8,10.4,627.1
2024-02-03 01:00:00,-1.3,78.9,8.2,860.0
2024-02-03 02:00:00,-0.7,77.8,14.4,776.3
2024-02-03 03:00:00,5.7,90.0,8.5,665.5
2024-02-03 04:00:00,2.4,72.6,11.4,758.3
2024-02-03 05:00:00,4.6,83.7,9.5,667.7
2024-02-03 06:00:00,2.7,77.1,9.5,749.2
2024-02-03 07:00:00,2.7,78.3,12.3,796.4
2024-02-03 08:00:00,5.4,78.4,10.1,733.9
2024-02-03 09:00:00,1.0,76.0,11.9,948.1
2024-02-03 10:00:00,2.9,82.9,10.1,856.5
2024-02-03 11:00:00,1.2,87.0,10.7,949.2
2024-02-03 12:00:00,1.3,82.3,12.3,936.3
2024-02-03 13:00:00,1.7,80.5,10.8,913.2
2024-02-03 14:00:00,3.3,75.1,10.9,848.9
2024-02-03 15:00:00,1.2,82.6,12.7,932.3
2024-02-03 16:00:00,6.4,90.8,16.9,718.7
2024-02-03 17:00:00,-0.0,78.1,9.4,938.3
2024-02-03 18:00:00,2.1,78.1,10.6,757.3
2024-02-03 19:00:00,1.3,77.2,8.3,815.1
2024-02-03 20:00:00,7.0,77.6,9.3,581.9
2024-02-03 21:00:00,3.2,66.3,9.6,677.4
2024-02-03 22:00:00,5.8,82.0,13.4,619.4
2024-02-03 23:00:00,-1.8,75.8,10.2,806.4
2024-02-04 00:00:00,3.5,71.9,11.9,648.9
2024-02-04 01:00:00,5.4,83.8,8.1,575.3
2024-02-04 02:00:00,2.9,74.6,9.9,654.0
2024-02-04 03:00:00,5.9,78.3,14.9,642.6
2024-02-04 04:00:00,1.2,87.3,8.8,778.8
2024-02-04 05:00:00,6.9,73.0,8.1,626.4
2024-02-04 06:00:00,9.6,72.3,9.7,662.2
2024-02-04 07:00:00,1.6,81.3,11.7,799.8
2024-02-04 08:00:00,1.4,85.7,9.8,859.1
2024-02-04 09:00:00,7.1,72.1,9.8,724.9
2024-02-04 10:00:00,7.5,82.0,11.3,771.5
2024-02-04 11:00:00,1.2,82.9,8.9,922.9
2024-02-04 12:00:00,1.5,69.7,12.2,905.7
2024-02-04 13:00:00,1.9,84.0,8.5,845.0
2024-02-04 14:00:00,-1.3,84.4,9.5,1016.6
2024-02-04 15:00:00,0.0,78.4,11.2,922.9
2024-02-04 16:00:00,-0.2,86.3,13.3,924.2
2024-02-04 17:00:00,0.5,85.7,12.7,851.1
2024-02-04 18:00:00,2.7,80.5,11.8,752.9
2024-02-04 19:00:00,3.5,77.7,9.3,775.8
2024-02-04 20:00:00,7.5,75.1,8.4,560.3
2024-02-04 21:00:00,-0.2,79.8,8.7,763.6
2024-02-04 22:00:00,5.8,82.8,14.0,661.3
2024-02-04 23:00:00,2.2,78.4,13.8,715.9
2024-02-05 00:00:00,2.7,69.0,17.1,664.8
2024-02-05 01:00:00,4.9,86.3,8.2,667.4
2024-02-05 02:00:00,-0.5,80.9,10.3,804.4
2024-02-05 03:00:00,4.0,78.1,11.1,680.3
2024-02-05 04:00:00,3.4,84.3,11.7,720.6
2024-02-05 05:00:00,4.3,87.6,11.1,728.2
2024-02-05 06:00:00,3.7,66.0,12.4,759.9
2024-02-05 07:00:00,10.2,82.2,9.3,709.1
2024-02-05 08:00:00,1.0,72.9,8.6,870.5
2024-02-05 09:00:00,1.3,82.5,8.7,887.1
2024-02-05 10:00:00,1.0,80.6,8.0,878.0
2024-02-05 11:00:00,1.2,83.2,9.3,918.5
2024-02-05 12:00:00,1.0,77.5,8.3,983.7
2024-02-05 13:00:00,6.5,70.6,9.2,807.7
2024-02-05 14:00:00,7.2,77.7,11.0,740.7
2024-02-05 15:00:00,1.2,82.0,14.7,895.1
2024-02-05 16:00:00,0.4,85.1,13.5,860.0
2024-02-05 17:00:00,4.3,74.1,8.9,729.8
2024-02-05 18:00:00,1.3,85.1,8.4,827.3
2024-02-05 19:00:00,4.8,76.7,8.6,681.4
2024-02-05 20:00:00,3.6,81.8,18.6,675.7
2024-02-05 21:00:00,-1.6,77.4,10.4,855.5
2024-02-05 22:00:00,7.6,80.9,8.6,574.2
2024-02-05 23:00:00,8.4,84.4,13.5,507.0
2024-02-06 00:00:00,1.1,73.8,9.5,659.2
2024-02-06 01:00:00,1.8,76.6,14.9,688.9
2024-02-06 02:00:00,3.9,80.9,8.9,614.9
2024-02-06 03:00:00,4.0,92.0,9.5,624.0
2024-02-06 04:00:00,5.0,75.7,10.1,702.2
2024-02-06 05:00:00,9.0,90.2,14.7,612.3
2024-02-06 06:00:00,2.5,90.0,14.1,782.4
2024-02-06 07:00:00,0.6,79.5,10.6,860.1
2024-02-06 08:00:00,-1.1,78.5,8.8,911.5
2024-02-06 09:00:00,0.8,76.5,9.5,914.8
2024-02-06 10:00:00,2.9,79.6,19.1,855.2
2024-02-06 11:00:00,8.4,72.9,10.8,717.3
2024-02-06 12:00:00,1.5,79.6,12.6,895.2
2024-02-06 13:00:00,3.7,87.5,9.8,815.1
2024-02-06 14:00:00,3.0,76.9,10.3,843.5
2024-02-06 15:00:00,6.6,78.8,9.7,745.7
2024-02-06 16:00:00,10.7,71.5,11.6,642.5
2024-02-06 17:00:00,1.5,81.8,13.7,842.3
2024-02-06 18:00:00,1.6,81.3,10.1,808.3
2024-02-06 19:00:00,6.2,80.3,10.0,672.8
2024-02-06 20:00:00,5.2,78.9,9.2,694.0
2024-02-06 21:00:00,8.7,78.5,8.6,589.3
2024-02-06 22:00:00,4.9,82.5,16.4,666.3
2024-02-06 23:00:00,2.1,79.8,9.1,675.6
2024-02-07 00:00:00,4.9,81.5,12.8,607.7
2024-02-07 01:00:00,6.5,81.0,11.8,610.0
2024-02-07 02:00:00,5.6,85.6,12.7,642.0
2024-02-07 03:00:00,4.7,83.3,16.3,638.4
2024-02-07 04:00:00,6.4,80.9,10.9,657.6
2024-02-07 05:00:00,6.7,87.5,14.8,631.6
2024-02-07 06:00:00,7.3,82.1,8.6,684.0
2024-02-07 07:00:00,5.1,86.5,11.0,745.3
2024-02-07 08:00:00,2.7,83.0,12.4,789.7
2024-02-07 09:00:00,3.6,70.7,9.0,807.3
2024-02-07 10:00:00,6.8,86.5,12.0,834.2
2024-02-07 11:00:00,0.8,80.6,12.5,939.2
2024-02-07 12:00:00,4.3,79.7,13.3,905.5
2024-02-07 13:00:00,2.0,81.3,9.1,851.9
2024-02-07 14:00:00,3.3,78.2,11.4,870.9
2024-02-07 15:00:00,7.1,81.1,9.1,669.0
2024-02-07 16:00:00,3.8,77.0,12.0,798.0
2024-02-07 17:00:00,3.4,86.3,9.9,808.7
2024-02-07 18:00:00,-0.8,79.4,10.7,911.7
2024-02-07 19:00:00,5.5,78.0,9.6,657.3
2024-02-07 20:00:00,5.2,75.3,8.5,693.9
2024-02-07 21:00:00,9.8,81.3,8.6,537.7
2024-02-07 22:00:00,2.4,80.9,8.2,697.9
2024-02-07 23:00:00,3.9,81.9,10.9,637.5
2024-02-08 00:00:00,4.0,74.8,13.7,607.0
2024-02-08 01:00:00,8.0,71.9,8.1,601.0
2024-02-08 02:00:00,3.0,83.1,8.2,686.9
2024-02-08 03:00:00,4.2,87.4,9.8,706.5
2024-02-08 04:00:00,5.1,74.8,12.0,695.2
2024-02-08 05:00:00,3.9,87.9,8.5,696.7
2024-02-08 06:00:00,2.0,81.3,9.0,836.4
2024-02-08 07:00:00,3.9,79.9,8.8,787.7
2024-02-08 08:00:00,6.6,77.9,9.5,702.0
2024-02-08 09:00:00,0.3,73.0,8.8,931.9
2024-02-08 10:00:00,3.8,84.9,9.3,809.3
2024-02-08 11:00:00,1.3,76.0,11.9,963.5
2024-02-08 12:00:00,7.0,76.0,10.8,798.4
2024-02-08 13:00:00,-1.2,84.9,8.3,996.0
2024-02-08 14:00:00,1.7,70.5,11.0,927.3
2024-02-08 15:00:00,4.5,72.3,9.9,750.9
2024-02-08 16:00:00,8.1,79.8,16.2,680.7
2024-02-08 17:00:00,3.2,81.4,9.0,784.4
2024-02-08 18:00:00,1.8,82.3,11.9,874.6
2024-02-08 19:00:00,9.1,78.4,11.9,576.8
2024-02-08 20:00:00,-0.9,92.6,8.8,794.9
2024-02-08 21:00:00,-3.2,78.8,15.0,854.4
2024-02-08 22:00:00,4.8,78.7,10.0,665.6
2024-02-08 23:00:00,1.9,75.9,11.4,684.3
2024-02-09 00:00:00,0.4,80.5,8.5,743.0
2024-02-09 01:00:00,5.6,83.0,8.9,633.9
2024-02-09 02:00:00,4.2,85.9,10.6,651.2
2024-02-09 03:00:00,1.8,72.4,9.2,737.0
2024-02-09 04:00:00,-0.4,78.7,10.1,836.8
2024-02-09 05:00:00,6.1,82.1,9.4,656.6
2024-02-09 06:00:00,5.5,82.8,11.1,705.8
2024-02-09 07:00:00,3.2,79.9,10.0,798.6
2024-02-09 08:00:00,9.1,82.6,8.0,713.2
2024-02-09 09:00:00,0.3,75.8,11.1,895.0
2024-02-09 10:00:00,-1.0,87.7,9.6,894.3
2024-02-09 11:00:00,1.5,84.8,9.3,934.4
2024-02-09 12:00:00,3.4,73.2,8.3,884.7
2024-02-09 13:00:00,4.3,74.5,8.7,837.6
2024-02-09 14:00:00,2.8,74.6,8.8,867.8
2024-02-09 15:00:00,4.6,83.3,16.2,784.7
2024-02-09 16:00:00,-0.2,73.5,9.7,927.7
2024-02-09 17:00:00,7.9,78.2,8.1,707.6
2024-02-09 18:00:00,3.3,82.1,8.4,764.9
2024-02-09 19:00:00,6.9,79.5,8.2,725.0
2024-02-09 20:00:00,4.6,81.2,10.7,632.8
2024-02-09 21:00:00,5.0,74.5,8.6,652.1
2024-02-09 22:00:00,5.3,82.8,10.1,592.0
2024-02-09 23:00:00,5.0,76.8,9.4,649.1
2024-02-10 00:00:00,5.6,78.2,12.9,558.6
2024-02-10 01:00:00,7.6,81.0,9.2,526.5
2024-02-10 02:00:00,4.2,80.4,9.8,633.6
2024-02-10 03:00:00,5.8,80.0,11.8,639.2
2024-02-10 04:00:00,3.4,76.1,9.7,691.1
2024-02-10 05:00:00,8.0,78.4,12.7,611.3
2024-02-10 06:00:00,1.6,79.9,11.3,804.2
2024-02-10 07:00:00,9.1,73.0,9.6,650.5
2024-02-10 08:00:00,3.6,77.5,10.1,849.6
2024-02-10 09:00:00,-0.6,81.8,18.3,971.8
2024-02-10 10:00:00,4.1,73.5,11.3,816.3
2024-02-10 11:00:00,1.7,85.6,15.1,971.4
2024-02-10 12:00:00,6.2,86.2,8.6,809.5
2024-02-10 13:00:00,1.8,73.6,10.0,870.5
2024-02-10 14:00:00,2.4,86.6,15.2,885.8
2024-02-10 15:00:00,-1.9,79.1,9.2,1011.3
2024-02-10 16:00:00,2.4,81.9,18.3,818.7
2024-02-10 17:00:00,-3.5,77.3,8.3,975.8
2024-02-10 18:00:00,-1.0,84.4,15.0,897.6
2024-02-10 19:00:00,6.0,81.9,9.8,660.1
2024-02-10 20:00:00,6.1,75.8,8.2,686.3
2024-02-10 21:00:00,5.1,74.0,14.3,667.3
2024-02-10 22:00:00,0.9,72.5,8.9,722.9
2024-02-10 23:00:00,3.6,80.8,8.1,670.6
2024-02-11 00:00:00,3.8,82.7,8.4,689.7
2024-02-11 01:00:00,0.3,83.1,11.2,712.7
2024-02-11 02:00:00,8.3,79.2,19.4,531.5
2024-02-11 03:00:00,6.4,74.0,8.4,612.9
2024-02-11 04:00:00,3.2,76.4,9.9,716.1
2024-02-11 05:00:00,3.9,85.6,8.6,722.4
2024-02-11 06:00:00,4.5,77.4,12.1,722.5
2024-02-11 07:00:00,-2.3,80.5,8.4,953.5
2024-02-11 08:00:00,3.1,74.4,8.8,826.9
2024-02-11 09:00:00,1.8,81.5,8.7,910.1
2024-02-11 10:00:00,0.9,77.5,10.4,903.9
2024-02-11 11:00:00,3.0,85.0,14.2,942.6
2024-02-11 12:00:00,9.3,83.7,10.1,792.7
2024-02-11 13:00:00,5.8,77.3,8.2,836.2
2024-02-11 14:00:00,2.2,79.2,10.5,898.8
2024-02-11 15:00:00,5.6,77.0,12.8,834.9
2024-02-11 16:00:00,8.1,72.7,8.4,690.8
2024-02-11 17:00:00,6.7,75.5,8.2,680.3
2024-02-11 18:00:00,4.1,80.8,8.6,726.8
2024-02-11 19:00:00,2.0,81.4,12.1,744.2
2024-02-11 20:00:00,6.0,80.5,10.7,649.9
2024-02-11 21:00:00,5.1,78.3,10.3,654.4
2024-02-11 22:00:00,6.6,84.4,8.9,604.4
2024-02-11 23:00:00,5.9,80.1,9.2,602.9
2024-02-12 00:00:00,7.1,83.3,18.1,578.4
2024-02-12 01:00:00,2.4,70.9,8.8,739.6
2024-02-12 02:00:00,7.9,60.2,15.0,578.5
2024-02-12 03:00:00,4.6,81.2,10.6,687.7
2024-02-12 04:00:00,10.2,72.6,8.4,568.5
2024-02-12 05:00:00,1.9,78.7,9.9,726.0
2024-02-12 06:00:00,9.2,78.2,16.9,577.7
2024-02-12 07:00:00,4.6,87.7,9.6,821.6
2024-02-12 08:00:00,2.1,81.8,14.0,832.0
2024-02-12 09:00:00,2.6,80.6,8.9,835.2
2024-02-12 10:00:00,3.1,83.9,10.5,864.9
2024-02-12 11:00:00,5.3,81.6,13.6,826.3
2024-02-12 12:00:00,5.6,77.5,15.6,824.3
2024-02-12 13:00:00,2.3,85.1,10.0,941.8
2024-02-12 14:00:00,4.0,74.2,11.1,873.6
2024-02-12 15:00:00,10.5,81.4,8.0,659.2
2024-02-12 16:00:00,9.3,72.0,8.9,707.2
2024-02-12 17:00:00,5.4,80.8,9.0,725.2
2024-02-12 18:00:00,4.2,80.7,8.3,735.6
2024-02-12 19:00:00,4.5,88.1,9.0,678.3
2024-02-12 20:00:00,6.0,71.9,9.2,592.9
2024-02-12 21:00:00,1.1,76.7,18.4,753.8
2024-02-12 22:00:00,3.4,83.8,11.3,648.2
2024-02-12 23:00:00,-0.9,81.4,9.7,820.3
2024-02-13 00:00:00,5.3,80.6,21.3,603.7
2024-02-13 01:00:00,6.1,74.9,8.5,604.8
2024-02-13 02:00:00,2.7,76.8,9.9,731.9
2024-02-13 03:00:00,8.9,85.9,11.1,526.4
2024-02-13 04:00:00,0.5,79.4,8.2,772.3
2024-02-13 05:00:00,-0.2,81.6,11.8,847.1
2024-02-13 06:00:00,4.9,79.1,8.3,732.2
2024-02-13 07:00:00,7.3,73.8,8.5,724.1
2024-02-13 08:00:00,9.3,84.4,8.5,710.5
2024-02-13 09:00:00,2.8,82.2,15.9,850.4
2024-02-13 10:00:00,7.5,91.2,11.4,767.2
2024-02-13 11:00:00,4.1,74.6,11.2,845.8
2024-02-13 12:00:00,3.7,83.8,10.4,809.9
2024-02-13 13:00:00,6.9,73.1,9.0,765.9
2024-02-13 14:00:00,6.2,80.5,10.9,786.5
2024-02-13 15:00:00,-0.5,84.6,9.6,962.0
2024-02-13 16:00:00,8.7,69.3,8.5,659.2
2024-02-13 17:00:00,8.4,78.6,11.5,634.6
2024-02-13 18:00:00,2.4,76.9,8.4,779.1
2024-02-13 19:00:00,5.5,76.2,8.6,740.0
2024-02-13 20:00:00,5.8,81.6,13.1,628.1
2024-02-13 21:00:00,5.1,85.3,11.2,685.1
2024-02-13 22:00:00,2.7,79.0,11.0,741.0
2024-02-13 23:00:00,2.3,80.7,9.6,695.7
2024-02-14 00:00:00,4.2,80.2,9.5,618.2
2024-02-14 01:00:00,7.9,79.7,11.5,576.7
2024-02-14 02:00:00,6.0,74.2,12.0,613.8
2024-02-14 03:00:00,3.2,85.2,10.1,670.9
2024-02-14 04:00:00,6.7,81.1,18.4,612.9
2024-02-14 05:00:00,-4.2,81.6,17.4,996.4
2024-02-14 06:00:00,7.8,75.6,9.6,684.5
2024-02-14 07:00:00,-0.8,77.3,13.2,902.3
2024-02-14 08:00:00,3.3,78.8,10.4,810.5
2024-02-14 09:00:00,1.0,72.0,10.2,914.5
2024-02-14 10:00:00,0.5,71.2,8.2,920.7
2024-02-14 11:00:00,7.9,76.6,10.6,743.2
2024-02-14 12:00:00,3.0,82.2,14.9,849.3
2024-02-14 13:00:00,5.5,76.4,12.5,780.6
2024-02-14 14:00:00,4.3,74.5,12.6,901.4
2024-02-14 15:00:00,5.9,75.5,8.5,762.3
2024-02-14 16:00:00,4.7,77.3,9.3,817.4
2024-02-14 17:00:00,0.6,77.8,8.8,916.2
2024-02-14 18:00:00,7.5,90.4,9.1,665.7
2024-02-14 19:00:00,3.0,84.9,10.6,759.1
2024-02-14 20:00:00,-0.2,84.7,9.4,821.6
2024-02-14 21:00:00,3.2,85.4,10.5,649.4
2024-02-14 22:00:00,9.0,74.6,9.7,501.0
2024-02-14 23:00:00,7.1,73.5,9.0,575.8
2024-02-15 00:00:00,3.5,74.1,8.3,643.1
2024-02-15 01:00:00,3.5,86.3,14.7,721.9
2024-02-15 02:00:00,3.6,76.8,8.0,661.0
2024-02-15 03:00:00,10.8,73.3,8.0,592.8
2024-02-15 04:00:00,5.7,77.4,13.3,638.4
2024-02-15 05:00:00,5.8,78.4,25.2,731.2
2024-02-15 06:00:00,7.6,80.9,11.9,677.8
2024-02-15 07:00:00,5.3,80.8,8.0,756.6
2024-02-15 08:00:00,3.8,75.4,8.8,782.5
2024-02-15 09:00:00,4.0,83.0,18.7,834.6
2024-02-15 10:00:00,4.4,76.4,13.0,871.0
2024-02-15 11:00:00,4.5,78.8,10.5,824.3
2024-02-15 12:00:00,6.8,83.0,8.8,771.0
2024-02-15 13:00:00,4.8,76.3,8.0,813.1
2024-02-15 14:00:00,6.8,76.7,8.1,812.6
2024-02-15 15:00:00,4.4,82.5,10.8,832.8
2024-02-15 16:00:00,4.9,75.2,8.1,814.2
2024-02-15 17:00:00,-1.4,77.6,23.2,938.9
2024-02-15 18:00:00,7.4,82.3,8.6,669.4
2024-02-15 19:00:00,5.7,89.8,11.7,695.5
2024-02-15 20:00:00,7.7,82.6,8.5,645.3
2024-02-15 21:00:00,-4.0,81.9,10.3,924.3
2024-02-15 22:00:00,10.9,82.2,8.3,561.2
2024-02-15 23:00:00,4.3,74.2,12.4,649.5
2024-02-16 00:00:00,8.0,80.1,10.6,482.7
2024-02-16 01:00:00,1.6,79.4,8.3,741.0
2024-02-16 02:00:00,6.5,81.1,13.7,560.5
2024-02-16 03:00:00,1.6,80.1,10.4,767.2
2024-02-16 04:00:00,2.9,81.4,15.6,752.9
2024-02-16 05:00:00,10.5,77.9,15.5,595.6
2024-02-16 06:00:00,4.2,79.8,15.6,756.7
2024-02-16 07:00:00,5.4,73.4,8.2,766.0
2024-02-16 08:00:00,7.4,77.9,8.4,701.7
2024-02-16 09:00:00,6.3,86.4,21.2,788.9
2024-02-16 10:00:00,5.2,81.1,10.0,836.7
2024-02-16 11:00:00,5.9,79.4,8.8,848.7
2024-02-16 12:00:00,12.0,89.0,12.4,662.5
2024-02-16 13:00:00,4.6,72.7,8.9,834.3
2024-02-16 14:00:00,5.4,73.9,11.9,765.1
2024-02-16 15:00:00,8.0,88.0,13.4,700.5
2024-02-16 16:00:00,8.1,79.7,12.6,713.2
2024-02-16 17:00:00,8.4,78.2,9.0,675.2
2024-02-16 18:00:00,6.8,73.5,9.5,711.5
2024-02-16 19:00:00,1.4,81.7,9.6,780.9
2024-02-16 20:00:00,9.8,82.2,10.0,571.1
2024-02-16 21:00:00,1.4,74.0,8.5,748.8
2024-02-16 22:00:00,5.8,78.7,9.8,588.8
2024-02-16 23:00:00,2.6,77.8,10.1,662.5
2024-02-17 00:00:00,4.7,80.7,10.3,661.3
2024-02-17 01:00:00,5.9,73.8,13.1,583.4
2024-02-17 02:00:00,5.9,85.7,10.2,651.6
2024-02-17 03:00:00,6.2,84.0,8.8,642.5
2024-02-17 04:00:00,9.8,77.6,11.3,526.3
2024-02-17 05:00:00,6.3,78.3,12.8,679.7
2024-02-17 06:00:00,4.2,78.7,9.2,754.8
2024-02-17 07:00:00,7.8,75.5,11.1,694.8
2024-02-17 08:00:00,8.5,77.2,8.5,689.9
2024-02-17 09:00:00,1.3,78.1,9.3,862.1
2024-02-17 10:00:00,6.8,87.5,15.2,811.1
2024-02-17 11:00:00,7.1,84.1,15.3,769.3
2024-02-17 12:00:00,4.1,84.1,10.6,818.1
2024-02-17 13:00:00,9.1,81.2,11.6,745.7
2024-02-17 14:00:00,4.5,73.8,13.8,792.3
2024-02-17 15:00:00,5.4,79.2,17.6,752.8
2024-02-17 16:00:00,4.5,84.2,10.0,773.3
2024-02-17 17:00:00,5.1,73.1,10.5,720.9
2024-02-17 18:00:00,1.7,82.6,9.6,780.7
2024-02-17 19:00:00,0.7,91.0,8.2,841.3
2024-02-17 20:00:00,9.8,84.7,9.6,571.7
2024-02-17 21:00:00,2.5,86.4,12.7,754.8
2024-02-17 22:00:00,2.1,80.4,12.9,684.7
2024-02-17 23:00:00,-1.4,84.2,14.7,759.8
2024-02-18 00:00:00,3.2,75.8,8.2,669.3
2024-02-18 01:00:00,1.1,83.3,10.2,786.1
2024-02-18 02:00:00,10.0,82.6,8.3,550.4
2024-02-18 03:00:00,8.1,80.8,8.7,678.9
2024-02-18 04:00:00,3.0,85.9,14.9,732.9
2024-02-18 05:00:00,11.9,76.6,10.1,572.3
2024-02-18 06:00:00,8.1,78.4,12.3,588.4
2024-02-18 07:00:00,4.2,79.8,8.2,779.4
2024-02-18 08:00:00,-2.4,74.2,9.6,992.1
2024-02-18 09:00:00,12.0,80.5,11.4,649.6
2024-02-18 10:00:00,1.0,70.7,8.4,907.0
2024-02-18 11:00:00,0.2,84.5,9.2,949.6
2024-02-18 12:00:00,8.2,79.5,8.2,745.0
2024-02-18 13:00:00,12.5,76.7,11.2,742.6
2024-02-18 14:00:00,9.3,75.1,18.6,703.9
2024-02-18 15:00:00,6.9,78.1,13.3,752.4
2024-02-18 16:00:00,7.0,82.7,19.0,714.7
2024-02-18 17:00:00,7.8,82.0,13.6,710.0
2024-02-18 18:00:00,7.5,75.8,13.8,668.2
2024-02-18 19:00:00,6.1,75.0,10.6,658.4
2024-02-18 20:00:00,5.6,82.6,10.2,600.5
2024-02-18 21:00:00,5.1,75.7,9.6,653.0
2024-02-18 22:00:00,3.0,79.6,13.1,675.3
2024-02-18 23:00:00,4.4,79.9,8.6,635.7
2024-02-19 00:00:00,0.2,80.8,8.2,718.8
2024-02-19 01:00:00,5.0,83.5,16.9,668.6
2024-02-19 02:00:00,2.3,72.9,8.0,725.6
2024-02-19 03:00:00,2.0,69.7,19.3,766.7
2024-02-19 04:00:00,5.8,76.4,11.9,682.9
2024-02-19 05:00:00,9.5,88.2,9.2,624.4
2024-02-19 06:00:00,8.1,89.3,11.6,624.2
2024-02-19 07:00:00,0.6,88.4,13.1,926.0
2024-02-19 08:00:00,2.4,78.3,8.8,810.0
2024-02-19 09:00:00,8.2,70.3,12.4,709.8
2024-02-19 10:00:00,2.4,67.5,12.9,889.2
2024-02-19 11:00:00,4.7,76.1,8.9,845.0
2024-02-19 12:00:00,7.0,78.2,8.1,791.1
2024-02-19 13:00:00,2.5,85.7,8.7,873.2
2024-02-19 14:00:00,5.7,83.5,8.7,773.7
2024-02-19 15:00:00,1.4,80.3,8.2,963.9
2024-02-19 16:00:00,3.6,74.7,11.9,801.4
2024-02-19 17:00:00,6.4,74.4,9.4,706.8
2024-02-19 18:00:00,0.6,80.5,14.5,818.7
2024-02-19 19:00:00,6.7,82.7,8.9,663.3
2024-02-19 20:00:00,5.4,81.1,9.8,667.6
2024-02-19 21:00:00,7.1,74.0,11.1,598.9
2024-02-19 22:00:00,6.1,82.4,14.3,620.1
2024-02-19 23:00:00,9.6,81.3,10.2,584.3
2024-02-20 00:00:00,5.8,73.8,9.4,579.4
2024-02-20 01:00:00,4.2,75.2,14.1,642.3
2024-02-20 02:00:00,5.9,82.6,9.1,595.4
2024-02-20 03:00:00,7.1,78.0,8.2,609.8
2024-02-20 04:00:00,5.6,87.1,9.8,641.3
2024-02-20 05:00:00,5.6,81.7,12.6,664.3
2024-02-20 06:00:00,3.4,76.7,8.1,714.7
2024-02-20 07:00:00,3.5,79.1,10.6,785.2
2024-02-20 08:00:00,1.3,79.4,10.7,881.6
2024-02-20 09:00:00,10.8,75.5,15.9,732.1
2024-02-20 10:00:00,1.8,74.6,9.0,902.4
2024-02-20 11:00:00,3.5,82.6,9.0,842.7
2024-02-20 12:00:00,3.4,83.3,9.7,821.0
2024-02-20 13:00:00,8.3,82.1,9.3,711.2
2024-02-20 14:00:00,4.7,86.7,12.0,778.3
2024-02-20 15:00:00,9.3,76.4,11.1,756.2
2024-02-20 16:00:00,3.6,87.5,12.3,818.0
2024-02-20 17:00:00,6.4,74.6,13.1,692.6
2024-02-20 18:00:00,3.1,74.0,15.7,736.4
2024-02-20 19:00:00,12.1,70.3,9.7,534.0
2024-02-20 20:00:00,2.1,76.9,20.5,727.3
2024-02-20 21:00:00,6.6,76.6,8.7,651.3
2024-02-20 22:00:00,7.6,81.7,11.8,577.3
2024-02-20 23:00:00,6.9,80.3,10.3,537.4
2024-02-21 00:00:00,5.1,73.1,13.1,683.2
2024-02-21 01:00:00,5.3,77.1,9.9,580.9
2024-02-21 02:00:00,5.8,77.2,12.6,595.2
2024-02-21 03:00:00,5.3,70.2,16.0,677.6
2024-02-21 04:00:00,8.6,74.1,12.0,603.6
2024-02-21 05:00:00,12.3,75.2,12.5,544.5
2024-02-21 06:00:00,4.0,86.2,8.2,709.7
2024-02-21 07:00:00,1.6,80.0,8.7,807.2
2024-02-21 08:00:00,5.5,82.3,19.0,732.8
2024-02-21 09:00:00,13.5,71.5,11.5,640.6
2024-02-21 10:00:00,3.3,85.0,10.5,856.8
2024-02-21 11:00:00,10.7,85.5,9.4,704.4
2024-02-21 12:00:00,10.8,69.0,8.1,701.0
2024-02-21 13:00:00,4.1,75.5,9.4,804.6
2024-02-21 14:00:00,7.5,81.5,10.1,761.2
2024-02-21 15:00:00,10.7,82.2,8.7,719.7
2024-02-21 16:00:00,4.7,75.6,8.6,771.0
2024-02-21 17:00:00,5.2,77.5,10.1,734.3
2024-02-21 18:00:00,4.1,76.0,10.6,743.3
2024-02-21 19:00:00,2.8,79.5,8.8,784.5
2024-02-21 20:00:00,3.9,85.0,10.7,673.2
2024-02-21 21:00:00,2.2,75.1,14.9,764.5
2024-02-21 22:00:00,6.0,84.0,9.9,625.8
2024-02-21 23:00:00,3.6,75.1,13.8,658.2
2024-02-22 00:00:00,6.6,74.7,15.9,618.0
2024-02-22 01:00:00,1.2,83.0,8.3,691.8
2024-02-22 02:00:00,6.9,83.6,8.3,608.5
2024-02-22 03:00:00,8.4,83.2,9.9,591.5
2024-02-22 04:00:00,-0.1,72.4,10.7,780.5
2024-02-22 05:00:00,7.0,76.6,9.7,660.7
2024-02-22 06:00:00,9.6,83.0,9.2,636.4
2024-02-22 07:00:00,2.3,79.1,11.1,810.6
2024-02-22 08:00:00,11.0,73.6,8.0,678.1
2024-02-22 09:00:00,7.2,81.2,18.3,725.1
2024-02-22 10:00:00,3.8,75.3,8.8,841.2
2024-02-22 11:00:00,5.8,87.9,15.5,797.9
2024-02-22 12:00:00,7.7,86.6,8.3,746.9
2024-02-22 13:00:00,6.2,81.9,8.8,804.7
2024-02-22 14:00:00,7.6,85.7,8.8,746.0
2024-02-22 15:00:00,3.2,79.2,24.7,790.9
2024-02-22 16:00:00,6.5,82.7,8.0,682.7
2024-02-22 17:00:00,1.8,86.3,11.1,858.3
2024-02-22 18:00:00,5.7,80.1,14.1,667.2
2024-02-22 19:00:00,3.3,77.6,11.3,743.8
2024-02-22 20:00:00,3.8,70.3,9.4,695.8
2024-02-22 21:00:00,9.8,78.4,17.5,541.3
2024-02-22 22:00:00,9.3,83.0,14.7,604.6
2024-02-22 23:00:00,7.9,83.6,9.7,567.8
2024-02-23 00:00:00,2.8,81.4,10.6,700.0
2024-02-23 01:00:00,5.1,76.1,18.3,626.7
2024-02-23 02:00:00,9.7,69.0,20.1,525.2
2024-02-23 03:00:00,6.5,76.4,9.8,612.0
2024-02-23 04:00:00,13.1,77.3,13.6,570.8
2024-02-23 05:00:00,7.3,77.3,9.1,674.4
2024-02-23 06:00:00,6.7,81.9,9.4,740.9
2024-02-23 07:00:00,5.2,88.7,8.5,751.8
2024-02-23 08:00:00,6.5,79.4,8.7,708.1
2024-02-23 09:00:00,5.7,77.7,11.2,760.0
2024-02-23 10:00:00,8.3,77.5,10.1,699.4
2024-02-23 11:00:00,9.0,79.4,8.8,755.3
2024-02-23 12:00:00,3.8,74.6,9.5,829.0
2024-02-23 13:00:00,2.2,79.4,9.4,798.1
2024-02-23 14:00:00,0.7,81.0,21.1,999.3
2024-02-23 15:00:00,7.7,79.8,13.8,713.9
2024-02-23 16:00:00,2.9,81.1,9.5,806.9
2024-02-23 17:00:00,-0.2,80.9,15.4,944.0
2024-02-23 18:00:00,7.4,69.9,9.3,625.7
2024-02-23 19:00:00,13.7,81.9,11.3,580.7
2024-02-23 20:00:00,6.2,75.4,18.2,621.7
2024-02-23 21:00:00,8.8,73.3,9.5,527.0
2024-02-23 22:00:00,6.5,73.2,11.4,646.6
2024-02-23 23:00:00,6.0,80.9,9.1,628.7
2024-02-24 00:00:00,9.0,77.6,8.9,562.4
2024-02-24 01:00:00,5.4,70.3,10.6,619.5
2024-02-24 02:00:00,7.1,81.1,19.6,604.9
2024-02-24 03:00:00,7.3,71.5,9.8,557.5
2024-02-24 04:00:00,4.3,79.4,16.3,689.8
2024-02-24 05:00:00,9.3,79.9,15.4,577.7
2024-02-24 06:00:00,5.8,83.1,8.9,660.8
2024-02-24 07:00:00,4.1,87.6,9.5,784.7
2024-02-24 08:00:00,8.0,71.9,11.1,736.5
2024-02-24 09:00:00,3.7,78.4,10.2,811.7
2024-02-24 10:00:00,6.5,77.3,8.3,765.5
2024-02-24 11:00:00,6.4,80.8,23.2,751.8
2024-02-24 12:00:00,9.7,79.7,12.2,725.8
2024-02-24 13:00:00,7.8,76.9,9.7,776.4
2024-02-24 14:00:00,6.3,76.5,10.9,797.9
2024-02-24 15:00:00,8.9,73.1,8.3,722.6
2024-02-24 16:00:00,10.6,83.6,10.1,643.9
2024-02-24 17:00:00,8.1,80.9,16.0,659.9
2024-02-24 18:00:00,6.5,83.2,14.8,711.8
2024-02-24 19:00:00,2.5,77.1,9.2,781.5
2024-02-24 20:00:00,3.3,75.3,10.3,706.5
2024-02-24 21:00:00,5.6,73.2,11.6,620.0
2024-02-24 22:00:00,4.7,80.4,9.2,677.0
2024-02-24 23:00:00,5.9,73.4,8.2,587.7
2024-02-25 00:00:00,6.7,87.8,10.1,608.5
2024-02-25 01:00:00,8.1,72.1,10.8,548.7
2024-02-25 02:00:00,6.3,80.0,8.0,572.0
2024-02-25 03:00:00,8.0,86.4,8.3,636.3
2024-02-25 04:00:00,6.7,81.6,8.7,635.3
2024-02-25 05:00:00,0.6,79.5,9.3,793.1
2024-02-25 06:00:00,3.7,73.7,10.3,706.8
2024-02-25 07:00:00,6.1,71.7,9.0,676.9
2024-02-25 08:00:00,2.9,82.4,9.0,812.8
2024-02-25 09:00:00,8.4,86.1,14.1,779.5
2024-02-25 10:00:00,11.2,76.4,8.5,669.5
2024-02-25 11:00:00,10.3,72.8,10.1,752.4
2024-02-25 12:00:00,6.0,66.2,17.2,786.8
2024-02-25 13:00:00,11.1,73.6,10.9,661.5
2024-02-25 14:00:00,7.1,78.0,11.8,745.1
2024-02-25 15:00:00,5.6,86.5,9.7,740.9
2024-02-25 16:00:00,4.8,81.9,8.1,750.1
2024-02-25 17:00:00,5.7,80.0,11.1,701.9
2024-02-25 18:00:00,5.5,76.5,11.0,649.5
2024-02-25 19:00:00,7.2,75.6,8.4,688.8
2024-02-25 20:00:00,7.2,85.5,9.9,631.0
2024-02-25 21:00:00,6.7,79.5,15.4,590.1
2024-02-25 22:00:00,8.0,68.0,8.7,569.1
2024-02-25 23:00:00,10.3,75.1,9.9,491.5
2024-02-26 00:00:00,9.6,74.2,9.9,444.1
2024-02-26 01:00:00,2.3,75.7,13.0,781.5
2024-02-26 02:00:00,-0.9,81.3,13.2,810.2
2024-02-26 03:00:00,9.5,77.9,12.3,538.1
2024-02-26 04:00:00,2.6,78.1,9.4,671.9
2024-02-26 05:00:00,6.1,85.0,8.2,626.7
2024-02-26 06:00:00,3.3,75.0,9.3,811.4
2024-02-26 07:00:00,1.4,87.8,11.4,892.5
2024-02-26 08:00:00,8.4,75.1,11.6,717.6
2024-02-26 09:00:00,9.1,78.9,18.1,672.2
2024-02-26 10:00:00,5.1,77.0,9.8,848.6
2024-02-26 11:00:00,-1.0,79.0,11.0,1001.1
2024-02-26 12:00:00,5.2,80.6,10.3,835.6
2024-02-26 13:00:00,8.0,80.6,8.5,765.4
2024-02-26 14:00:00,2.4,74.6,9.9,826.4
2024-02-26 15:00:00,7.4,72.8,10.4,698.2
2024-02-26 16:00:00,6.8,90.9,17.0,719.3
2024-02-26 17:00:00,8.6,76.0,9.4,687.1
2024-02-26 18:00:00,7.2,81.9,19.8,629.9
2024-02-26 19:00:00,4.0,70.3,10.3,709.7
2024-02-26 20:00:00,10.5,77.0,8.8,555.6
2024-02-26 21:00:00,6.4,77.7,8.6,639.3
2024-02-26 22:00:00,6.8,80.7,8.5,612.8
2024-02-26 23:00:00,4.1,64.7,9.8,607.2
2024-02-27 00:00:00,5.6,79.2,8.1,648.9
2024-02-27 01:00:00,4.3,72.6,9.8,602.4
2024-02-27 02:00:00,6.4,79.9,21.4,633.5
2024-02-27 03:00:00,12.1,73.1,11.3,499.4
2024-02-27 04:00:00,2.9,74.0,12.3,727.2
2024-02-27 05:00:00,2.1,76.9,8.4,774.7
2024-02-27 06:00:00,11.4,73.0,9.9,601.6
2024-02-27 07:00:00,6.4,75.9,9.0,732.8
2024-02-27 08:00:00,5.0,72.3,14.7,778.0
2024-02-27 09:00:00,10.1,69.1,8.6,706.7
2024-02-27 10:00:00,5.2,83.4,9.8,817.4
2024-02-27 11:00:00,12.5,71.8,10.7,639.5
2024-02-27 12:00:00,9.1,77.4,10.2,742.3
2024-02-27 13:00:00,5.6,82.0,13.3,786.9
2024-02-27 14:00:00,13.5,75.2,8.8,624.4
2024-02-27 15:00:00,5.2,74.1,9.4,773.1
2024-02-27 16:00:00,9.3,79.4,12.7,686.7
2024-02-27 17:00:00,8.0,83.8,10.3,690.8
2024-02-27 18:00:00,11.0,72.4,9.5,632.7
2024-02-27 19:00:00,11.8,77.5,8.1,606.0
2024-02-27 20:00:00,7.2,69.6,12.2,625.8
2024-02-27 21:00:00,4.9,76.3,18.7,666.3
2024-02-27 22:00:00,8.5,78.4,10.9,561.1
2024-02-27 23:00:00,5.1,73.9,13.8,640.8
2024-02-28 00:00:00,13.2,75.9,10.2,489.7
2024-02-28 01:00:00,7.6,71.2,8.8,561.0
2024-02-28 02:00:00,6.1,78.6,8.0,672.5
2024-02-28 03:00:00,7.7,83.5,11.2,575.1
2024-02-28 04:00:00,3.1,72.7,10.0,757.3
2024-02-28 05:00:00,4.3,75.1,12.6,668.7
2024-02-28 06:00:00,10.8,80.7,11.6,632.4
2024-02-28 07:00:00,5.2,84.2,21.3,785.3
2024-02-28 08:00:00,4.1,70.7,10.1,730.8
2024-02-28 09:00:00,8.8,77.3,9.7,713.1
2024-02-28 10:00:00,10.8,79.6,9.0,715.6
2024-02-28 11:00:00,9.4,77.6,9.9,732.7
2024-02-28 12:00:00,10.2,65.7,14.2,720.3
2024-02-28 13:00:00,5.0,80.6,8.1,821.0
2024-02-28 14:00:00,3.0,85.7,19.4,827.5
2024-02-28 15:00:00,11.8,78.7,23.0,735.0
2024-02-28 16:00:00,6.3,72.9,10.7,720.9
2024-02-28 17:00:00,6.6,75.5,9.2,721.3
2024-02-28 18:00:00,11.3,86.9,8.8,584.6
2024-02-28 19:00:00,9.0,82.6,9.0,544.1
2024-02-28 20:00:00,8.7,81.3,8.2,565.0
2024-02-28 21:00:00,13.8,79.9,9.9,456.2
2024-02-28 22:00:00,5.4,74.8,8.2,653.6
2024-02-28 23:00:00,10.1,77.1,11.8,501.4
2024-02-29 00:00:00,7.5,77.7,9.4,547.6
2024-02-29 01:00:00,8.2,80.8,8.7,523.6
2024-02-29 02:00:00,12.0,85.6,10.4,510.5
2024-02-29 03:00:00,8.9,83.6,18.9,547.8
2024-02-29 04:00:00,9.0,70.9,11.6,611.7
2024-02-29 05:00:00,10.6,79.1,10.0,592.9
2024-02-29 06:00:00,6.3,81.7,12.5,673.2
2024-02-29 07:00:00,4.9,81.1,12.0,773.9
2024-02-29 08:00:00,4.3,74.9,14.7,784.6
2024-02-29 09:00:00,1.6,92.6,8.7,889.8
2024-02-29 10:00:00,13.6,71.6,13.9,611.0
2024-02-29 11:00:00,4.2,72.6,9.1,831.4
2024-02-29 12:00:00,6.8,79.1,16.5,788.2
2024-02-29 13:00:00,6.7,88.6,9.0,823.2
2024-02-29 14:00:00,8.4,73.8,15.8,708.2
2024-02-29 15:00:00,10.0,76.6,18.0,758.1
2024-02-29 16:00:00,10.1,83.3,8.5,686.8
2024-02-29 17:00:00,5.8,77.9,19.0,681.0
2024-02-29 18:00:00,7.0,76.3,8.3,647.2
2024-02-29 19:00:00,8.4,80.8,8.7,664.9
2024-02-29 20:00:00,6.8,79.3,9.8,666.1
2024-02-29 21:00:00,12.4,83.1,23.2,517.7
2024-02-29 22:00:00,9.0,84.4,10.0,556.0
2024-02-29 23:00:00,9.8,79.4,10.4,491.6
2024-03-01 00:00:00,9.6,79.4,11.6,566.2
2024-03-01 01:00:00,11.1,79.0,18.4,476.3
2024-03-01 02:00:00,8.2,80.3,12.6,591.1
2024-03-01 03:00:00,3.7,78.2,8.8,720.7
2024-03-01 04:00:00,8.8,77.9,9.1,590.2
2024-03-01 05:00:00,5.7,83.9,8.3,709.0
2024-03-01 06:00:00,6.1,85.4,11.1,753.5
2024-03-01 07:00:00,9.4,70.3,8.6,658.7
2024-03-01 08:00:00,11.4,77.9,8.9,643.1
2024-03-01 09:00:00,7.7,74.4,14.6,726.1
2024-03-01 10:00:00,8.6,76.3,9.2,706.2
2024-03-01 11:00:00,12.8,79.8,10.5,655.0
2024-03-01 12:00:00,8.4,81.2,9.5,761.0
2024-03-01 13:00:00,15.5,77.3,8.2,646.4
2024-03-01 14:00:00,9.4,68.2,9.4,720.1
2024-03-01 15:00:00,2.5,73.0,9.6,808.9
2024-03-01 16:00:00,10.0,82.3,14.8,668.3
2024-03-01 17:00:00,8.9,64.1,9.2,687.5
2024-03-01 18:00:00,11.6,83.7,9.4,564.3
2024-03-01 19:00:00,9.8,80.4,12.6,598.2
2024-03-01 20:00:00,7.4,84.4,12.3,564.2
2024-03-01 21:00:00,4.1,76.8,12.8,630.3
2024-03-01 22:00:00,7.2,67.5,17.2,603.0
2024-03-01 23:00:00,5.3,79.9,12.8,607.9
2024-03-02 00:00:00,6.1,84.1,9.6,651.8
2024-03-02 01:00:00,9.6,82.4,13.2,544.2
2024-03-02 02:00:00,12.8,74.4,10.1,507.5
2024-03-02 03:00:00,9.0,78.2,9.0,532.3
2024-03-02 04:00:00,4.3,75.1,9.1,673.9
2024-03-02 05:00:00,9.2,73.6,8.8,582.3
2024-03-02 06:00:00,11.5,82.5,8.5,567.5
2024-03-02 07:00:00,6.1,71.7,8.6,737.2
2024-03-02 08:00:00,7.5,73.2,8.2,737.7
2024-03-02 09:00:00,7.9,72.2,14.6,735.0
2024-03-02 10:00:00,5.6,70.2,16.0,763.7
2024-03-02 11:00:00,9.9,78.4,10.7,727.8
2024-03-02 12:00:00,7.6,83.5,13.5,708.0
2024-03-02 13:00:00,9.2,76.7,8.6,768.0
2024-03-02 14:00:00,5.3,70.1,15.0,755.8
2024-03-02 15:00:00,6.6,81.8,10.1,720.6
2024-03-02 16:00:00,10.1,86.1,8.2,674.3
2024-03-02 17:00:00,6.9,74.4,8.5,707.3
2024-03-02 18:00:00,13.2,75.2,9.1,572.7
2024-03-02 19:00:00,6.8,80.2,8.1,620.3
2024-03-02 20:00:00,8.7,85.7,9.1,629.3
2024-03-02 21:00:00,10.8,75.0,8.2,483.7
2024-03-02 22:00:00,3.8,70.9,8.8,615.0
2024-03-02 23:00:00,2.8,80.7,8.9,678.5
2024-03-03 00:00:00,3.5,81.6,23.5,621.5
2024-03-03 01:00:00,11.8,77.6,8.8,532.1
2024-03-03 02:00:00,6.4,74.8,8.8,563.2
2024-03-03 03:00:00,15.7,82.5,11.5,531.7
2024-03-03 04:00:00,6.4,80.2,13.9,669.3
2024-03-03 05:00:00,8.6,73.7,9.5,651.1
2024-03-03 06:00:00,12.7,77.8,14.3,637.8
2024-03-03 07:00:00,14.1,70.8,9.2,591.3
2024-03-03 08:00:00,14.3,81.0,8.7,586.0
2024-03-03 09:00:00,11.8,76.2,9.2,660.1
2024-03-03 10:00:00,11.2,75.3,10.8,669.0
2024-03-03 11:00:00,9.9,77.3,9.4,695.1
2024-03-03 12:00:00,10.5,77.7,11.4,715.6
2024-03-03 13:00:00,6.5,82.0,8.8,773.7
2024-03-03 14:00:00,5.7,80.4,11.6,767.3
2024-03-03 15:00:00,8.2,76.7,9.3,713.5
2024-03-03 16:00:00,7.7,81.3,9.8,728.4
2024-03-03 17:00:00,6.8,79.5,10.4,732.7
2024-03-03 18:00:00,10.3,75.3,11.5,564.7
2024-03-03 19:00:00,11.1,76.8,8.8,566.9
2024-03-03 20:00:00,8.5,76.7,13.4,589.9
2024-03-03 21:00:00,12.7,80.0,11.8,476.7
2024-03-03 22:00:00,4.8,75.6,8.8,631.7
2024-03-03 23:00:00,7.7,75.5,19.1,566.9
2024-03-04 00:00:00,6.1,87.3,11.3,613.2
2024-03-04 01:00:00,2.7,82.1,9.8,686.6
2024-03-04 02:00:00,8.0,73.6,8.5,538.1
2024-03-04 03:00:00,7.9,80.3,10.3,646.1
2024-03-04 04:00:00,12.9,78.0,8.5,554.7
2024-03-04 05:00:00,10.2,79.3,9.7,606.9
2024-03-04 06:00:00,5.3,78.1,9.6,742.9
2024-03-04 07:00:00,13.9,83.3,11.8,604.6
2024-03-04 08:00:00,12.0,79.1,8.6,679.1
2024-03-04 09:00:00,10.1,77.0,13.2,689.2
2024-03-04 10:00:00,7.7,82.6,9.2,749.1
2024-03-04 11:00:00,5.5,78.5,9.8,823.0
2024-03-04 12:00:00,7.3,77.9,12.4,815.8
2024-03-04 13:00:00,11.7,78.9,10.9,736.9
2024-03-04 14:00:00,14.1,76.9,9.1,671.0
2024-03-04 15:00:00,13.1,77.4,9.5,663.5
2024-03-04 16:00:00,7.0,74.4,9.1,744.0
2024-03-04 17:00:00,5.1,73.5,10.7,770.3
2024-03-04 18:00:00,8.9,72.3,9.2,674.2
2024-03-04 19:00:00,3.2,70.3,11.9,729.2
2024-03-04 20:00:00,9.4,72.9,10.6,615.2
2024-03-04 21:00:00,8.0,76.4,8.5,592.3
2024-03-04 22:00:00,7.1,77.8,9.1,605.1
2024-03-04 23:00:00,3.7,75.9,8.8,695.0
2024-03-05 00:00:00,10.0,65.5,9.5,534.4
2024-03-05 01:00:00,6.9,85.1,10.2,610.3
2024-03-05 02:00:00,5.0,82.7,10.1,622.6
2024-03-05 03:00:00,-0.1,79.5,12.2,836.5
2024-03-05 04:00:00,8.5,86.8,8.6,620.7
2024-03-05 05:00:00,13.9,72.3,16.8,544.1
2024-03-05 06:00:00,13.6,86.6,9.3,609.6
2024-03-05 07:00:00,7.2,72.4,9.1,770.7
2024-03-05 08:00:00,6.8,78.4,11.5,694.0
2024-03-05 09:00:00,10.0,70.8,12.9,662.0
2024-03-05 10:00:00,5.6,77.2,9.4,871.4
2024-03-05 11:00:00,9.5,79.1,12.1,736.8
2024-03-05 12:00:00,10.9,76.4,14.5,709.8
2024-03-05 13:00:00,12.3,80.7,12.4,680.7
2024-03-05 14:00:00,8.3,77.6,8.1,770.4
2024-03-05 15:00:00,8.0,74.5,13.3,800.7
2024-03-05 16:00:00,6.0,74.3,12.5,723.3
2024-03-05 17:00:00,6.2,81.2,11.3,716.1
2024-03-05 18:00:00,8.0,73.8,12.3,641.5
2024-03-05 19:00:00,9.8,81.7,19.7,620.3
2024-03-05 20:00:00,11.4,83.2,9.7,586.8
2024-03-05 21:00:00,6.3,68.7,8.2,662.4
2024-03-05 22:00:00,13.2,82.7,9.9,514.8
2024-03-05 23:00:00,7.9,87.4,8.1,639.4
2024-03-06 00:00:00,8.7,78.3,9.0,524.5
2024-03-06 01:00:00,6.5,80.1,10.7,564.0
2024-03-06 02:00:00,1.5,82.2,9.1,772.7
2024-03-06 03:00:00,11.4,75.7,11.5,529.7
2024-03-06 04:00:00,11.0,78.0,13.2,512.6
2024-03-06 05:00:00,7.9,70.5,9.6,616.1
2024-03-06 06:00:00,9.0,77.7,14.9,643.3
2024-03-06 07:00:00,10.4,79.5,8.2,620.6
2024-03-06 08:00:00,4.1,79.6,13.5,760.8
2024-03-06 09:00:00,7.2,82.3,13.3,735.8
2024-03-06 10:00:00,11.2,73.1,9.2,652.9
2024-03-06 11:00:00,5.1,74.3,9.1,830.7
2024-03-06 12:00:00,9.7,86.5,9.1,669.1
2024-03-06 13:00:00,4.8,76.2,13.0,822.3
2024-03-06 14:00:00,10.3,78.0,13.3,716.8
2024-03-06 15:00:00,8.8,76.6,9.2,707.0
2024-03-06 16:00:00,4.1,72.8,10.7,822.6
2024-03-06 17:00:00,12.4,85.1,8.4,573.5
2024-03-06 18:00:00,6.7,74.3,9.9,657.3
2024-03-06 19:00:00,6.5,71.3,28.2,645.7
2024-03-06 20:00:00,9.5,74.7,8.5,596.2
2024-03-06 21:00:00,12.4,66.9,16.8,515.6
2024-03-06 22:00:00,5.9,73.6,13.2,673.3
2024-03-06 23:00:00,9.2,72.1,18.7,509.4
2024-03-07 00:00:00,10.3,80.0,8.6,474.0
2024-03-07 01:00:00,11.1,73.5,8.7,557.7
2024-03-07 02:00:00,9.5,81.3,8.1,498.9
2024-03-07 03:00:00,7.9,83.9,11.9,608.7
2024-03-07 04:00:00,6.5,80.8,11.1,606.1
2024-03-07 05:00:00,9.3,75.8,8.6,541.8
2024-03-07 06:00:00,5.8,77.5,12.7,688.4
2024-03-07 07:00:00,0.3,69.2,9.1,898.5
2024-03-07 08:00:00,10.4,76.2,8.4,625.7
2024-03-07 09:00:00,11.8,72.5,9.6,678.3
2024-03-07 10:00:00,2.0,80.3,8.3,909.2
2024-03-07 11:00:00,6.1,89.7,8.9,758.8
2024-03-07 12:00:00,11.0,79.3,9.4,698.3
2024-03-07 13:00:00,15.3,66.8,13.7,695.2
2024-03-07 14:00:00,9.2,75.0,12.7,737.3
2024-03-07 15:00:00,6.9,77.4,9.8,738.0
2024-03-07 16:00:00,8.6,77.2,11.9,705.3
2024-03-07 17:00:00,13.3,73.1,10.5,578.1
2024-03-07 18:00:00,7.2,78.0,9.3,703.1
2024-03-07 19:00:00,6.8,70.5,11.9,682.9
2024-03-07 20:00:00,7.7,72.0,11.5,610.1
2024-03-07 21:00:00,6.3,80.0,10.9,625.8
2024-03-07 22:00:00,9.6,71.6,10.9,506.4
2024-03-07 23:00:00,14.1,79.4,11.4,430.6
2024-03-08 00:00:00,10.2,69.9,9.5,500.7
2024-03-08 01:00:00,8.5,85.5,14.1,549.9
2024-03-08 02:00:00,8.4,72.8,8.5,590.1
2024-03-08 03:00:00,4.6,75.6,14.5,685.6
2024-03-08 04:00:00,11.9,78.3,9.3,547.1
2024-03-08 05:00:00,9.0,73.8,8.4,643.0
2024-03-08 06:00:00,8.7,77.4,10.7,611.9
2024-03-08 07:00:00,18.9,79.5,9.4,599.0
2024-03-08 08:00:00,10.2,81.4,13.1,644.0
2024-03-08 09:00:00,7.0,80.6,9.7,782.4
2024-03-08 10:00:00,8.0,75.8,11.3,738.6
2024-03-08 11:00:00,12.8,75.9,9.1,616.4
2024-03-08 12:00:00,9.7,88.4,8.7,751.4
2024-03-08 13:00:00,5.0,81.3,9.5,840.8
2024-03-08 14:00:00,12.1,72.0,10.8,658.7
2024-03-08 15:00:00,7.4,77.1,11.2,725.9
2024-03-08 16:00:00,15.0,74.9,10.6,602.7
2024-03-08 17:00:00,12.6,75.9,21.3,549.6
2024-03-08 18:00:00,8.1,70.4,11.5,578.5
2024-03-08 19:00:00,13.2,74.5,16.0,586.9
2024-03-08 20:00:00,9.6,85.6,8.4,554.3
2024-03-08 21:00:00,12.0,79.4,8.2,576.1
2024-03-08 22:00:00,10.9,64.1,9.1,553.0
2024-03-08 23:00:00,6.9,82.6,8.4,628.9
2024-03-09 00:00:00,7.5,82.0,10.2,546.0
2024-03-09 01:00:00,12.6,74.7,10.2,436.9
2024-03-09 02:00:00,8.5,80.1,10.6,527.2
2024-03-09 03:00:00,8.3,72.2,12.1,562.0
2024-03-09 04:00:00,6.6,74.1,18.7,558.9
2024-03-09 05:00:00,10.8,84.0,14.3,569.9
2024-03-09 06:00:00,15.7,75.1,8.4,546.3
2024-03-09 07:00:00,6.3,67.1,9.2,670.3
2024-03-09 08:00:00,9.6,76.1,8.9,643.3
2024-03-09 09:00:00,13.8,76.0,8.6,633.1
2024-03-09 10:00:00,9.3,82.4,10.4,729.8
2024-03-09 11:00:00,10.9,76.5,10.4,674.1
2024-03-09 12:00:00,6.4,74.3,8.8,794.2
2024-03-09 13:00:00,10.9,81.6,11.7,708.2
2024-03-09 14:00:00,9.0,77.0,12.0,722.7
2024-03-09 15:00:00,12.6,72.6,8.1,631.7
2024-03-09 16:00:00,13.2,82.2,9.5,588.3
2024-03-09 17:00:00,17.4,77.3,14.6,620.9
2024-03-09 18:00:00,11.4,76.4,10.2,616.6
2024-03-09 19:00:00,10.6,77.2,9.3,613.3
2024-03-09 20:00:00,10.2,71.0,8.9,559.2
2024-03-09 21:00:00,8.6,73.7,8.8,565.1
2024-03-09 22:00:00,10.7,76.3,8.3,535.6
2024-03-09 23:00:00,8.8,75.3,13.1,486.4
2024-03-10 00:00:00,10.2,82.7,8.3,484.7
2024-03-10 01:00:00,13.7,77.4,9.0,450.3
2024-03-10 02:00:00,6.7,80.6,8.1,581.7
2024-03-10 03:00:00,13.1,76.3,12.6,478.7
2024-03-10 04:00:00,13.7,81.6,8.1,532.7
2024-03-10 05:00:00,9.4,78.3,9.1,605.7
2024-03-10 06:00:00,3.4,76.3,10.6,800.7
2024-03-10 07:00:00,7.9,76.2,9.6,754.5
2024-03-10 08:00:00,13.7,71.5,9.0,579.9
2024-03-10 09:00:00,9.7,78.8,9.0,699.1
2024-03-10 10:00:00,6.8,76.0,12.8,768.4
2024-03-10 11:00:00,8.3,73.7,18.9,742.7
2024-03-10 12:00:00,12.3,81.7,9.3,655.3
2024-03-10 13:00:00,11.5,70.0,8.1,662.3
2024-03-10 14:00:00,9.1,74.1,8.1,725.6
2024-03-10 15:00:00,8.7,81.3,12.3,684.3
2024-03-10 16:00:00,8.7,77.8,10.4,696.2
2024-03-10 17:00:00,7.1,75.9,12.6,689.6
2024-03-10 18:00:00,14.7,77.4,11.6,565.2
2024-03-10 19:00:00,8.9,77.1,15.1,582.3
2024-03-10 20:00:00,13.5,68.6,14.5,522.3
2024-03-10 21:00:00,14.5,74.4,12.7,464.5
2024-03-10 22:00:00,12.9,84.2,9.9,500.5
2024-03-10 23:00:00,8.6,72.8,9.1,583.4
2024-03-11 00:00:00,11.1,74.5,10.1,507.8
2024-03-11 01:00:00,9.9,73.4,10.1,531.8
2024-03-11 02:00:00,7.2,75.7,10.8,605.9
2024-03-11 03:00:00,10.9,73.2,8.6,489.4
2024-03-11 04:00:00,6.4,78.5,11.2,687.9
2024-03-11 05:00:00,13.6,77.1,9.8,514.3
2024-03-11 06:00:00,8.6,79.9,10.9,670.2
2024-03-11 07:00:00,10.6,70.8,8.8,654.2
2024-03-11 08:00:00,10.9,74.3,9.7,626.8
2024-03-11 09:00:00,9.3,74.9,8.7,730.9
2024-03-11 10:00:00,11.8,78.3,14.2,694.5
2024-03-11 11:00:00,8.6,72.1,10.0,792.8
2024-03-11 12:00:00,12.7,80.6,8.8,689.0
2024-03-11 13:00:00,6.0,81.9,8.1,790.4
2024-03-11 14:00:00,10.5,71.0,11.4,679.5
2024-03-11 15:00:00,15.9,73.5,8.7,568.6
2024-03-11 16:00:00,7.1,73.3,21.7,710.3
2024-03-11 17:00:00,8.1,89.1,10.3,675.9
2024-03-11 18:00:00,11.7,73.8,9.0,600.4
2024-03-11 19:00:00,10.7,84.3,11.2,543.3
2024-03-11 20:00:00,11.2,69.6,9.0,539.7
2024-03-11 21:00:00,11.6,71.0,13.1,538.3
2024-03-11 22:00:00,12.1,72.5,9.1,520.3
2024-03-11 23:00:00,13.5,71.7,21.3,417.3
2024-03-12 00:00:00,11.4,74.6,10.8,517.5
2024-03-12 01:00:00,9.5,72.4,13.6,520.9
2024-03-12 02:00:00,12.2,71.8,8.2,492.2
2024-03-12 03:00:00,15.9,81.7,9.3,412.6
2024-03-12 04:00:00,9.8,82.0,12.0,618.6
2024-03-12 05:00:00,7.3,80.6,11.2,648.6
2024-03-12 06:00:00,13.6,78.5,8.6,526.4
2024-03-12 07:00:00,9.9,76.3,9.3,657.0
2024-03-12 08:00:00,3.7,73.3,8.9,808.4
2024-03-12 09:00:00,12.8,71.1,10.9,684.2
2024-03-12 10:00:00,8.7,77.6,9.3,718.7
2024-03-12 11:00:00,10.0,69.9,9.1,711.6
2024-03-12 12:00:00,11.3,70.8,8.7,676.7
2024-03-12 13:00:00,10.9,81.6,9.6,721.8
2024-03-12 14:00:00,12.5,85.3,8.7,651.3
2024-03-12 15:00:00,9.0,77.7,17.9,679.1
2024-03-12 16:00:00,11.9,81.3,8.5,641.3
2024-03-12 17:00:00,9.6,74.5,15.3,613.3
2024-03-12 18:00:00,12.6,69.1,9.7,626.6
2024-03-12 19:00:00,12.2,78.8,9.4,619.7
2024-03-12 20:00:00,7.6,78.6,8.8,599.1
2024-03-12 21:00:00,13.7,76.1,11.0,458.0
2024-03-12 22:00:00,8.8,74.5,11.5,561.1
2024-03-12 23:00:00,12.8,80.5,9.9,470.2
2024-03-13 00:00:00,11.5,70.8,8.2,528.0
2024-03-13 01:00:00,16.0,71.8,15.5,428.8
2024-03-13 02:00:00,9.8,70.6,19.8,548.7
2024-03-13 03:00:00,9.4,76.1,9.7,560.5
2024-03-13 04:00:00,10.4,70.2,10.9,538.4
2024-03-13 05:00:00,9.6,72.2,9.8,604.5
2024-03-13 06:00:00,12.9,72.1,9.2,602.9
2024-03-13 07:00:00,5.6,74.3,8.2,730.4
2024-03-13 08:00:00,7.3,68.2,9.8,715.1
2024-03-13 09:00:00,7.3,76.0,13.1,711.3
2024-03-13 10:00:00,13.4,81.8,8.1,696.9
2024-03-13 11:00:00,15.7,76.3,10.6,681.1
2024-03-13 12:00:00,10.2,83.3,14.4,705.6
2024-03-13 13:00:00,10.1,82.2,8.7,713.1
2024-03-13 14:00:00,10.8,79.5,8.6,736.8
2024-03-13 15:00:00,14.1,75.9,12.4,602.8
2024-03-13 16:00:00,7.8,75.7,8.9,724.9
2024-03-13 17:00:00,11.3,79.4,8.6,609.1
2024-03-13 18:00:00,13.5,73.6,9.4,623.5
2024-03-13 19:00:00,12.1,66.1,9.5,558.7
2024-03-13 20:00:00,11.2,78.0,14.2,588.7
2024-03-13 21:00:00,13.6,69.8,10.9,473.7
2024-03-13 22:00:00,2.5,70.7,9.6,655.1
2024-03-13 23:00:00,12.7,75.5,10.3,476.8
2024-03-14 00:00:00,8.7,75.0,17.2,547.3
2024-03-14 01:00:00,5.2,68.4,8.4,597.7
2024-03-14 02:00:00,12.2,76.3,8.7,522.6
2024-03-14 03:00:00,14.8,80.3,17.9,484.6
2024-03-14 04:00:00,10.3,69.8,17.5,497.7
2024-03-14 05:00:00,13.6,81.8,8.6,564.5
2024-03-14 06:00:00,15.6,67.6,8.5,523.0
2024-03-14 07:00:00,14.7,86.0,9.6,580.6
2024-03-14 08:00:00,15.7,73.3,8.2,648.2
2024-03-14 09:00:00,13.0,76.1,11.2,701.2
2024-03-14 10:00:00,11.0,65.9,8.2,667.1
2024-03-14 11:00:00,6.0,75.1,8.2,808.7
2024-03-14 12:00:00,10.1,76.5,10.0,700.8
2024-03-14 13:00:00,8.3,74.9,17.5,735.4
2024-03-14 14:00:00,17.3,72.5,9.7,610.4
2024-03-14 15:00:00,10.3,70.6,9.3,629.6
2024-03-14 16:00:00,11.2,81.0,26.6,655.2
2024-03-14 17:00:00,12.5,75.5,10.3,617.2
2024-03-14 18:00:00,11.0,83.0,9.4,586.3
2024-03-14 19:00:00,16.0,72.7,9.5,556.2
2024-03-14 20:00:00,9.0,73.1,8.7,570.1
2024-03-14 21:00:00,11.5,79.4,10.2,508.0
2024-03-14 22:00:00,8.7,67.2,9.7,565.4
2024-03-14 23:00:00,7.0,69.2,8.9,528.0
2024-03-15 00:00:00,9.1,80.7,8.5,562.9
2024-03-15 01:00:00,10.8,69.4,9.1,493.5
2024-03-15 02:00:00,9.7,66.1,10.1,561.8
2024-03-15 03:00:00,8.9,84.6,8.2,609.2
2024-03-15 04:00:00,6.7,68.3,8.5,643.9
2024-03-15 05:00:00,10.7,76.1,16.8,556.7
2024-03-15 06:00:00,6.5,75.5,10.3,646.7
2024-03-15 07:00:00,13.3,61.1,8.2,549.6
2024-03-15 08:00:00,11.3,73.8,11.5,681.2
2024-03-15 09:00:00,6.6,77.4,8.2,748.1
2024-03-15 10:00:00,10.1,76.9,12.0,685.6
2024-03-15 11:00:00,8.8,79.7,12.2,733.2
2024-03-15 12:00:00,12.0,73.2,11.2,720.2
2024-03-15 13:00:00,15.1,78.7,12.0,678.7
2024-03-15 14:00:00,5.4,71.7,8.3,805.2
2024-03-15 15:00:00,11.4,68.1,11.9,682.8
2024-03-15 16:00:00,10.6,68.6,8.4,660.3
2024-03-15 17:00:00,13.1,67.8,9.2,606.8
2024-03-15 18:00:00,11.7,80.1,16.6,601.2
2024-03-15 19:00:00,8.9,67.5,10.1,607.1
2024-03-15 20:00:00,10.2,76.4,18.3,588.1
2024-03-15 21:00:00,8.8,73.7,8.3,578.2
2024-03-15 22:00:00,14.4,74.5,9.9,449.5
2024-03-15 23:00:00,11.2,81.9,8.2,521.8
2024-03-16 00:00:00,16.9,72.8,11.0,451.7
2024-03-16 01:00:00,11.0,78.1,8.2,525.6
2024-03-16 02:00:00,9.1,75.2,8.6,543.5
2024-03-16 03:00:00,6.7,74.2,8.9,633.1
2024-03-16 04:00:00,5.8,86.5,12.1,652.7
2024-03-16 05:00:00,6.5,67.8,8.5,676.2
2024-03-16 06:00:00,12.0,81.4,13.6,577.8
2024-03-16 07:00:00,12.8,78.2,8.4,595.2
2024-03-16 08:00:00,6.5,72.6,8.1,749.9
2024-03-16 09:00:00,13.9,83.1,9.5,631.6
2024-03-16 10:00:00,9.8,65.7,19.7,768.5
2024-03-16 11:00:00,11.7,72.3,8.4,704.5
2024-03-16 12:00:00,16.1,68.9,8.3,647.2
2024-03-16 13:00:00,14.0,77.0,12.2,688.5
2024-03-16 14:00:00,10.5,69.3,9.1,678.9
2024-03-16 15:00:00,8.7,77.1,11.8,739.9
2024-03-16 16:00:00,4.9,73.9,8.7,796.7
2024-03-16 17:00:00,9.2,72.5,9.8,693.2
2024-03-16 18:00:00,10.7,76.8,8.9,594.0
2024-03-16 19:00:00,8.4,73.5,9.8,581.7
2024-03-16 20:00:00,11.0,69.4,12.4,531.4
2024-03-16 21:00:00,11.6,88.8,12.3,521.5
2024-03-16 22:00:00,10.7,72.4,10.2,568.4
2024-03-16 23:00:00,9.5,63.7,15.9,590.0
2024-03-17 00:00:00,11.9,70.6,8.9,497.8
2024-03-17 01:00:00,12.8,68.5,8.8,479.9
2024-03-17 02:00:00,8.2,78.9,10.9,554.3
2024-03-17 03:00:00,15.7,76.4,10.9,507.1
2024-03-17 04:00:00,11.2,76.8,8.1,616.5
2024-03-17 05:00:00,11.5,72.9,10.8,621.6
2024-03-17 06:00:00,13.6,73.3,9.4,603.5
2024-03-17 07:00:00,12.2,72.9,12.1,644.8
2024-03-17 08:00:00,14.4,74.3,13.0,637.6
2024-03-17 09:00:00,12.4,78.9,10.4,655.2
2024-03-17 10:00:00,9.7,76.4,8.0,687.8
2024-03-17 11:00:00,12.6,77.2,11.0,678.1
2024-03-17 12:00:00,8.1,77.2,12.1,764.3
2024-03-17 13:00:00,11.9,79.1,8.9,645.3
2024-03-17 14:00:00,11.5,76.1,9.9,678.3
2024-03-17 15:00:00,11.0,76.5,18.1,649.6
2024-03-17 16:00:00,11.2,80.6,9.1,682.6
2024-03-17 17:00:00,6.0,71.3,8.8,702.9
2024-03-17 18:00:00,10.0,70.3,8.7,625.6
2024-03-17 19:00:00,11.9,68.7,10.5,540.0
2024-03-17 20:00:00,12.1,75.5,17.0,585.5
2024-03-17 21:00:00,8.6,65.3,10.8,515.7
2024-03-17 22:00:00,15.4,76.9,9.1,482.7
2024-03-17 23:00:00,9.1,74.0,11.1,497.8
2024-03-18 00:00:00,14.6,80.2,10.9,448.3
2024-03-18 01:00:00,13.0,71.2,10.7,484.8
2024-03-18 02:00:00,9.8,73.5,8.5,541.8
2024-03-18 03:00:00,17.0,80.2,11.0,483.3
2024-03-18 04:00:00,8.1,81.4,9.7,608.0
2024-03-18 05:00:00,14.5,71.1,8.1,514.8
2024-03-18 06:00:00,14.7,75.4,10.3,555.0
2024-03-18 07:00:00,9.7,76.0,21.6,649.1
2024-03-18 08:00:00,15.9,76.4,9.3,607.3
2024-03-18 09:00:00,11.0,73.2,18.1,669.9
2024-03-18 10:00:00,12.6,80.9,8.3,692.2
2024-03-18 11:00:00,12.6,65.0,12.0,676.1
2024-03-18 12:00:00,11.4,72.3,8.4,701.5
2024-03-18 13:00:00,14.2,76.7,9.0,650.0
2024-03-18 14:00:00,14.2,76.7,10.5,620.3
2024-03-18 15:00:00,6.6,81.2,10.7,759.9
2024-03-18 16:00:00,15.8,80.4,12.5,640.9
2024-03-18 17:00:00,6.9,73.0,10.9,713.8
2024-03-18 18:00:00,15.0,80.9,10.7,536.3
2024-03-18 19:00:00,15.3,70.8,15.3,552.0
2024-03-18 20:00:00,8.6,79.0,9.8,583.3
2024-03-18 21:00:00,10.7,83.4,8.8,562.2
2024-03-18 22:00:00,8.6,80.4,8.5,546.8
2024-03-18 23:00:00,11.3,74.9,9.5,512.4
2024-03-19 00:00:00,11.0,72.7,11.7,485.6
2024-03-19 01:00:00,14.3,66.7,8.1,448.2
2024-03-19 02:00:00,15.9,75.9,8.4,418.0
2024-03-19 03:00:00,16.1,68.7,8.3,490.9
2024-03-19 04:00:00,10.3,70.3,10.6,571.9
2024-03-19 05:00:00,11.3,68.3,8.8,581.0
2024-03-19 06:00:00,6.9,72.0,8.5,680.8
2024-03-19 07:00:00,9.6,74.1,10.7,626.9
2024-03-19 08:00:00,14.9,75.6,12.3,637.6
2024-03-19 09:00:00,16.9,71.2,9.2,644.0
2024-03-19 10:00:00,8.3,79.6,10.6,711.8
2024-03-19 11:00:00,10.3,73.2,8.3,725.0
2024-03-19 12:00:00,12.0,70.3,16.2,713.0
2024-03-19 13:00:00,12.9,75.3,9.2,660.5
2024-03-19 14:00:00,9.6,84.0,26.0,705.6
2024-03-19 15:00:00,13.4,75.9,19.5,660.0
2024-03-19 16:00:00,10.7,72.4,12.5,610.5
2024-03-19 17:00:00,12.1,66.5,8.1,576.9
2024-03-19 18:00:00,13.8,73.1,10.4,538.1
2024-03-19 19:00:00,12.1,75.3,8.3,507.3
2024-03-19 20:00:00,10.8,72.2,14.8,586.0
2024-03-19 21:00:00,11.8,65.8,12.7,456.1
2024-03-19 22:00:00,11.9,69.9,18.8,511.2
2024-03-19 23:00:00,11.1,81.4,10.8,532.4
2024-03-20 00:00:00,11.4,81.3,10.2,491.0
2024-03-20 01:00:00,17.0,69.6,10.2,425.5
2024-03-20 02:00:00,13.9,77.4,9.5,489.1
2024-03-20 03:00:00,11.3,68.2,9.9,523.7
2024-03-20 04:00:00,14.3,81.1,11.0,546.5
2024-03-20 05:00:00,11.2,75.3,16.1,494.5
2024-03-20 06:00:00,15.8,78.8,10.7,526.2
2024-03-20 07:00:00,13.4,65.4,13.8,610.7
2024-03-20 08:00:00,11.9,77.4,14.0,642.2
2024-03-20 09:00:00,13.6,74.0,10.2,662.9
2024-03-20 10:00:00,7.6,78.2,9.3,757.2
2024-03-20 11:00:00,8.9,78.6,11.1,730.2
2024-03-20 12:00:00,8.7,74.3,9.8,729.8
2024-03-20 13:00:00,12.7,71.0,8.3,744.0
2024-03-20 14:00:00,17.5,77.8,9.4,676.5
2024-03-20 15:00:00,19.0,73.6,23.4,623.1
2024-03-20 16:00:00,14.3,69.6,8.1,613.5
2024-03-20 17:00:00,13.9,69.3,11.6,606.9
2024-03-20 18:00:00,7.0,66.5,13.5,694.0
2024-03-20 19:00:00,10.7,71.3,11.1,590.8
2024-03-20 20:00:00,10.0,79.4,10.5,546.8
2024-03-20 21:00:00,10.5,74.8,11.7,591.9
2024-03-20 22:00:00,11.9,71.2,9.7,508.8
2024-03-20 23:00:00,11.0,77.9,8.3,567.5
2024-03-21 00:00:00,6.5,69.7,17.8,586.4
2024-03-21 01:00:00,14.7,74.3,9.7,455.8
2024-03-21 02:00:00,9.2,72.9,11.3,584.1
2024-03-21 03:00:00,13.2,77.7,10.3,514.4
2024-03-21 04:00:00,18.7,65.9,8.2,488.3
2024-03-21 05:00:00,9.7,69.5,17.2,557.3
2024-03-21 06:00:00,4.9,65.6,12.7,734.9
2024-03-21 07:00:00,11.6,72.5,8.5,603.1
2024-03-21 08:00:00,15.8,79.8,20.0,590.5
2024-03-21 09:00:00,18.4,71.2,12.0,593.7
2024-03-21 10:00:00,8.8,71.2,9.9,734.9
2024-03-21 11:00:00,14.0,78.1,10.8,618.0
2024-03-21 12:00:00,11.2,79.1,8.3,695.7
2024-03-21 13:00:00,12.3,73.3,10.5,710.7
2024-03-21 14:00:00,20.5,77.1,8.2,588.0
2024-03-21 15:00:00,8.1,68.3,10.4,723.7
2024-03-21 16:00:00,13.4,80.6,10.4,606.6
2024-03-21 17:00:00,14.0,84.4,14.2,584.6
2024-03-21 18:00:00,15.9,76.3,11.9,601.4
2024-03-21 19:00:00,12.9,63.2,8.9,496.2
2024-03-21 20:00:00,13.6,70.8,14.6,541.5
2024-03-21 21:00:00,11.5,76.7,10.6,511.4
2024-03-21 22:00:00,13.5,71.5,10.8,467.4
2024-03-21 23:00:00,11.6,80.0,8.6,465.9
2024-03-22 00:00:00,14.6,76.5,13.9,484.6
2024-03-22 01:00:00,11.6,70.0,16.0,489.3
2024-03-22 02:00:00,13.8,73.7,12.5,471.1
2024-03-22 03:00:00,12.6,69.1,16.5,510.6
2024-03-22 04:00:00,16.1,72.6,9.1,493.3
2024-03-22 05:00:00,12.6,70.8,13.9,493.5
2024-03-22 06:00:00,7.4,79.4,10.0,651.4
2024-03-22 07:00:00,16.5,84.1,8.5,604.3
2024-03-22 08:00:00,10.1,66.4,11.3,617.1
2024-03-22 09:00:00,10.8,63.9,11.5,637.4
2024-03-22 10:00:00,11.0,72.3,9.0,674.7
2024-03-22 11:00:00,16.9,65.9,8.1,615.3
2024-03-22 12:00:00,6.4,73.7,8.7,783.8
2024-03-22 13:00:00,22.2,77.2,9.5,606.4
2024-03-22 14:00:00,16.0,80.9,8.6,628.2
2024-03-22 15:00:00,13.5,74.4,8.6,640.1
2024-03-22 16:00:00,12.7,72.5,9.5,648.4
2024-03-22 17:00:00,13.7,63.5,17.8,626.5
2024-03-22 18:00:00,14.4,73.5,12.3,553.6
2024-03-22 19:00:00,14.8,73.7,9.2,589.1
2024-03-22 20:00:00,14.6,76.6,17.1,506.4
2024-03-22 21:00:00,13.2,69.8,11.1,526.3
2024-03-22 22:00:00,12.3,71.2,9.8,554.0
2024-03-22 23:00:00,12.5,66.0,9.9,485.9
2024-03-23 00:00:00,12.4,61.9,9.6,436.5
2024-03-23 01:00:00,16.4,67.8,8.8,450.7
2024-03-23 02:00:00,14.7,65.5,9.5,449.9
2024-03-23 03:00:00,4.2,75.0,10.3,659.5
2024-03-23 04:00:00,15.0,70.7,10.3,565.3
2024-03-23 05:00:00,13.6,70.6,12.3,505.7
2024-03-23 06:00:00,12.9,68.4,9.3,583.0
2024-03-23 07:00:00,11.8,57.1,11.8,581.2
2024-03-23 08:00:00,16.4,80.8,10.6,591.5
2024-03-23 09:00:00,15.9,68.2,17.8,640.8
2024-03-23 10:00:00,10.7,71.2,9.5,700.5
2024-03-23 11:00:00,14.3,65.9,14.9,649.0
2024-03-23 12:00:00,10.2,78.1,13.2,697.1
2024-03-23 13:00:00,8.9,73.9,11.0,740.9
2024-03-23 14:00:00,11.2,69.1,11.2,734.2
2024-03-23 15:00:00,15.7,71.2,8.3,594.2
2024-03-23 16:00:00,16.0,81.6,17.0,661.1
2024-03-23 17:00:00,14.7,72.8,8.3,621.1
2024-03-23 18:00:00,15.3,72.2,10.5,594.8
2024-03-23 19:00:00,14.7,68.4,9.2,540.1
2024-03-23 20:00:00,11.2,63.6,9.7,578.5
2024-03-23 21:00:00,14.5,72.3,10.8,459.7
2024-03-23 22:00:00,15.6,74.7,15.2,446.4
2024-03-23 23:00:00,15.4,78.6,9.8,482.2
2024-03-24 00:00:00,16.8,61.8,21.2,448.2
2024-03-24 01:00:00,15.3,67.4,10.7,450.1
2024-03-24 02:00:00,14.3,70.2,8.5,399.6
2024-03-24 03:00:00,16.4,73.0,8.6,462.9
2024-03-24 04:00:00,13.2,72.3,11.8,488.4
2024-03-24 05:00:00,10.6,72.4,8.2,595.8
2024-03-24 06:00:00,12.8,75.1,10.0,573.6
2024-03-24 07:00:00,11.0,68.5,8.5,605.5
2024-03-24 08:00:00,11.3,77.7,9.7,729.3
2024-03-24 09:00:00,12.9,75.1,12.2,680.2
2024-03-24 10:00:00,10.9,71.4,9.8,719.8
2024-03-24 11:00:00,12.4,81.0,8.5,749.5
2024-03-24 12:00:00,7.6,80.7,8.9,786.6
2024-03-24 13:00:00,14.0,77.6,9.4,641.3
2024-03-24 14:00:00,13.4,57.8,8.2,624.3
2024-03-24 15:00:00,10.9,80.8,10.6,706.2
2024-03-24 16:00:00,15.3,76.9,10.8,544.0
2024-03-24 17:00:00,16.2,82.9,8.2,576.6
2024-03-24 18:00:00,8.6,79.1,9.5,579.0
2024-03-24 19:00:00,11.1,80.8,9.6,580.7
2024-03-24 20:00:00,11.1,77.3,9.2,577.6
2024-03-24 21:00:00,10.6,79.6,10.4,548.1
2024-03-24 22:00:00,15.9,82.8,9.3,496.3
2024-03-24 23:00:00,12.9,73.9,9.6,540.1
2024-03-25 00:00:00,12.7,65.0,12.8,471.3
2024-03-25 01:00:00,7.5,71.3,8.5,649.2
2024-03-25 02:00:00,15.4,74.7,10.9,474.2
2024-03-25 03:00:00,9.8,73.2,10.1,578.1
2024-03-25 04:00:00,13.7,66.5,9.1,496.9
2024-03-25 05:00:00,14.3,64.6,11.9,580.6
2024-03-25 06:00:00,17.6,69.0,10.4,570.4
2024-03-25 07:00:00,9.6,76.8,9.9,694.9
2024-03-25 08:00:00,4.5,80.6,11.3,784.6
2024-03-25 09:00:00,14.1,77.3,12.9,599.5
2024-03-25 10:00:00,19.0,78.0,18.8,640.3
2024-03-25 11:00:00,17.3,72.3,11.0,587.7
2024-03-25 12:00:00,14.2,64.0,14.2,648.7
2024-03-25 13:00:00,12.1,70.4,8.0,687.2
2024-03-25 14:00:00,16.0,71.4,10.3,706.2
2024-03-25 15:00:00,10.7,70.2,8.7,684.6
2024-03-25 16:00:00,15.1,72.9,8.3,610.2
2024-03-25 17:00:00,15.2,74.8,10.3,580.2
2024-03-25 18:00:00,16.8,76.9,12.1,506.2
2024-03-25 19:00:00,21.9,71.2,9.6,515.3
2024-03-25 20:00:00,14.8,63.1,11.3,505.9
2024-03-25 21:00:00,12.2,70.2,10.0,484.6
2024-03-25 22:00:00,13.6,72.8,9.7,446.8
2024-03-25 23:00:00,8.4,78.7,9.0,536.1
2024-03-26 00:00:00,11.6,69.7,9.4,492.9
2024-03-26 01:00:00,12.5,75.1,9.3,472.3
2024-03-26 02:00:00,12.2,74.0,11.1,468.0
2024-03-26 03:00:00,14.2,72.7,8.4,501.3
2024-03-26 04:00:00,11.3,77.2,8.3,565.5
2024-03-26 05:00:00,17.1,69.2,11.2,519.0
2024-03-26 06:00:00,13.8,69.6,10.4,548.9
2024-03-26 07:00:00,13.8,72.4,9.7,611.1
2024-03-26 08:00:00,12.8,69.3,8.5,620.2
2024-03-26 09:00:00,14.3,75.0,9.6,598.8
2024-03-26 10:00:00,16.3,68.9,12.7,663.1
2024-03-26 11:00:00,11.2,73.6,14.6,705.5
2024-03-26 12:00:00,11.9,71.9,11.6,685.3
2024-03-26 13:00:00,12.9,73.5,8.2,626.1
2024-03-26 14:00:00,9.8,70.1,11.3,682.2
2024-03-26 15:00:00,11.4,70.7,8.8,725.6
2024-03-26 16:00:00,12.5,72.9,9.1,586.7
2024-03-26 17:00:00,16.5,73.4,8.7,564.7
2024-03-26 18:00:00,14.7,72.3,12.5,558.2
2024-03-26 19:00:00,14.5,80.9,11.1,548.4
2024-03-26 20:00:00,16.5,67.4,10.8,448.7
2024-03-26 21:00:00,13.5,72.0,11.3,504.1
2024-03-26 22:00:00,15.1,64.4,8.8,414.1
2024-03-26 23:00:00,13.6,74.2,9.8,475.7
2024-03-27 00:00:00,14.8,66.7,11.0,435.7
2024-03-27 01:00:00,12.2,70.9,11.0,461.2
2024-03-27 02:00:00,6.7,70.4,12.7,615.7
2024-03-27 03:00:00,13.6,73.7,9.0,491.8
2024-03-27 04:00:00,18.3,69.5,12.4,501.3
2024-03-27 05:00:00,16.8,69.2,9.7,532.1
2024-03-27 06:00:00,16.9,79.4,11.3,585.3
2024-03-27 07:00:00,17.8,73.6,9.8,530.5
2024-03-27 08:00:00,14.3,69.4,16.9,638.1
2024-03-27 09:00:00,14.7,70.9,8.6,629.5
2024-03-27 10:00:00,12.2,80.4,11.4,663.8
2024-03-27 11:00:00,13.1,71.0,10.6,635.3
2024-03-27 12:00:00,15.9,68.7,8.6,665.7
2024-03-27 13:00:00,17.7,68.7,8.2,607.4
2024-03-27 14:00:00,13.7,69.4,12.8,668.6
2024-03-27 15:00:00,12.8,69.1,8.5,704.8
2024-03-27 16:00:00,14.1,65.7,8.6,639.7
2024-03-27 17:00:00,16.0,66.5,19.5,614.0
2024-03-27 18:00:00,9.8,67.9,11.8,595.1
2024-03-27 19:00:00,7.3,75.0,8.9,663.9
2024-03-27 20:00:00,12.5,70.1,10.7,495.4
2024-03-27 21:00:00,10.5,71.0,10.3,529.5
2024-03-27 22:00:00,12.7,78.4,13.6,547.7
2024-03-27 23:00:00,13.8,78.5,11.9,455.5
2024-03-28 00:00:00,12.9,70.6,13.3,509.4
2024-03-28 01:00:00,18.6,68.8,8.7,469.9
2024-03-28 02:00:00,15.2,67.7,11.1,497.7
2024-03-28 03:00:00,15.2,75.4,8.1,447.7
2024-03-28 04:00:00,16.1,70.9,8.2,513.2
2024-03-28 05:00:00,10.9,70.0,11.8,571.2
2024-03-28 06:00:00,17.4,67.9,8.1,572.0
2024-03-28 07:00:00,14.1,68.1,10.6,538.4
2024-03-28 08:00:00,16.3,73.5,13.5,608.6
2024-03-28 09:00:00,11.1,65.3,9.4,673.4
2024-03-28 10:00:00,9.7,76.9,8.1,650.7
2024-03-28 11:00:00,16.8,69.2,11.8,612.8
2024-03-28 12:00:00,15.5,71.1,16.0,597.0
2024-03-28 13:00:00,11.7,65.2,11.8,663.0
2024-03-28 14:00:00,11.8,71.8,10.6,693.2
2024-03-28 15:00:00,17.8,70.2,8.8,615.7
2024-03-28 16:00:00,10.8,71.6,8.0,658.1
2024-03-28 17:00:00,19.3,79.2,11.6,534.6
2024-03-28 18:00:00,11.7,72.7,8.8,624.8
2024-03-28 19:00:00,16.3,67.8,13.9,518.1
2024-03-28 20:00:00,13.5,68.2,9.9,519.4
2024-03-28 21:00:00,16.3,74.7,10.3,506.1
2024-03-28 22:00:00,12.8,78.2,12.2,463.9
2024-03-28 23:00:00,14.0,73.2,12.5,475.8
2024-03-29 00:00:00,14.6,75.2,11.1,473.6
2024-03-29 01:00:00,11.5,74.8,16.4,482.4
2024-03-29 02:00:00,16.7,78.8,20.1,480.9
2024-03-29 03:00:00,13.0,61.9,16.8,514.0
2024-03-29 04:00:00,13.8,75.0,13.2,514.8
2024-03-29 05:00:00,11.6,76.6,11.7,565.5
2024-03-29 06:00:00,6.9,65.0,11.3,686.3
2024-03-29 07:00:00,14.0,67.2,8.3,612.1
2024-03-29 08:00:00,21.8,67.4,9.0,588.2
2024-03-29 09:00:00,16.9,68.0,8.0,645.8
2024-03-29 10:00:00,14.5,69.2,8.4,664.9
2024-03-29 11:00:00,13.8,72.8,9.7,610.0
2024-03-29 12:00:00,14.7,75.9,8.5,618.5
2024-03-29 13:00:00,16.3,77.0,15.0,681.7
2024-03-29 14:00:00,11.1,67.4,12.9,676.4
2024-03-29 15:00:00,18.0,67.3,8.2,612.5
2024-03-29 16:00:00,16.8,78.1,8.9,631.4
2024-03-29 17:00:00,16.8,74.8,13.1,571.2
2024-03-29 18:00:00,16.0,71.9,12.9,549.9
2024-03-29 19:00:00,14.7,73.9,16.7,507.1
2024-03-29 20:00:00,16.7,71.3,26.0,505.4
2024-03-29 21:00:00,16.5,74.1,19.2,493.8
2024-03-29 22:00:00,13.7,69.8,9.6,463.1
2024-03-29 23:00:00,13.0,72.8,8.9,451.2
2024-03-30 00:00:00,15.0,63.9,12.3,530.4
2024-03-30 01:00:00,19.4,68.0,9.1,434.9
2024-03-30 02:00:00,11.0,68.0,12.9,491.0
2024-03-30 03:00:00,10.4,69.5,10.3,559.4
2024-03-30 04:00:00,15.3,66.8,12.7,499.7
2024-03-30 05:00:00,14.9,68.7,9.0,496.3
2024-03-30 06:00:00,15.3,63.8,10.1,563.9
2024-03-30 07:00:00,15.5,74.1,10.5,553.2
2024-03-30 08:00:00,14.2,70.9,16.6,660.1
2024-03-30 09:00:00,19.3,62.8,8.9,617.3
2024-03-30 10:00:00,10.0,67.2,16.3,691.1
2024-03-30 11:00:00,12.4,73.0,12.9,682.9
2024-03-30 12:00:00,14.6,68.6,11.9,685.1
2024-03-30 13:00:00,10.0,67.8,12.6,716.8
2024-03-30 14:00:00,14.4,70.9,10.8,711.1
2024-03-30 15:00:00,19.9,73.0,8.8,641.3
2024-03-30 16:00:00,15.0,64.1,8.6,616.9
2024-03-30 17:00:00,15.6,74.0,14.0,550.1
2024-03-30 18:00:00,11.2,67.2,11.9,591.8
2024-03-30 19:00:00,13.1,71.1,8.7,562.2
2024-03-30 20:00:00,13.8,71.0,10.9,491.3
2024-03-30 21:00:00,14.0,68.6,9.8,531.0
2024-03-30 22:00:00,18.8,66.1,8.5,418.3
2024-03-30 23:00:00,16.7,69.7,10.3,428.1
2024-03-31 00:00:00,11.7,79.3,9.0,478.3
2024-03-31 01:00:00,15.8,64.3,8.3,472.3
2024-03-31 02:00:00,16.5,79.6,9.9,438.8
2024-03-31 03:00:00,18.5,69.8,10.7,412.1
2024-03-31 04:00:00,19.8,71.3,8.1,518.3
2024-03-31 05:00:00,12.0,65.7,9.5,544.7
2024-03-31 06:00:00,12.6,67.2,8.9,545.0
2024-03-31 07:00:00,11.3,68.6,8.1,598.0
2024-03-31 08:00:00,14.4,65.8,8.4,659.7
2024-03-31 09:00:00,16.5,70.0,8.4,595.8
2024-03-31 10:00:00,18.1,69.0,8.6,620.4
2024-03-31 11:00:00,14.9,80.3,12.9,644.2
2024-03-31 12:00:00,14.2,65.2,9.7,622.8
2024-03-31 13:00:00,15.6,71.5,8.5,625.6
2024-03-31 14:00:00,12.6,72.2,8.3,627.0
2024-03-31 15:00:00,21.4,65.6,9.1,633.8
2024-03-31 16:00:00,10.3,74.4,12.8,664.7
2024-03-31 17:00:00,15.7,69.0,9.4,649.4
2024-03-31 18:00:00,21.3,58.5,8.5,509.3
2024-03-31 19:00:00,15.2,74.2,9.6,503.7
2024-03-31 20:00:00,14.6,65.3,10.4,551.6
2024-03-31 21:00:00,14.2,65.7,8.1,521.2
2024-03-31 22:00:00,14.7,74.3,11.0,484.6
2024-03-31 23:00:00,19.4,69.2,9.5,404.9
2024-04-01 00:00:00,8.6,75.5,8.0,593.6
2024-04-01 01:00:00,19.9,76.9,11.4,439.7
2024-04-01 02:00:00,11.0,67.6,11.7,499.0
2024-04-01 03:00:00,14.5,74.8,11.0,525.3
2024-04-01 04:00:00,14.0,67.1,9.3,511.5
2024-04-01 05:00:00,17.1,82.0,10.3,487.0
2024-04-01 06:00:00,10.5,67.3,9.5,606.6
2024-04-01 07:00:00,16.7,75.9,11.6,549.0
2024-04-01 08:00:00,21.4,75.0,10.6,498.8
2024-04-01 09:00:00,11.3,72.4,8.3,641.5
2024-04-01 10:00:00,15.9,67.4,11.1,617.7
2024-04-01 11:00:00,13.4,70.0,11.5,631.9
2024-04-01 12:00:00,16.7,60.0,9.4,656.1
2024-04-01 13:00:00,15.5,71.8,14.3,625.7
2024-04-01 14:00:00,13.5,72.5,13.6,671.1
2024-04-01 15:00:00,16.9,71.4,8.6,577.2
2024-04-01 16:00:00,20.8,55.8,15.0,605.8
2024-04-01 17:00:00,14.9,64.3,9.7,540.8
2024-04-01 18:00:00,17.6,66.9,11.9,467.8
2024-04-01 19:00:00,11.6,72.1,13.0,604.0
2024-04-01 20:00:00,12.6,72.1,10.1,504.1
2024-04-01 21:00:00,16.9,69.8,9.5,524.6
2024-04-01 22:00:00,19.9,73.8,15.4,467.2
2024-04-01 23:00:00,16.6,65.5,8.8,469.2
2024-04-02 00:00:00,14.6,73.6,8.9,491.7
2024-04-02 01:00:00,15.5,72.9,9.3,459.3
2024-04-02 02:00:00,11.8,72.5,13.9,507.3
2024-04-02 03:00:00,17.4,69.6,16.4,508.1
2024-04-02 04:00:00,18.2,79.7,8.7,495.8
2024-04-02 05:00:00,14.2,73.0,14.0,515.6
2024-04-02 06:00:00,14.2,65.7,8.9,577.6
2024-04-02 07:00:00,16.4,71.7,18.6,508.8
2024-04-02 08:00:00,14.3,74.3,10.7,652.8
2024-04-02 09:00:00,15.4,67.5,8.0,661.5
2024-04-02 10:00:00,21.9,75.9,8.1,663.5
2024-04-02 11:00:00,14.9,72.4,8.5,688.4
2024-04-02 12:00:00,14.6,58.7,8.6,650.4
2024-04-02 13:00:00,13.7,71.9,12.4,661.0
2024-04-02 14:00:00,17.9,68.4,8.8,587.4
2024-04-02 15:00:00,15.1,73.1,18.4,678.6
2024-04-02 16:00:00,13.7,75.1,11.0,604.4
2024-04-02 17:00:00,19.7,71.4,11.5,571.8
2024-04-02 18:00:00,20.0,78.7,8.7,547.0
2024-04-02 19:00:00,13.9,69.5,14.7,498.2
2024-04-02 20:00:00,10.1,73.5,11.3,512.3
2024-04-02 21:00:00,18.8,74.4,14.0,467.9
2024-04-02 22:00:00,13.7,69.8,17.4,466.5
2024-04-02 23:00:00,18.1,74.2,8.4,440.6
2024-04-03 00:00:00,9.9,67.3,8.3,547.8
2024-04-03 01:00:00,18.5,68.2,12.9,446.1
2024-04-03 02:00:00,12.2,63.7,14.0,517.2
2024-04-03 03:00:00,18.0,71.5,10.6,481.6
2024-04-03 04:00:00,15.9,71.9,9.4,490.2
2024-04-03 05:00:00,13.0,76.1,11.2,521.7
2024-04-03 06:00:00,14.6,74.2,9.1,568.2
2024-04-03 07:00:00,17.9,68.8,8.8,566.3
2024-04-03 08:00:00,16.2,64.3,10.0,621.3
2024-04-03 09:00:00,17.6,72.3,8.7,606.9
2024-04-03 10:00:00,21.8,75.7,10.0,618.2
2024-04-03 11:00:00,11.2,73.9,17.4,688.6
2024-04-03 12:00:00,20.8,75.6,13.5,610.7
2024-04-03 13:00:00,16.2,69.1,16.5,685.9
2024-04-03 14:00:00,13.2,67.8,12.9,691.4
2024-04-03 15:00:00,11.9,66.4,9.3,619.4
2024-04-03 16:00:00,15.4,69.8,13.0,626.1
2024-04-03 17:00:00,18.7,69.7,15.7,506.7
2024-04-03 18:00:00,15.6,71.1,16.8,580.7
2024-04-03 19:00:00,20.5,69.4,11.4,488.1
2024-04-03 20:00:00,11.6,69.4,8.7,551.5
2024-04-03 21:00:00,16.0,66.2,8.1,417.5
2024-04-03 22:00:00,12.3,74.7,8.5,462.8
2024-04-03 23:00:00,17.1,70.4,18.1,459.3
2024-04-04 00:00:00,18.7,69.1,9.9,414.9
2024-04-04 01:00:00,14.8,66.2,13.8,433.1
2024-04-04 02:00:00,8.2,63.3,9.9,597.6
2024-04-04 03:00:00,16.7,76.5,11.2,542.8
2024-04-04 04:00:00,17.4,72.7,8.1,519.9
2024-04-04 05:00:00,17.3,61.8,8.9,478.1
2024-04-04 06:00:00,19.8,73.7,9.7,589.8
2024-04-04 07:00:00,12.9,74.5,11.0,556.7
2024-04-04 08:00:00,18.2,70.5,8.6,578.8
2024-04-04 09:00:00,19.7,77.9,12.3,611.4
2024-04-04 10:00:00,10.8,71.0,9.4,747.5
2024-04-04 11:00:00,17.1,62.8,13.1,662.0
2024-04-04 12:00:00,14.6,71.7,8.3,644.8
2024-04-04 13:00:00,15.9,71.1,11.4,617.0
2024-04-04 14:00:00,17.2,66.8,9.0,656.2
2024-04-04 15:00:00,14.7,72.7,12.8,613.3
2024-04-04 16:00:00,14.2,61.5,9.5,614.4
2024-04-04 17:00:00,16.3,74.7,11.3,533.0
2024-04-04 18:00:00,13.0,65.4,16.2,589.4
2024-04-04 19:00:00,13.0,64.8,8.1,560.6
2024-04-04 20:00:00,18.3,69.2,8.0,449.7
2024-04-04 21:00:00,12.8,71.9,12.4,537.5
2024-04-04 22:00:00,18.3,70.5,11.1,467.7
2024-04-04 23:00:00,17.7,66.0,9.0,463.0
2024-04-05 00:00:00,11.1,67.2,10.0,485.4
2024-04-05 01:00:00,14.3,64.0,8.1,467.1
2024-04-05 02:00:00,19.9,68.5,8.6,449.6
2024-04-05 03:00:00,13.4,75.0,9.7,497.4
2024-04-05 04:00:00,14.9,69.6,13.4,510.4
2024-04-05 05:00:00,17.7,73.9,10.0,552.9
2024-04-05 06:00:00,18.7,76.9,10.6,572.0
2024-04-05 07:00:00,15.6,66.7,14.2,539.2
2024-04-05 08:00:00,14.6,68.7,9.1,637.4
2024-04-05 09:00:00,20.7,80.4,11.6,647.0
2024-04-05 10:00:00,21.6,76.8,13.9,622.5
2024-04-05 11:00:00,19.3,61.2,8.7,642.8
2024-04-05 12:00:00,16.7,71.5,9.3,659.4
2024-04-05 13:00:00,14.0,69.5,19.7,634.6
2024-04-05 14:00:00,13.9,73.7,20.3,641.3
2024-04-05 15:00:00,18.0,65.8,8.8,629.3
2024-04-05 16:00:00,17.7,65.3,8.2,571.9
2024-04-05 17:00:00,20.7,66.1,8.9,588.6
2024-04-05 18:00:00,18.4,66.6,9.5,574.4
2024-04-05 19:00:00,12.0,73.5,9.7,596.6
2024-04-05 20:00:00,19.7,63.5,10.9,541.3
2024-04-05 21:00:00,13.5,66.3,14.9,493.3
2024-04-05 22:00:00,15.4,60.5,9.2,466.1
2024-04-05 23:00:00,17.3,74.4,13.7,456.1
2024-04-06 00:00:00,22.5,75.8,8.3,441.2
2024-04-06 01:00:00,25.9,67.7,8.1,481.3
2024-04-06 02:00:00,18.4,67.9,10.1,398.1
2024-04-06 03:00:00,16.0,71.6,8.2,483.9
2024-04-06 04:00:00,18.2,76.7,9.5,449.6
2024-04-06 05:00:00,19.3,71.4,14.8,481.4
2024-04-06 06:00:00,15.6,65.8,8.8,570.0
2024-04-06 07:00:00,22.0,61.2,11.7,553.7
2024-04-06 08:00:00,17.3,63.7,9.1,608.5
2024-04-06 09:00:00,18.1,69.6,8.1,601.7
2024-04-06 10:00:00,18.7,66.0,10.4,654.2
2024-04-06 11:00:00,17.9,70.2,13.4,628.0
2024-04-06 12:00:00,19.2,66.5,9.6,575.1
2024-04-06 13:00:00,14.8,63.9,10.9,656.7
2024-04-06 14:00:00,15.0,63.3,14.9,573.0
2024-04-06 15:00:00,13.4,77.0,12.7,600.4
2024-04-06 16:00:00,18.0,73.6,8.6,563.4
2024-04-06 17:00:00,19.1,77.8,12.0,535.3
2024-04-06 18:00:00,18.1,71.9,10.1,522.4
2024-04-06 19:00:00,21.8,67.0,12.1,478.9
2024-04-06 20:00:00,16.7,75.8,10.0,454.2
2024-04-06 21:00:00,18.8,69.0,8.4,511.2
2024-04-06 22:00:00,13.5,70.2,10.5,461.9
2024-04-06 23:00:00,15.6,68.9,10.0,386.2
2024-04-07 00:00:00,18.9,54.4,10.2,417.3
2024-04-07 01:00:00,19.4,77.1,14.3,408.5
2024-04-07 02:00:00,15.9,71.5,14.8,435.8
2024-04-07 03:00:00,16.6,70.7,9.8,495.1
2024-04-07 04:00:00,12.3,68.7,9.8,518.4
2024-04-07 05:00:00,15.8,69.8,10.2,488.7
2024-04-07 06:00:00,19.5,66.0,10.2,546.6
2024-04-07 07:00:00,18.6,72.1,17.0,598.0
2024-04-07 08:00:00,18.4,62.5,11.1,599.4
2024-04-07 09:00:00,17.0,69.9,9.0,539.0
2024-04-07 10:00:00,16.9,71.8,10.3,596.6
2024-04-07 11:00:00,14.9,68.0,11.0,652.5
2024-04-07 12:00:00,19.0,70.8,11.1,628.8
2024-04-07 13:00:00,18.2,64.0,10.6,621.3
2024-04-07 14:00:00,18.4,64.1,8.6,591.1
2024-04-07 15:00:00,15.4,70.1,8.1,580.6
2024-04-07 16:00:00,10.5,72.3,9.2,718.4
2024-04-07 17:00:00,20.3,59.5,9.7,556.5
2024-04-07 18:00:00,15.6,71.5,8.2,570.8
2024-04-07 19:00:00,14.4,66.1,13.1,532.3
2024-04-07 20:00:00,19.1,67.9,9.3,486.0
2024-04-07 21:00:00,15.9,62.1,15.3,472.3
2024-04-07 22:00:00,20.2,64.5,8.5,412.1
2024-04-07 23:00:00,18.9,73.6,8.2,395.8
2024-04-08 00:00:00,19.1,68.9,10.0,446.7
2024-04-08 01:00:00,13.0,66.9,8.6,482.0
2024-04-08 02:00:00,20.7,68.2,16.3,476.0
2024-04-08 03:00:00,17.9,71.2,8.0,490.6
2024-04-08 04:00:00,16.0,70.9,9.6,474.0
2024-04-08 05:00:00,17.5,68.3,15.8,547.1
2024-04-08 06:00:00,11.8,74.2,9.5,613.9
2024-04-08 07:00:00,18.4,73.5,8.3,585.5
2024-04-08 08:00:00,14.1,70.7,9.1,681.1
2024-04-08 09:00:00,13.1,68.9,10.1,704.6
2024-04-08 10:00:00,12.6,71.9,8.6,687.1
2024-04-08 11:00:00,20.5,70.2,9.9,648.9
2024-04-08 12:00:00,15.3,73.9,13.4,687.1
2024-04-08 13:00:00,21.8,73.1,14.2,618.2
2024-04-08 14:00:00,15.6,63.5,8.2,616.7
2024-04-08 15:00:00,12.1,63.2,8.5,672.5
2024-04-08 16:00:00,13.9,65.1,9.0,586.8
2024-04-08 17:00:00,20.9,73.4,10.7,581.1
2024-04-08 18:00:00,16.8,60.7,9.3,543.3
2024-04-08 19:00:00,15.6,70.5,13.6,499.1
2024-04-08 20:00:00,17.8,70.3,11.8,490.0
2024-04-08 21:00:00,18.8,74.3,8.3,506.8
2024-04-08 22:00:00,20.6,69.4,10.9,450.9
2024-04-08 23:00:00,21.6,61.8,8.4,439.1
2024-04-09 00:00:00,16.2,63.7,8.9,453.0
2024-04-09 01:00:00,13.3,62.5,8.6,483.9
2024-04-09 02:00:00,16.1,65.8,8.6,448.5
2024-04-09 03:00:00,18.1,67.5,10.9,476.4
2024-04-09 04:00:00,14.5,62.6,10.5,474.3
2024-04-09 05:00:00,14.5,75.8,8.6,512.3
2024-04-09 06:00:00,18.4,61.8,21.9,512.8
2024-04-09 07:00:00,17.2,75.1,9.6,583.6
2024-04-09 08:00:00,17.5,74.3,8.3,597.0
2024-04-09 09:00:00,15.1,72.8,8.4,622.0
2024-04-09 10:00:00,16.7,64.9,10.6,648.3
2024-04-09 11:00:00,14.7,70.0,19.6,665.8
2024-04-09 12:00:00,20.1,61.9,10.5,622.3
2024-04-09 13:00:00,20.6,72.9,16.9,602.2
2024-04-09 14:00:00,11.9,67.9,9.8,648.1
2024-04-09 15:00:00,14.7,66.2,9.7,582.4
2024-04-09 16:00:00,13.0,62.1,10.1,624.5
2024-04-09 17:00:00,15.5,55.9,11.6,543.8
2024-04-09 18:00:00,17.3,63.0,9.4,522.7
2024-04-09 19:00:00,13.2,73.8,14.0,544.5
2024-04-09 20:00:00,14.8,66.2,8.1,536.4
2024-04-09 21:00:00,14.5,67.4,9.7,514.8
2024-04-09 22:00:00,18.2,71.5,10.1,450.2
2024-04-09 23:00:00,17.8,77.2,10.8,484.0
2024-04-10 00:00:00,15.4,74.8,9.0,393.9
2024-04-10 01:00:00,18.1,63.3,9.7,494.2
2024-04-10 02:00:00,16.0,58.4,10.0,476.5
2024-04-10 03:00:00,16.8,79.9,11.5,480.6
2024-04-10 04:00:00,22.6,79.5,12.5,468.5
2024-04-10 05:00:00,21.6,69.0,12.0,497.7
2024-04-10 06:00:00,13.7,61.7,9.3,580.6
2024-04-10 07:00:00,20.1,72.9,30.5,581.3
2024-04-10 08:00:00,20.1,67.5,13.7,603.8
2024-04-10 09:00:00,14.2,67.5,8.9,609.3
2024-04-10 10:00:00,20.1,72.5,8.7,595.0
2024-04-10 11:00:00,22.3,69.7,9.1,641.5
2024-04-10 12:00:00,14.3,62.1,9.8,679.9
2024-04-10 13:00:00,15.0,66.4,13.7,650.2
2024-04-10 14:00:00,20.8,71.3,12.5,667.2
2024-04-10 15:00:00,18.5,70.5,13.7,608.7
2024-04-10 16:00:00,19.4,69.3,9.0,584.9
2024-04-10 17:00:00,18.8,72.6,10.7,583.5
2024-04-10 18:00:00,18.9,66.1,9.0,570.5
2024-04-10 19:00:00,13.8,68.8,8.3,498.9
2024-04-10 20:00:00,20.9,51.0,11.5,442.7
2024-04-10 21:00:00,21.3,65.6,8.5,454.1
2024-04-10 22:00:00,17.1,71.7,11.3,550.7
2024-04-10 23:00:00,17.7,65.9,11.1,432.8
2024-04-11 00:00:00,13.2,65.5,13.0,465.8
2024-04-11 01:00:00,19.4,62.6,8.5,453.6
2024-04-11 02:00:00,19.6,72.8,12.6,479.3
2024-04-11 03:00:00,17.7,70.5,29.7,474.0
2024-04-11 04:00:00,21.2,71.9,13.7,522.1
2024-04-11 05:00:00,16.9,59.1,12.2,475.7
2024-04-11 06:00:00,19.6,67.0,11.3,510.6
2024-04-11 07:00:00,14.8,66.3,9.6,615.2
2024-04-11 08:00:00,17.8,66.3,11.9,587.2
2024-04-11 09:00:00,17.4,64.6,11.9,570.6
2024-04-11 10:00:00,18.6,66.0,11.0,581.5
2024-04-11 11:00:00,16.8,71.9,12.8,616.3
2024-04-11 12:00:00,17.6,58.1,9.8,633.9
2024-04-11 13:00:00,20.4,76.6,8.4,649.0
2024-04-11 14:00:00,16.7,70.1,10.5,620.7
2024-04-11 15:00:00,13.2,67.4,8.9,653.4
2024-04-11 16:00:00,23.2,72.2,9.5,581.4
2024-04-11 17:00:00,22.1,60.4,8.1,596.5
2024-04-11 18:00:00,14.1,64.3,9.4,636.2
2024-04-11 19:00:00,20.1,67.0,13.0,495.8
2024-04-11 20:00:00,16.5,74.4,10.3,511.3
2024-04-11 21:00:00,18.8,67.3,8.0,476.0
2024-04-11 22:00:00,18.9,69.8,9.9,453.4
2024-04-11 23:00:00,17.4,64.6,9.0,460.9
2024-04-12 00:00:00,15.7,70.0,9.9,464.0
2024-04-12 01:00:00,16.0,75.9,9.6,439.9
2024-04-12 02:00:00,15.3,72.5,16.1,506.4
2024-04-12 03:00:00,15.6,67.1,8.1,484.3
2024-04-12 04:00:00,17.9,70.8,11.5,477.4
2024-04-12 05:00:00,16.0,70.3,13.7,595.5
2024-04-12 06:00:00,20.2,70.0,17.6,531.5
2024-04-12 07:00:00,22.6,73.0,8.6,575.5
2024-04-12 08:00:00,16.4,72.9,10.3,602.0
2024-04-12 09:00:00,18.9,66.8,8.1,601.2
2024-04-12 10:00:00,19.7,70.6,10.1,635.4
2024-04-12 11:00:00,19.6,65.5,8.4,604.1
2024-04-12 12:00:00,18.4,62.7,13.5,651.2
2024-04-12 13:00:00,20.4,66.0,8.4,577.0
2024-04-12 14:00:00,19.7,67.0,10.2,581.2
2024-04-12 15:00:00,14.5,59.0,10.2,679.0
2024-04-12 16:00:00,20.9,71.6,18.7,548.7
2024-04-12 17:00:00,20.9,53.5,11.2,494.5
2024-04-12 18:00:00,16.0,80.9,9.0,516.4
2024-04-12 19:00:00,18.4,74.8,8.8,565.8
2024-04-12 20:00:00,20.3,66.0,8.4,429.3
2024-04-12 21:00:00,17.7,67.3,12.2,438.6
2024-04-12 22:00:00,21.5,68.7,11.5,405.9
2024-04-12 23:00:00,25.4,64.3,10.8,450.7
2024-04-13 00:00:00,16.0,68.2,8.1,434.0
2024-04-13 01:00:00,14.2,66.5,12.3,449.2
2024-04-13 02:00:00,19.3,66.7,11.1,502.9
2024-04-13 03:00:00,20.5,68.1,18.0,427.6
2024-04-13 04:00:00,17.7,60.6,10.7,481.5
2024-04-13 05:00:00,22.7,67.3,9.1,524.0
2024-04-13 06:00:00,14.4,67.9,9.4,529.9
2024-04-13 07:00:00,20.5,67.8,8.6,574.5
2024-04-13 08:00:00,16.6,66.0,11.9,580.3
2024-04-13 09:00:00,23.6,72.8,11.7,628.6
2024-04-13 10:00:00,24.4,65.3,8.7,631.6
2024-04-13 11:00:00,16.1,68.2,8.5,581.1
2024-04-13 12:00:00,16.8,73.5,8.2,684.1
2024-04-13 13:00:00,21.0,66.6,15.3,692.9
2024-04-13 14:00:00,17.3,68.1,8.8,621.1
2024-04-13 15:00:00,18.3,66.5,9.3,579.2
2024-04-13 16:00:00,18.6,73.2,9.0,633.4
2024-04-13 17:00:00,12.7,65.7,9.6,657.5
2024-04-13 18:00:00,18.5,73.4,11.8,533.5
2024-04-13 19:00:00,16.5,66.4,14.1,510.8
2024-04-13 20:00:00,17.1,62.6,8.6,485.8
2024-04-13 21:00:00,22.9,70.3,11.5,420.8
2024-04-13 22:00:00,14.8,65.4,9.3,459.1
2024-04-13 23:00:00,21.0,70.0,19.8,490.7
2024-04-14 00:00:00,17.7,53.2,9.1,425.6
2024-04-14 01:00:00,17.8,66.9,8.0,409.7
2024-04-14 02:00:00,21.0,64.6,10.2,461.3
2024-04-14 03:00:00,19.6,61.5,8.5,440.1
2024-04-14 04:00:00,20.3,64.1,8.1,480.1
2024-04-14 05:00:00,21.5,63.9,11.6,469.9
2024-04-14 06:00:00,17.6,66.6,12.0,506.6
2024-04-14 07:00:00,16.8,60.0,9.9,586.1
2024-04-14 08:00:00,15.4,68.4,11.4,604.5
2024-04-14 09:00:00,16.2,73.6,10.3,595.8
2024-04-14 10:00:00,27.5,68.2,11.0,669.6
2024-04-14 11:00:00,22.4,70.8,10.7,618.5
2024-04-14 12:00:00,14.7,72.2,11.3,635.5
2024-04-14 13:00:00,14.7,72.9,8.7,690.0
2024-04-14 14:00:00,20.2,76.0,8.9,648.1
2024-04-14 15:00:00,20.4,64.2,9.7,602.3
2024-04-14 16:00:00,20.4,63.1,9.8,586.0
2024-04-14 17:00:00,18.0,70.6,12.5,564.1
2024-04-14 18:00:00,18.4,70.2,9.4,551.8
2024-04-14 19:00:00,19.8,70.5,8.5,485.4
2024-04-14 20:00:00,19.0,76.1,8.9,514.6
2024-04-14 21:00:00,12.1,66.7,8.7,522.6
2024-04-14 22:00:00,18.1,68.7,11.9,442.7
2024-04-14 23:00:00,16.3,61.7,9.9,430.8
2024-04-15 00:00:00,19.4,77.2,11.7,464.2
2024-04-15 01:00:00,27.8,64.9,9.6,480.0
2024-04-15 02:00:00,20.0,65.0,14.6,424.9
2024-04-15 03:00:00,17.9,64.8,20.3,453.6
2024-04-15 04:00:00,21.6,63.3,11.3,506.9
2024-04-15 05:00:00,20.3,62.8,14.0,457.3
2024-04-15 06:00:00,20.2,63.9,10.1,521.3
2024-04-15 07:00:00,20.7,59.6,16.2,588.2
2024-04-15 08:00:00,25.1,62.5,13.3,596.9
2024-04-15 09:00:00,15.5,76.2,22.4,633.0
2024-04-15 10:00:00,20.4,70.1,10.9,654.4
2024-04-15 11:00:00,16.2,71.0,12.5,670.6
2024-04-15 12:00:00,20.6,72.3,10.3,623.2
2024-04-15 13:00:00,16.2,75.6,8.9,642.0
2024-04-15 14:00:00,17.7,57.5,9.3,646.6
2024-04-15 15:00:00,18.1,60.2,14.7,631.9
2024-04-15 16:00:00,21.9,62.3,8.2,581.5
2024-04-15 17:00:00,21.8,64.0,10.7,558.7
2024-04-15 18:00:00,15.3,64.8,9.4,558.3
2024-04-15 19:00:00,19.2,64.1,9.5,547.7
2024-04-15 20:00:00,16.9,67.4,14.5,523.4
2024-04-15 21:00:00,15.3,66.4,13.8,501.2
2024-04-15 22:00:00,18.4,62.6,10.7,414.4
2024-04-15 23:00:00,18.1,55.4,9.0,425.6
2024-04-16 00:00:00,26.4,61.3,9.9,456.3
2024-04-16 01:00:00,20.4,63.5,9.6,477.8
2024-04-16 02:00:00,15.0,65.0,9.3,459.0
2024-04-16 03:00:00,17.4,60.5,8.3,502.5
2024-04-16 04:00:00,22.2,63.7,10.3,468.6
2024-04-16 05:00:00,25.4,60.5,9.1,512.9
2024-04-16 06:00:00,14.4,65.5,11.2,572.4
2024-04-16 07:00:00,13.5,60.8,9.2,637.0
2024-04-16 08:00:00,24.8,61.9,9.7,592.8
2024-04-16 09:00:00,20.3,59.6,8.2,523.7
2024-04-16 10:00:00,16.6,65.3,22.7,581.7
2024-04-16 11:00:00,20.8,61.7,10.1,636.9
2024-04-16 12:00:00,11.3,70.6,8.1,651.7
2024-04-16 13:00:00,19.2,68.1,10.3,605.1
2024-04-16 14:00:00,20.2,65.7,14.1,619.9
2024-04-16 15:00:00,22.0,62.0,12.4,531.5
2024-04-16 16:00:00,16.2,67.9,11.6,584.1
2024-04-16 17:00:00,19.5,69.5,8.5,525.9
2024-04-16 18:00:00,16.5,66.7,11.2,498.2
2024-04-16 19:00:00,20.0,74.0,12.4,487.0
2024-04-16 20:00:00,16.6,68.3,10.5,461.3
2024-04-16 21:00:00,18.1,70.5,14.7,481.6
2024-04-16 22:00:00,16.3,66.6,9.0,493.4
2024-04-16 23:00:00,21.3,69.3,8.8,428.4
2024-04-17 00:00:00,21.9,61.9,14.1,416.0
2024-04-17 01:00:00,18.6,63.6,10.9,424.3
2024-04-17 02:00:00,19.5,67.6,8.0,414.2
2024-04-17 03:00:00,15.0,67.6,9.3,444.3
2024-04-17 04:00:00,18.5,68.4,13.9,436.7
2024-04-17 05:00:00,19.2,71.3,8.1,470.4
2024-04-17 06:00:00,27.3,58.7,8.0,620.4
2024-04-17 07:00:00,16.1,60.9,9.0,548.0
2024-04-17 08:00:00,23.8,66.9,15.4,506.8
2024-04-17 09:00:00,22.4,62.2,15.0,588.8
2024-04-17 10:00:00,20.3,82.7,10.2,580.3
2024-04-17 11:00:00,24.7,68.3,10.4,650.3
2024-04-17 12:00:00,20.6,65.3,9.2,631.5
2024-04-17 13:00:00,20.6,63.1,8.8,630.2
2024-04-17 14:00:00,19.3,63.3,13.1,617.4
2024-04-17 15:00:00,23.2,65.8,8.3,600.4
2024-04-17 16:00:00,22.8,66.2,10.0,545.6
2024-04-17 17:00:00,17.6,63.4,11.0,559.8
2024-04-17 18:00:00,15.6,64.3,8.3,578.5
2024-04-17 19:00:00,18.9,72.4,10.2,565.7
2024-04-17 20:00:00,17.1,72.6,10.6,485.7
2024-04-17 21:00:00,19.4,66.9,12.1,459.2
2024-04-17 22:00:00,23.3,58.9,8.8,466.4
2024-04-17 23:00:00,18.2,68.3,9.0,485.0
2024-04-18 00:00:00,19.4,73.3,10.5,422.3
2024-04-18 01:00:00,19.8,72.4,20.2,460.4
2024-04-18 02:00:00,22.1,69.2,8.7,427.0
2024-04-18 03:00:00,12.9,72.6,20.8,516.2
2024-04-18 04:00:00,17.8,65.8,11.8,515.9
2024-04-18 05:00:00,20.3,68.6,13.2,469.8
2024-04-18 06:00:00,23.2,62.1,8.3,523.7
2024-04-18 07:00:00,18.2,66.9,9.1,590.7
2024-04-18 08:00:00,14.0,72.1,8.2,633.1
2024-04-18 09:00:00,21.5,62.5,9.4,634.9
2024-04-18 10:00:00,17.8,61.1,19.9,646.6
2024-04-18 11:00:00,16.1,65.9,8.3,631.4
2024-04-18 12:00:00,17.8,64.3,10.5,701.9
2024-04-18 13:00:00,19.2,68.6,8.0,635.6
2024-04-18 14:00:00,17.9,63.1,11.7,530.0
2024-04-18 15:00:00,13.1,74.0,8.7,637.2
2024-04-18 16:00:00,22.4,58.9,8.4,570.1
2024-04-18 17:00:00,23.6,71.6,9.2,595.8
2024-04-18 18:00:00,21.7,61.5,12.4,519.6
2024-04-18 19:00:00,16.4,56.3,8.3,545.9
2024-04-18 20:00:00,19.2,66.5,8.8,500.5
2024-04-18 21:00:00,19.8,64.0,8.0,431.3
2024-04-18 22:00:00,21.6,59.7,18.4,441.1
2024-04-18 23:00:00,21.8,56.8,10.7,411.2
2024-04-19 00:00:00,17.6,65.2,11.8,442.7
2024-04-19 01:00:00,20.1,70.1,11.2,415.0
2024-04-19 02:00:00,21.2,68.1,8.5,450.9
2024-04-19 03:00:00,24.2,65.5,10.7,468.1
2024-04-19 04:00:00,22.0,67.6,8.4,482.3
2024-04-19 05:00:00,22.2,65.0,9.5,572.2
2024-04-19 06:00:00,20.1,58.0,10.5,518.2
2024-04-19 07:00:00,24.1,58.0,10.5,510.5
2024-04-19 08:00:00,21.1,64.1,8.4,613.6
2024-04-19 09:00:00,17.3,64.3,8.1,638.8
2024-04-19 10:00:00,24.1,69.4,12.8,575.6
2024-04-19 11:00:00,22.0,68.9,11.9,613.3
2024-04-19 12:00:00,18.6,68.1,8.3,648.7
2024-04-19 13:00:00,18.5,63.7,8.4,645.9
2024-04-19 14:00:00,20.9,58.1,14.7,616.1
2024-04-19 15:00:00,21.4,67.1,12.4,606.3
2024-04-19 16:00:00,20.6,67.6,24.7,555.9
2024-04-19 17:00:00,20.9,53.1,8.9,481.1
2024-04-19 18:00:00,25.1,60.8,10.0,612.7
2024-04-19 19:00:00,23.2,61.5,8.8,484.1
2024-04-19 20:00:00,20.6,65.6,10.9,488.4
2024-04-19 21:00:00,22.9,60.9,8.4,461.5
2024-04-19 22:00:00,16.9,64.7,8.4,480.2
2024-04-19 23:00:00,21.2,63.9,8.2,440.0
2024-04-20 00:00:00,25.5,64.1,11.5,460.8
2024-04-20 01:00:00,19.4,61.3,10.0,355.3
2024-04-20 02:00:00,17.5,61.7,10.9,424.1
2024-04-20 03:00:00,18.1,59.5,14.3,484.1
2024-04-20 04:00:00,16.8,66.8,12.0,511.0
2024-04-20 05:00:00,17.8,67.7,9.9,483.4
2024-04-20 06:00:00,19.0,61.0,20.5,483.9
2024-04-20 07:00:00,15.9,72.4,9.8,579.2
2024-04-20 08:00:00,20.2,63.2,8.4,494.4
2024-04-20 09:00:00,22.9,72.4,22.7,579.0
2024-04-20 10:00:00,17.4,61.6,8.1,675.4
2024-04-20 11:00:00,24.7,54.6,10.4,685.2
2024-04-20 12:00:00,21.7,66.8,9.1,650.4
2024-04-20 13:00:00,23.3,66.0,10.1,647.4
2024-04-20 14:00:00,18.2,64.9,10.5,563.0
2024-04-20 15:00:00,22.8,61.5,8.8,585.4
2024-04-20 16:00:00,16.9,64.5,10.4,580.9
2024-04-20 17:00:00,22.9,62.1,12.2,542.1
2024-04-20 18:00:00,20.8,63.1,8.9,521.5
2024-04-20 19:00:00,21.9,68.9,9.5,550.5
2024-04-20 20:00:00,16.7,65.6,8.9,475.0
2024-04-20 21:00:00,17.6,67.7,13.2,457.5
2024-04-20 22:00:00,22.1,63.4,11.9,470.8
2024-04-20 23:00:00,17.5,62.9,14.1,397.5
2024-04-21 00:00:00,21.7,58.8,8.6,406.5
2024-04-21 01:00:00,16.2,62.7,8.2,424.1
2024-04-21 02:00:00,22.9,47.9,8.4,445.6
2024-04-21 03:00:00,16.6,61.6,8.5,458.8
2024-04-21 04:00:00,22.0,64.1,10.3,475.9
2024-04-21 05:00:00,22.2,67.3,18.6,491.8
2024-04-21 06:00:00,18.3,63.1,9.3,501.8
2024-04-21 07:00:00,22.1,66.2,17.5,580.9
2024-04-21 08:00:00,21.2,53.6,8.1,567.7
2024-04-21 09:00:00,18.8,64.2,15.8,622.6
2024-04-21 10:00:00,17.4,56.0,8.6,586.8
2024-04-21 11:00:00,14.5,58.4,15.3,629.8
2024-04-21 12:00:00,21.5,63.5,8.2,626.8
2024-04-21 13:00:00,15.7,70.8,16.9,642.7
2024-04-21 14:00:00,20.7,66.2,8.7,642.8
2024-04-21 15:00:00,19.7,64.5,9.1,590.1
2024-04-21 16:00:00,22.5,64.3,10.0,609.5
2024-04-21 17:00:00,19.6,60.8,9.4,567.7
2024-04-21 18:00:00,19.5,61.6,11.3,527.8
2024-04-21 19:00:00,22.7,66.4,19.0,484.6
2024-04-21 20:00:00,21.5,57.4,10.8,503.2
2024-04-21 21:00:00,21.5,67.2,11.8,436.8
2024-04-21 22:00:00,21.9,62.3,8.3,446.9
2024-04-21 23:00:00,15.9,68.4,11.0,449.2
2024-04-22 00:00:00,22.8,69.0,9.8,434.7
2024-04-22 01:00:00,22.4,55.9,14.5,424.2
2024-04-22 02:00:00,17.5,61.3,9.5,424.3
2024-04-22 03:00:00,19.8,59.9,11.4,410.8
2024-04-22 04:00:00,20.5,55.1,8.8,519.8
2024-04-22 05:00:00,20.2,59.0,8.9,488.9
2024-04-22 06:00:00,21.6,76.4,9.4,536.4
2024-04-22 07:00:00,24.9,67.2,9.1,574.7
2024-04-22 08:00:00,23.9,73.7,8.9,631.7
2024-04-22 09:00:00,16.7,68.3,8.2,671.6
2024-04-22 10:00:00,22.5,60.4,13.4,626.6
2024-04-22 11:00:00,24.6,62.2,8.2,640.2
2024-04-22 12:00:00,21.8,67.0,14.6,602.5
2024-04-22 13:00:00,23.9,66.2,8.4,598.9
2024-04-22 14:00:00,26.7,61.2,8.2,600.1
2024-04-22 15:00:00,23.8,56.5,10.5,586.4
2024-04-22 16:00:00,21.5,80.5,10.1,529.2
2024-04-22 17:00:00,23.9,63.3,10.0,601.8
2024-04-22 18:00:00,21.2,62.4,10.6,544.9
2024-04-22 19:00:00,20.8,64.5,9.0,499.4
2024-04-22 20:00:00,19.7,62.7,11.3,514.7
2024-04-22 21:00:00,25.4,64.6,10.1,453.2
2024-04-22 22:00:00,18.3,70.4,9.2,426.3
2024-04-22 23:00:00,25.4,63.3,13.3,400.1
2024-04-23 00:00:00,22.3,58.1,11.9,456.5
2024-04-23 01:00:00,16.6,63.1,9.5,419.9
2024-04-23 02:00:00,21.9,61.6,13.6,447.6
2024-04-23 03:00:00,14.5,71.0,15.6,518.9
2024-04-23 04:00:00,22.7,69.7,10.3,531.8
2024-04-23 05:00:00,23.5,64.4,8.7,515.2
2024-04-23 06:00:00,19.1,57.4,15.4,540.9
2024-04-23 07:00:00,21.2,57.7,8.6,528.8
2024-04-23 08:00:00,26.7,63.9,8.1,668.6
2024-04-23 09:00:00,19.4,65.5,9.2,598.8
2024-04-23 10:00:00,17.7,61.9,11.9,624.2
2024-04-23 11:00:00,25.3,61.3,15.7,637.9
2024-04-23 12:00:00,26.8,60.8,11.0,703.3
2024-04-23 13:00:00,20.9,63.6,17.1,635.1
2024-04-23 14:00:00,24.0,51.8,8.3,647.9
2024-04-23 15:00:00,25.0,58.2,8.2,630.1
2024-04-23 16:00:00,18.7,60.5,10.8,575.0
2024-04-23 17:00:00,19.5,69.7,18.2,588.8
2024-04-23 18:00:00,24.7,59.6,10.1,557.5
2024-04-23 19:00:00,26.0,64.5,8.2,506.6
2024-04-23 20:00:00,22.7,64.8,8.8,458.4
2024-04-23 21:00:00,18.4,70.1,8.8,471.0
2024-04-23 22:00:00,27.0,69.9,9.2,514.4
2024-04-23 23:00:00,19.4,63.3,8.1,484.5
2024-04-24 00:00:00,20.0,61.2,15.1,377.3
2024-04-24 01:00:00,22.1,60.2,10.2,437.7
2024-04-24 02:00:00,25.7,62.3,11.3,485.3
2024-04-24 03:00:00,23.6,61.4,8.2,479.3
2024-04-24 04:00:00,22.3,66.3,8.2,517.7
2024-04-24 05:00:00,22.5,65.6,10.6,531.4
2024-04-24 06:00:00,21.2,66.4,14.5,504.8
2024-04-24 07:00:00,22.8,69.8,10.3,536.4
2024-04-24 08:00:00,13.5,72.8,14.3,629.4
2024-04-24 09:00:00,20.2,64.1,13.0,632.5
2024-04-24 10:00:00,21.8,68.9,8.2,628.1
2024-04-24 11:00:00,17.7,61.7,8.7,584.4
2024-04-24 12:00:00,22.3,69.3,11.2,607.5
2024-04-24 13:00:00,20.5,68.7,9.8,651.9
2024-04-24 14:00:00,26.4,68.4,9.0,643.4
2024-04-24 15:00:00,25.9,63.8,9.6,633.9
2024-04-24 16:00:00,19.8,60.0,9.8,612.0
2024-04-24 17:00:00,20.7,56.4,15.2,518.4
2024-04-24 18:00:00,21.0,63.1,8.3,519.9
2024-04-24 19:00:00,19.9,71.0,9.0,493.9
2024-04-24 20:00:00,21.8,61.7,10.3,494.1
2024-04-24 21:00:00,19.0,67.2,11.6,486.9
2024-04-24 22:00:00,17.8,67.5,11.0,406.4
2024-04-24 23:00:00,23.1,61.8,16.5,441.9
2024-04-25 00:00:00,23.1,69.8,12.8,468.9
2024-04-25 01:00:00,18.9,48.7,10.4,373.1
2024-04-25 02:00:00,24.0,57.1,8.7,452.6
2024-04-25 03:00:00,19.4,58.6,9.8,422.4
2024-04-25 04:00:00,22.1,59.1,11.5,463.7
2024-04-25 05:00:00,23.8,64.8,13.5,442.7
2024-04-25 06:00:00,21.2,64.6,17.6,575.3
2024-04-25 07:00:00,22.7,65.1,10.8,553.5
2024-04-25 08:00:00,19.8,66.1,10.2,558.9
2024-04-25 09:00:00,20.8,58.3,8.1,610.2
2024-04-25 10:00:00,20.7,57.0,8.2,584.3
2024-04-25 11:00:00,19.1,65.1,8.5,595.6
2024-04-25 12:00:00,20.8,59.9,8.2,675.8
2024-04-25 13:00:00,16.7,55.2,9.5,687.0
2024-04-25 14:00:00,19.9,67.9,9.2,602.8
2024-04-25 15:00:00,20.5,70.0,11.0,638.0
2024-04-25 16:00:00,20.6,70.8,10.3,596.4
2024-04-25 17:00:00,20.7,63.9,10.7,515.8
2024-04-25 18:00:00,21.2,66.1,9.9,506.5
2024-04-25 19:00:00,22.9,69.8,9.0,562.2
2024-04-25 20:00:00,24.1,59.7,17.2,450.4
2024-04-25 21:00:00,19.5,68.5,8.3,532.1
2024-04-25 22:00:00,17.9,64.3,16.4,432.1
2024-04-25 23:00:00,18.4,67.5,9.1,486.7
2024-04-26 00:00:00,20.0,63.8,10.2,422.7
2024-04-26 01:00:00,20.4,69.4,8.3,462.2
2024-04-26 02:00:00,19.2,64.0,8.2,487.7
2024-04-26 03:00:00,17.6,55.4,9.7,503.2
2024-04-26 04:00:00,20.2,70.1,12.1,467.5
2024-04-26 05:00:00,22.1,58.1,8.9,480.9
2024-04-26 06:00:00,23.3,69.1,10.5,541.0
2024-04-26 07:00:00,19.9,62.3,9.0,518.0
2024-04-26 08:00:00,20.3,68.7,9.5,591.6
2024-04-26 09:00:00,18.8,68.4,15.1,581.5
2024-04-26 10:00:00,21.5,64.9,13.8,653.3
2024-04-26 11:00:00,19.1,65.3,10.2,612.8
2024-04-26 12:00:00,23.3,64.8,8.8,589.0
2024-04-26 13:00:00,16.3,52.6,8.6,676.1
2024-04-26 14:00:00,20.5,63.3,17.2,624.0
2024-04-26 15:00:00,22.5,57.1,8.7,605.3
2024-04-26 16:00:00,22.2,63.5,13.0,618.5
2024-04-26 17:00:00,29.7,56.9,9.4,656.3
2024-04-26 18:00:00,22.7,56.7,20.7,511.4
2024-04-26 19:00:00,18.7,70.6,9.4,497.4
2024-04-26 20:00:00,21.4,67.9,9.3,452.2
2024-04-26 21:00:00,16.4,62.6,11.0,427.2
2024-04-26 22:00:00,21.5,63.5,17.8,464.2
2024-04-26 23:00:00,19.2,61.3,19.2,446.3
2024-04-27 00:00:00,24.5,65.4,11.7,471.5
2024-04-27 01:00:00,20.1,59.1,12.2,471.4
2024-04-27 02:00:00,21.4,67.5,10.5,471.9
2024-04-27 03:00:00,19.8,61.2,12.2,485.8
2024-04-27 04:00:00,27.0,60.4,13.9,456.8
2024-04-27 05:00:00,20.8,62.6,10.0,496.7
2024-04-27 06:00:00,27.3,59.5,10.9,601.1
2024-04-27 07:00:00,24.2,64.1,10.3,537.2
2024-04-27 08:00:00,23.2,59.7,10.5,591.1
2024-04-27 09:00:00,22.9,64.8,14.6,625.5
2024-04-27 10:00:00,23.0,68.5,9.3,641.3
2024-04-27 11:00:00,16.0,58.8,8.7,649.6
2024-04-27 12:00:00,21.0,61.7,9.8,649.6
2024-04-27 13:00:00,24.4,64.7,8.7,649.7
2024-04-27 14:00:00,21.7,60.2,10.1,575.1
2024-04-27 15:00:00,17.7,64.7,15.0,622.7
2024-04-27 16:00:00,21.7,65.1,10.9,593.5
2024-04-27 17:00:00,27.0,67.7,13.8,555.4
2024-04-27 18:00:00,25.6,59.3,8.5,596.4
2024-04-27 19:00:00,21.7,57.6,14.9,521.3
2024-04-27 20:00:00,24.8,60.7,10.8,457.1
2024-04-27 21:00:00,20.8,57.4,8.1,434.0
2024-04-27 22:00:00,16.8,65.1,11.0,437.1
2024-04-27 23:00:00,19.2,56.4,17.1,415.2
2024-04-28 00:00:00,26.6,73.9,8.2,481.0
2024-04-28 01:00:00,21.1,68.7,10.6,409.5
2024-04-28 02:00:00,21.2,62.2,15.4,479.6
2024-04-28 03:00:00,21.1,66.5,8.0,494.8
2024-04-28 04:00:00,27.7,54.0,11.0,543.0
2024-04-28 05:00:00,26.9,74.7,9.9,550.7
2024-04-28 06:00:00,28.7,59.2,9.3,617.8
2024-04-28 07:00:00,21.5,61.5,11.0,550.3
2024-04-28 08:00:00,22.9,52.8,8.2,561.5
2024-04-28 09:00:00,17.5,64.5,12.2,643.7
2024-04-28 10:00:00,26.5,56.5,8.0,658.0
2024-04-28 11:00:00,18.6,62.6,9.1,609.0
2024-04-28 12:00:00,22.7,59.3,10.1,623.0
2024-04-28 13:00:00,18.8,56.6,9.4,604.0
2024-04-28 14:00:00,20.3,58.0,9.1,676.3
2024-04-28 15:00:00,19.6,63.1,13.3,602.5
2024-04-28 16:00:00,20.3,55.6,16.2,582.6
2024-04-28 17:00:00,20.5,58.2,14.2,576.8
2024-04-28 18:00:00,20.5,65.3,10.2,496.4
2024-04-28 19:00:00,24.6,74.9,14.5,561.7
2024-04-28 20:00:00,18.8,64.3,15.6,465.0
2024-04-28 21:00:00,22.8,57.3,9.6,519.2
2024-04-28 22:00:00,25.8,60.1,9.0,461.1
2024-04-28 23:00:00,20.6,62.0,8.3,465.9
2024-04-29 00:00:00,20.0,60.1,10.0,355.2
2024-04-29 01:00:00,21.5,66.4,16.8,403.1
2024-04-29 02:00:00,25.7,62.9,10.5,462.4
2024-04-29 03:00:00,22.8,66.4,11.3,407.8
2024-04-29 04:00:00,20.6,60.2,8.4,498.5
2024-04-29 05:00:00,23.7,68.4,8.5,528.5
2024-04-29 06:00:00,18.9,60.9,9.9,501.7
2024-04-29 07:00:00,24.3,56.9,17.1,568.6
2024-04-29 08:00:00,23.5,72.6,9.3,620.2
2024-04-29 09:00:00,21.3,52.6,14.3,535.4
2024-04-29 10:00:00,19.8,58.0,8.4,577.5
2024-04-29 11:00:00,19.6,58.6,10.9,615.9
2024-04-29 12:00:00,23.9,74.2,10.8,650.0
2024-04-29 13:00:00,26.0,70.7,13.9,658.9
2024-04-29 14:00:00,20.4,69.1,8.0,648.0
2024-04-29 15:00:00,23.7,60.0,8.6,626.0
2024-04-29 16:00:00,16.1,73.8,8.7,620.1
2024-04-29 17:00:00,20.6,63.5,17.0,516.2
2024-04-29 18:00:00,22.3,66.5,8.5,541.7
2024-04-29 19:00:00,19.6,62.5,8.1,496.3
2024-04-29 20:00:00,19.6,61.3,10.3,524.7
2024-04-29 21:00:00,20.4,60.3,10.3,464.8
2024-04-29 22:00:00,23.3,60.5,13.6,432.1
2024-04-29 23:00:00,21.8,64.6,16.9,464.0
2024-04-30 00:00:00,15.7,63.4,10.3,463.4
2024-04-30 01:00:00,16.1,61.3,16.0,421.9
2024-04-30 02:00:00,20.6,69.0,11.9,437.8
2024-04-30 03:00:00,23.8,46.6,8.9,454.3
2024-04-30 04:00:00,14.2,64.0,15.9,545.7
2024-04-30 05:00:00,21.0,65.0,11.3,513.5
2024-04-30 06:00:00,20.9,67.2,9.6,556.0
2024-04-30 07:00:00,26.6,61.1,11.4,576.9
2024-04-30 08:00:00,21.3,62.4,9.5,592.7
2024-04-30 09:00:00,23.6,66.3,8.4,653.6
2024-04-30 10:00:00,22.9,68.8,11.8,617.0
2024-04-30 11:00:00,16.1,59.9,13.2,642.0
2024-04-30 12:00:00,24.8,62.7,11.9,609.1
2024-04-30 13:00:00,23.2,69.7,8.8,616.5
2024-04-30 14:00:00,24.1,50.7,17.4,615.1
2024-04-30 15:00:00,34.3,57.9,8.1,732.0
2024-04-30 16:00:00,16.3,68.6,9.2,634.9
2024-04-30 17:00:00,27.7,66.7,8.9,582.0
2024-04-30 18:00:00,21.7,63.9,8.1,557.9
2024-04-30 19:00:00,23.4,59.0,9.6,518.7
2024-04-30 20:00:00,22.5,56.8,10.9,484.2
2024-04-30 21:00:00,21.3,58.3,14.4,504.4
2024-04-30 22:00:00,20.9,68.9,21.7,380.7
2024-04-30 23:00:00,23.6,58.0,13.0,437.0
2024-05-01 00:00:00,18.1,61.7,9.9,401.4
2024-05-01 01:00:00,24.9,57.4,11.9,392.4
2024-05-01 02:00:00,21.4,65.4,13.6,411.8
2024-05-01 03:00:00,19.3,58.4,9.9,459.5
2024-05-01 04:00:00,21.3,60.6,12.6,459.9
2024-05-01 05:00:00,26.4,52.7,10.0,560.6
2024-05-01 06:00:00,21.1,53.0,9.5,521.0
2024-05-01 07:00:00,23.8,61.1,10.2,558.1
2024-05-01 08:00:00,20.5,54.4,11.4,567.8
2024-05-01 09:00:00,25.0,71.6,11.9,623.4
2024-05-01 10:00:00,24.8,50.7,9.3,617.7
2024-05-01 11:00:00,28.3,57.0,10.5,654.4
2024-05-01 12:00:00,22.2,61.1,15.2,664.1
2024-05-01 13:00:00,24.8,59.2,19.2,625.5
2024-05-01 14:00:00,23.1,55.5,8.8,610.3
2024-05-01 15:00:00,26.7,56.2,8.6,647.1
2024-05-01 16:00:00,20.6,56.0,11.4,587.9
2024-05-01 17:00:00,25.0,59.5,9.6,549.0
2024-05-01 18:00:00,22.2,70.7,8.1,561.9
2024-05-01 19:00:00,22.6,61.3,9.3,526.4
2024-05-01 20:00:00,23.1,66.8,12.9,496.4
2024-05-01 21:00:00,23.6,63.4,12.8,458.3
2024-05-01 22:00:00,22.5,66.4,10.0,439.3
2024-05-01 23:00:00,23.5,46.8,9.9,430.5
2024-05-02 00:00:00,27.6,59.3,10.6,438.7
2024-05-02 01:00:00,25.8,67.4,8.7,463.0
2024-05-02 02:00:00,25.5,57.9,10.2,493.1
2024-05-02 03:00:00,21.5,69.6,8.0,492.2
2024-05-02 04:00:00,20.2,68.2,9.9,472.7
2024-05-02 05:00:00,25.8,58.4,9.2,561.8
2024-05-02 06:00:00,25.5,58.2,11.4,610.8
2024-05-02 07:00:00,27.3,55.7,11.1,587.2
2024-05-02 08:00:00,21.1,57.6,9.4,600.5
2024-05-02 09:00:00,22.2,54.5,8.0,534.1
2024-05-02 10:00:00,18.0,62.8,8.9,583.4
2024-05-02 11:00:00,21.8,53.4,11.0,628.5
2024-05-02 12:00:00,26.0,63.7,8.2,630.0
2024-05-02 13:00:00,21.6,63.8,8.3,691.6
2024-05-02 14:00:00,24.9,52.3,11.1,649.9
2024-05-02 15:00:00,22.4,68.4,12.2,638.5
2024-05-02 16:00:00,24.0,63.2,9.2,593.3
2024-05-02 17:00:00,19.6,64.3,10.0,528.1
2024-05-02 18:00:00,23.3,56.8,16.7,521.4
2024-05-02 19:00:00,14.1,63.7,16.7,541.9
2024-05-02 20:00:00,22.5,66.2,9.1,468.8
2024-05-02 21:00:00,18.2,60.0,13.0,482.2
2024-05-02 22:00:00,26.7,70.5,10.7,505.6
2024-05-02 23:00:00,25.4,60.7,19.1,457.2
2024-05-03 00:00:00,24.5,66.2,9.9,394.3
2024-05-03 01:00:00,27.6,61.9,12.5,532.5
2024-05-03 02:00:00,20.2,63.4,12.4,438.8
2024-05-03 03:00:00,28.3,52.1,10.1,592.2
2024-05-03 04:00:00,25.9,62.3,12.8,528.6
2024-05-03 05:00:00,22.4,56.7,8.9,500.8
2024-05-03 06:00:00,26.5,56.2,8.4,575.6
2024-05-03 07:00:00,19.8,69.1,9.7,499.9
2024-05-03 08:00:00,20.7,59.3,16.6,610.8
2024-05-03 09:00:00,21.3,55.3,10.1,676.8
2024-05-03 10:00:00,21.6,58.5,11.0,555.2
2024-05-03 11:00:00,20.0,53.8,10.9,614.9
2024-05-03 12:00:00,26.8,67.5,8.4,668.1
2024-05-03 13:00:00,22.4,56.8,9.5,655.9
2024-05-03 14:00:00,24.3,62.9,11.7,695.7
2024-05-03 15:00:00,21.5,67.1,18.7,617.5
2024-05-03 16:00:00,17.8,57.8,8.6,647.2
2024-05-03 17:00:00,24.0,62.9,9.6,575.5
2024-05-03 18:00:00,17.5,55.1,8.3,546.1
2024-05-03 19:00:00,23.0,72.4,8.8,527.6
2024-05-03 20:00:00,19.1,64.9,9.4,519.6
2024-05-03 21:00:00,29.2,59.2,10.3,514.3
2024-05-03 22:00:00,26.0,56.3,8.8,494.9
2024-05-03 23:00:00,23.6,59.6,8.8,406.6
2024-05-04 00:00:00,27.1,58.4,12.5,460.8
2024-05-04 01:00:00,20.8,69.9,17.9,419.7
2024-05-04 02:00:00,24.9,54.0,9.2,462.5
2024-05-04 03:00:00,23.9,60.8,11.5,462.4
2024-05-04 04:00:00,24.1,60.0,8.9,527.5
2024-05-04 05:00:00,27.1,59.5,15.9,518.4
2024-05-04 06:00:00,25.5,59.5,11.4,502.3
2024-05-04 07:00:00,24.2,59.5,12.9,529.1
2024-05-04 08:00:00,18.4,64.4,8.2,614.1
2024-05-04 09:00:00,20.5,63.1,10.7,573.3
2024-05-04 10:00:00,23.0,62.1,10.2,636.8
2024-05-04 11:00:00,23.7,44.8,9.0,620.9
2024-05-04 12:00:00,20.0,61.5,8.9,655.5
2024-05-04 13:00:00,30.6,51.7,10.6,706.0
2024-05-04 14:00:00,28.0,63.2,11.7,751.8
2024-05-04 15:00:00,25.2,67.3,8.1,683.2
2024-05-04 16:00:00,23.6,55.3,10.5,578.8
2024-05-04 17:00:00,22.8,58.6,8.6,547.9
2024-05-04 18:00:00,20.6,56.9,8.5,622.7
2024-05-04 19:00:00,23.7,66.0,10.9,485.7
2024-05-04 20:00:00,24.2,60.3,9.1,492.9
2024-05-04 21:00:00,19.7,68.5,9.7,464.3
2024-05-04 22:00:00,24.5,61.9,9.3,460.4
2024-05-04 23:00:00,23.0,61.0,11.1,389.1
2024-05-05 00:00:00,17.8,60.1,9.9,448.9
2024-05-05 01:00:00,20.9,63.9,17.9,406.9
2024-05-05 02:00:00,22.3,51.1,9.3,486.2
2024-05-05 03:00:00,29.2,60.2,12.0,483.3
2024-05-05 04:00:00,25.2,59.4,8.9,503.2
2024-05-05 05:00:00,19.5,63.4,10.1,439.5
2024-05-05 06:00:00,25.0,58.8,10.4,484.8
2024-05-05 07:00:00,18.9,54.5,9.2,528.9
2024-05-05 08:00:00,26.8,59.7,9.9,596.1
2024-05-05 09:00:00,22.2,54.3,9.0,645.6
2024-05-05 10:00:00,23.3,50.0,8.0,619.2
2024-05-05 11:00:00,27.6,63.3,8.7,712.9
2024-05-05 12:00:00,19.7,62.5,11.6,619.9
2024-05-05 13:00:00,19.4,61.9,12.4,646.0
2024-05-05 14:00:00,21.9,66.1,9.0,600.7
2024-05-05 15:00:00,26.7,56.3,9.6,611.5
2024-05-05 16:00:00,19.1,52.4,8.1,522.3
2024-05-05 17:00:00,15.2,59.2,8.8,584.3
2024-05-05 18:00:00,22.3,57.8,12.5,541.0
2024-05-05 19:00:00,25.3,55.3,10.8,547.8
2024-05-05 20:00:00,27.3,59.1,8.7,528.4
2024-05-05 21:00:00,22.3,56.4,8.9,522.5
2024-05-05 22:00:00,22.5,50.3,13.1,448.7
2024-05-05 23:00:00,27.2,57.3,8.7,502.9
2024-05-06 00:00:00,18.1,53.8,9.2,420.0
2024-05-06 01:00:00,22.6,60.6,11.3,411.7
2024-05-06 02:00:00,24.3,56.1,10.5,477.8
2024-05-06 03:00:00,25.1,65.0,9.9,479.8
2024-05-06 04:00:00,22.2,67.4,14.9,512.6
2024-05-06 05:00:00,23.9,62.8,8.7,528.0
2024-05-06 06:00:00,16.3,51.6,12.1,513.0
2024-05-06 07:00:00,21.8,66.9,8.5,594.1
2024-05-06 08:00:00,25.1,67.2,10.9,578.6
2024-05-06 09:00:00,20.8,59.4,14.1,619.7
2024-05-06 10:00:00,24.0,65.9,9.8,670.7
2024-05-06 11:00:00,25.1,56.5,11.9,634.5
2024-05-06 12:00:00,22.8,49.9,13.2,665.9
2024-05-06 13:00:00,24.3,55.5,8.4,651.3
2024-05-06 14:00:00,20.9,67.9,11.7,646.8
2024-05-06 15:00:00,23.2,51.8,15.6,579.8
2024-05-06 16:00:00,25.7,59.2,10.6,611.9
2024-05-06 17:00:00,24.3,59.4,8.6,528.3
2024-05-06 18:00:00,22.1,56.6,8.4,583.2
2024-05-06 19:00:00,24.6,57.0,8.9,458.7
2024-05-06 20:00:00,26.0,59.5,8.3,498.2
2024-05-06 21:00:00,17.7,56.3,10.2,433.6
2024-05-06 22:00:00,27.4,52.0,8.2,503.2
2024-05-06 23:00:00,22.9,60.2,8.8,498.0
2024-05-07 00:00:00,25.2,64.5,9.7,473.5
2024-05-07 01:00:00,27.5,63.4,9.9,569.2
2024-05-07 02:00:00,19.8,55.0,10.5,399.6
2024-05-07 03:00:00,21.8,52.8,11.7,419.3
2024-05-07 04:00:00,23.1,57.6,8.1,459.7
2024-05-07 05:00:00,21.6,66.9,8.3,513.3
2024-05-07 06:00:00,29.2,62.3,8.2,567.7
2024-05-07 07:00:00,21.4,62.5,9.7,536.2
2024-05-07 08:00:00,22.3,63.4,8.1,604.7
2024-05-07 09:00:00,24.6,61.1,12.1,581.1
2024-05-07 10:00:00,20.4,59.6,8.8,582.5
2024-05-07 11:00:00,22.8,62.3,16.4,622.2
2024-05-07 12:00:00,25.0,56.2,10.0,638.8
2024-05-07 13:00:00,23.0,51.8,9.8,660.2
2024-05-07 14:00:00,23.8,62.5,12.5,602.2
2024-05-07 15:00:00,22.5,65.1,11.7,586.5
2024-05-07 16:00:00,19.5,53.3,10.8,594.3
2024-05-07 17:00:00,25.0,63.0,16.2,601.7
2024-05-07 18:00:00,29.3,67.3,9.6,646.3
2024-05-07 19:00:00,24.1,58.8,13.0,531.3
2024-05-07 20:00:00,24.8,54.7,9.4,499.5
2024-05-07 21:00:00,26.2,59.4,13.5,506.8
2024-05-07 22:00:00,20.3,56.0,8.9,433.5
2024-05-07 23:00:00,29.2,55.7,9.0,491.1
2024-05-08 00:00:00,24.7,60.9,11.4,395.2
2024-05-08 01:00:00,29.0,50.7,8.7,520.8
2024-05-08 02:00:00,21.9,51.5,8.8,448.5
2024-05-08 03:00:00,29.6,58.8,9.1,555.8
2024-05-08 04:00:00,26.5,58.6,11.4,428.5
2024-05-08 05:00:00,25.8,60.4,14.6,530.1
2024-05-08 06:00:00,24.9,68.1,11.4,527.4
2024-05-08 07:00:00,23.4,59.2,13.3,610.0
2024-05-08 08:00:00,27.8,61.6,10.4,647.9
2024-05-08 09:00:00,24.6,53.8,8.2,621.7
2024-05-08 10:00:00,18.3,62.5,8.3,607.2
2024-05-08 11:00:00,20.9,56.0,10.4,637.1
2024-05-08 12:00:00,23.7,58.9,9.2,612.4
2024-05-08 13:00:00,25.2,58.0,8.7,644.0
2024-05-08 14:00:00,24.1,63.7,9.9,614.4
2024-05-08 15:00:00,27.9,52.0,11.3,714.8
2024-05-08 16:00:00,18.4,47.1,9.5,619.7
2024-05-08 17:00:00,24.7,57.5,12.9,604.2
2024-05-08 18:00:00,18.8,60.8,12.0,486.8
2024-05-08 19:00:00,26.6,59.3,12.0,564.2
2024-05-08 20:00:00,24.0,64.6,20.6,500.8
2024-05-08 21:00:00,25.6,60.7,9.0,521.1
2024-05-08 22:00:00,21.7,55.6,11.1,453.3
2024-05-08 23:00:00,28.2,46.8,13.8,479.9
2024-05-09 00:00:00,27.5,57.2,10.6,480.1
2024-05-09 01:00:00,26.1,63.5,12.7,410.7
2024-05-09 02:00:00,24.0,56.4,9.6,431.1
2024-05-09 03:00:00,26.1,58.5,10.7,499.5
2024-05-09 04:00:00,22.2,60.5,8.2,518.4
2024-05-09 05:00:00,26.9,53.3,20.8,522.8
2024-05-09 06:00:00,29.3,61.5,12.8,599.1
2024-05-09 07:00:00,27.6,66.5,14.1,557.3
2024-05-09 08:00:00,22.2,57.4,11.6,626.4
2024-05-09 09:00:00,25.5,52.6,8.6,654.6
2024-05-09 10:00:00,20.5,57.9,8.1,635.4
2024-05-09 11:00:00,26.1,47.1,14.0,662.5
2024-05-09 12:00:00,25.8,59.9,9.5,703.3
2024-05-09 13:00:00,18.8,60.5,8.9,603.8
2024-05-09 14:00:00,21.0,66.6,10.5,593.2
2024-05-09 15:00:00,23.6,57.2,9.6,641.6
2024-05-09 16:00:00,23.6,60.2,11.2,620.1
2024-05-09 17:00:00,20.8,53.9,10.0,517.6
2024-05-09 18:00:00,25.6,56.4,11.6,537.8
2024-05-09 19:00:00,25.2,50.5,13.8,572.1
2024-05-09 20:00:00,23.9,57.2,8.7,503.2
2024-05-09 21:00:00,22.2,56.6,9.2,485.2
2024-05-09 22:00:00,27.7,59.6,9.7,455.4
2024-05-09 23:00:00,29.5,55.0,17.8,522.6
2024-05-10 00:00:00,23.1,58.5,9.4,394.3
2024-05-10 01:00:00,22.7,56.4,9.4,378.1
2024-05-10 02:00:00,26.0,56.4,11.2,492.4
2024-05-10 03:00:00,23.5,58.4,9.6,511.2
2024-05-10 04:00:00,24.1,58.2,17.1,485.3
2024-05-10 05:00:00,26.8,61.8,14.7,525.5
2024-05-10 06:00:00,18.9,57.4,10.2,581.1
2024-05-10 07:00:00,28.5,56.2,11.1,606.6
2024-05-10 08:00:00,24.8,57.1,8.2,595.1
2024-05-10 09:00:00,23.4,54.4,11.6,657.8
2024-05-10 10:00:00,24.3,56.1,11.7,619.2
2024-05-10 11:00:00,24.5,68.1,9.3,627.3
2024-05-10 12:00:00,19.4,53.3,8.7,651.4
2024-05-10 13:00:00,29.1,56.5,15.4,670.1
2024-05-10 14:00:00,24.8,55.9,9.7,628.4
2024-05-10 15:00:00,26.0,56.6,11.2,588.1
2024-05-10 16:00:00,27.5,56.2,8.1,628.9
2024-05-10 17:00:00,21.6,59.2,9.6,559.6
2024-05-10 18:00:00,26.1,49.3,13.1,583.4
2024-05-10 19:00:00,23.9,63.0,9.5,543.4
2024-05-10 20:00:00,27.2,61.0,10.8,538.9
2024-05-10 21:00:00,18.3,51.6,8.7,469.1
2024-05-10 22:00:00,24.4,46.4,9.6,450.0
2024-05-10 23:00:00,22.9,52.9,15.9,454.9
2024-05-11 00:00:00,26.0,56.5,10.5,423.9
2024-05-11 01:00:00,26.1,70.6,15.0,398.5
2024-05-11 02:00:00,22.6,60.4,15.0,484.0
2024-05-11 03:00:00,22.6,48.7,16.7,479.3
2024-05-11 04:00:00,24.4,54.2,14.8,489.0
2024-05-11 05:00:00,22.1,57.4,8.0,538.5
2024-05-11 06:00:00,27.3,58.9,16.2,550.2
2024-05-11 07:00:00,23.7,51.1,8.4,541.1
2024-05-11 08:00:00,16.1,56.9,8.1,565.5
2024-05-11 09:00:00,23.7,54.0,8.2,625.6
2024-05-11 10:00:00,21.7,52.1,9.3,567.5
2024-05-11 11:00:00,19.9,58.9,10.9,603.0
2024-05-11 12:00:00,21.1,61.4,9.5,640.4
2024-05-11 13:00:00,25.2,61.8,8.1,612.7
2024-05-11 14:00:00,28.8,60.4,9.9,659.4
2024-05-11 15:00:00,25.8,55.0,9.8,558.7
2024-05-11 16:00:00,23.0,61.1,12.2,606.1
2024-05-11 17:00:00,26.2,59.0,9.0,565.9
2024-05-11 18:00:00,23.5,58.1,8.7,505.9
2024-05-11 19:00:00,22.8,54.4,8.9,468.7
2024-05-11 20:00:00,21.4,55.0,9.1,466.6
2024-05-11 21:00:00,19.6,57.8,10.7,410.9
2024-05-11 22:00:00,23.7,69.6,9.9,517.7
2024-05-11 23:00:00,25.4,58.9,9.2,384.6
2024-05-12 00:00:00,24.6,54.3,9.4,430.8
2024-05-12 01:00:00,23.7,53.2,9.4,444.1
2024-05-12 02:00:00,22.1,54.9,18.8,421.1
2024-05-12 03:00:00,26.8,68.2,8.8,506.5
2024-05-12 04:00:00,21.0,55.3,13.1,454.5
2024-05-12 05:00:00,27.3,61.9,11.7,593.5
2024-05-12 06:00:00,22.0,55.4,8.0,497.2
2024-05-12 07:00:00,22.7,58.6,23.0,490.6
2024-05-12 08:00:00,20.6,61.2,12.2,541.9
2024-05-12 09:00:00,23.5,54.4,11.4,619.3
2024-05-12 10:00:00,27.9,54.0,9.6,660.4
2024-05-12 11:00:00,26.6,65.5,10.4,686.3
2024-05-12 12:00:00,28.0,62.1,8.9,696.8
2024-05-12 13:00:00,26.6,61.2,8.1,642.9
2024-05-12 14:00:00,21.7,61.1,13.4,604.9
2024-05-12 15:00:00,24.1,59.5,14.8,602.0
2024-05-12 16:00:00,22.7,67.3,8.5,646.0
2024-05-12 17:00:00,29.1,57.4,12.6,640.9
2024-05-12 18:00:00,21.5,60.0,12.1,588.5
2024-05-12 19:00:00,27.8,49.9,8.6,572.4
2024-05-12 20:00:00,27.8,53.0,9.6,522.8
2024-05-12 21:00:00,30.6,51.1,9.6,513.8
2024-05-12 22:00:00,23.9,63.5,12.3,463.2
2024-05-12 23:00:00,27.2,44.3,13.5,465.7
2024-05-13 00:00:00,32.0,55.0,8.3,539.2
2024-05-13 01:00:00,23.3,42.1,10.5,426.7
2024-05-13 02:00:00,20.5,52.9,12.3,378.5
2024-05-13 03:00:00,19.5,54.6,12.6,494.6
2024-05-13 04:00:00,27.3,63.9,8.5,522.9
2024-05-13 05:00:00,19.5,59.0,10.2,461.4
2024-05-13 06:00:00,24.0,52.8,13.8,554.0
2024-05-13 07:00:00,26.5,62.3,9.2,565.0
2024-05-13 08:00:00,25.7,57.0,9.7,621.7
2024-05-13 09:00:00,26.5,57.1,12.9,659.1
2024-05-13 10:00:00,25.9,50.9,8.3,670.1
2024-05-13 11:00:00,29.0,51.9,13.9,683.1
2024-05-13 12:00:00,22.4,52.8,9.1,618.4
2024-05-13 13:00:00,23.2,57.1,8.0,614.5
2024-05-13 14:00:00,22.9,57.2,8.8,600.3
2024-05-13 15:00:00,27.7,64.6,8.3,650.2
2024-05-13 16:00:00,27.9,58.8,8.3,623.6
2024-05-13 17:00:00,26.6,43.3,11.5,557.7
2024-05-13 18:00:00,28.8,58.1,8.7,556.8
2024-05-13 19:00:00,21.7,49.5,16.2,498.0
2024-05-13 20:00:00,30.3,51.9,10.2,547.4
2024-05-13 21:00:00,29.9,52.7,9.8,499.0
2024-05-13 22:00:00,27.5,53.4,9.7,510.0
2024-05-13 23:00:00,30.6,49.9,11.5,572.1
2024-05-14 00:00:00,20.3,57.7,9.8,457.8
2024-05-14 01:00:00,23.7,49.6,8.4,417.8
2024-05-14 02:00:00,23.1,58.5,14.4,448.9
2024-05-14 03:00:00,27.5,67.9,9.7,554.4
2024-05-14 04:00:00,22.2,50.0,8.2,443.6
2024-05-14 05:00:00,27.6,55.2,10.3,571.6
2024-05-14 06:00:00,29.5,44.0,11.1,550.2
2024-05-14 07:00:00,27.4,55.1,9.0,648.3
2024-05-14 08:00:00,26.2,59.8,12.8,597.9
2024-05-14 09:00:00,22.4,60.2,11.3,672.3
2024-05-14 10:00:00,22.8,57.0,11.2,673.4
2024-05-14 11:00:00,29.1,61.0,9.6,690.7
2024-05-14 12:00:00,27.7,69.3,17.8,660.9
2024-05-14 13:00:00,25.3,65.1,9.0,657.4
2024-05-14 14:00:00,24.2,53.9,10.6,622.0
2024-05-14 15:00:00,19.3,49.2,9.1,583.6
2024-05-14 16:00:00,22.2,54.5,12.1,531.4
2024-05-14 17:00:00,31.2,51.7,8.1,636.2
2024-05-14 18:00:00,21.6,58.7,8.1,498.1
2024-05-14 19:00:00,26.0,50.5,13.0,544.9
2024-05-14 20:00:00,28.5,56.1,9.7,565.3
2024-05-14 21:00:00,21.7,60.6,9.3,484.1
2024-05-14 22:00:00,26.0,55.9,10.8,480.7
2024-05-14 23:00:00,28.3,51.7,11.6,458.7
2024-05-15 00:00:00,25.5,62.2,8.7,461.7
2024-05-15 01:00:00,34.1,47.0,8.6,609.8
2024-05-15 02:00:00,20.5,54.7,17.5,423.4
2024-05-15 03:00:00,28.7,56.1,10.7,521.3
2024-05-15 04:00:00,25.0,56.4,9.5,493.9
2024-05-15 05:00:00,27.8,57.2,12.9,601.8
2024-05-15 06:00:00,26.9,59.3,10.2,592.9
2024-05-15 07:00:00,23.3,56.1,8.8,581.2
2024-05-15 08:00:00,26.2,54.4,8.7,556.9
2024-05-15 09:00:00,20.0,54.2,9.5,603.0
2024-05-15 10:00:00,27.4,53.2,13.9,652.1
2024-05-15 11:00:00,26.5,60.2,8.2,655.3
2024-05-15 12:00:00,27.5,53.0,8.7,624.6
2024-05-15 13:00:00,28.8,60.4,14.7,655.6
2024-05-15 14:00:00,26.7,56.3,8.4,648.6
2024-05-15 15:00:00,26.1,53.6,11.0,660.2
2024-05-15 16:00:00,23.0,59.2,8.7,569.0
2024-05-15 17:00:00,23.5,52.5,10.8,549.8
2024-05-15 18:00:00,29.2,59.3,9.4,650.6
2024-05-15 19:00:00,29.9,57.2,8.3,572.9
2024-05-15 20:00:00,24.9,53.1,10.6,492.1
2024-05-15 21:00:00,25.8,58.7,11.4,482.0
2024-05-15 22:00:00,22.9,58.8,11.4,409.4
2024-05-15 23:00:00,29.2,61.8,11.0,519.0
2024-05-16 00:00:00,27.7,60.9,10.1,457.9
2024-05-16 01:00:00,31.5,58.5,10.2,537.7
2024-05-16 02:00:00,23.1,50.4,11.0,459.4
2024-05-16 03:00:00,24.6,68.2,11.5,538.3
2024-05-16 04:00:00,26.4,49.0,11.2,467.7
2024-05-16 05:00:00,27.7,60.7,10.7,577.3
2024-05-16 06:00:00,25.1,58.1,8.5,575.7
2024-05-16 07:00:00,23.1,50.1,8.7,539.5
2024-05-16 08:00:00,28.4,55.3,8.9,651.8
2024-05-16 09:00:00,27.9,55.5,15.6,697.8
2024-05-16 10:00:00,23.0,62.4,12.3,602.1
2024-05-16 11:00:00,29.8,52.3,10.4,707.2
2024-05-16 12:00:00,29.3,54.6,8.9,708.3
2024-05-16 13:00:00,26.2,44.2,8.4,665.2
2024-05-16 14:00:00,26.0,64.5,14.9,670.9
2024-05-16 15:00:00,27.4,50.5,14.7,645.3
2024-05-16 16:00:00,23.2,57.4,8.4,602.4
2024-05-16 17:00:00,25.9,55.3,12.8,554.0
2024-05-16 18:00:00,19.4,55.3,9.8,532.9
2024-05-16 19:00:00,28.4,59.8,9.2,546.8
2024-05-16 20:00:00,21.1,64.1,12.0,446.2
2024-05-16 21:00:00,30.3,57.0,10.9,528.1
2024-05-16 22:00:00,24.8,59.0,12.5,469.8
2024-05-16 23:00:00,25.2,57.4,8.2,466.9
2024-05-17 00:00:00,24.0,60.8,9.2,405.0
2024-05-17 01:00:00,25.0,53.4,9.2,421.9
2024-05-17 02:00:00,30.1,61.0,9.2,547.7
2024-05-17 03:00:00,18.4,61.2,10.1,477.2
2024-05-17 04:00:00,29.7,61.1,9.0,582.6
2024-05-17 05:00:00,26.9,52.3,9.8,579.5
2024-05-17 06:00:00,22.3,54.8,9.4,547.7
2024-05-17 07:00:00,22.7,56.8,12.0,547.6
2024-05-17 08:00:00,30.9,48.7,10.8,673.6
2024-05-17 09:00:00,23.1,63.5,11.2,659.9
2024-05-17 10:00:00,22.5,55.5,8.7,702.2
2024-05-17 11:00:00,29.3,57.0,9.2,708.9
2024-05-17 12:00:00,27.0,52.6,8.1,681.1
2024-05-17 13:00:00,23.1,48.9,8.3,650.7
2024-05-17 14:00:00,26.6,52.5,8.9,648.5
2024-05-17 15:00:00,22.9,56.6,8.2,640.6
2024-05-17 16:00:00,29.3,58.8,10.8,678.5
2024-05-17 17:00:00,29.2,56.3,26.8,631.8
2024-05-17 18:00:00,27.6,57.2,8.3,565.1
2024-05-17 19:00:00,27.1,53.7,13.2,495.5
2024-05-17 20:00:00,31.3,57.9,8.4,602.8
2024-05-17 21:00:00,26.0,62.8,11.3,496.0
2024-05-17 22:00:00,22.5,58.9,11.1,425.6
2024-05-17 23:00:00,27.4,59.4,15.0,442.7
2024-05-18 00:00:00,32.3,56.8,8.4,569.1
2024-05-18 01:00:00,23.0,47.8,9.1,386.5
2024-05-18 02:00:00,25.0,50.1,8.3,467.1
2024-05-18 03:00:00,27.3,57.6,9.6,526.1
2024-05-18 04:00:00,25.9,55.3,15.3,522.0
2024-05-18 05:00:00,23.1,57.5,12.6,498.9
2024-05-18 06:00:00,29.4,63.7,11.9,565.6
2024-05-18 07:00:00,33.0,58.9,10.3,709.0
2024-05-18 08:00:00,26.7,61.5,14.4,652.5
2024-05-18 09:00:00,23.4,55.7,9.8,590.5
2024-05-18 10:00:00,21.5,51.2,8.5,629.1
2024-05-18 11:00:00,26.9,54.9,13.5,709.4
2024-05-18 12:00:00,29.4,51.2,9.0,706.9
2024-05-18 13:00:00,27.6,63.0,8.2,661.8
2024-05-18 14:00:00,26.1,59.1,8.4,677.4
2024-05-18 15:00:00,24.4,57.8,10.8,592.8
2024-05-18 16:00:00,22.9,61.3,10.8,548.3
2024-05-18 17:00:00,28.7,45.0,8.9,632.7
2024-05-18 18:00:00,28.9,58.1,11.9,580.3
2024-05-18 19:00:00,21.5,48.5,12.5,490.8
2024-05-18 20:00:00,30.9,55.0,15.6,554.6
2024-05-18 21:00:00,27.9,53.5,10.6,491.9
2024-05-18 22:00:00,30.4,58.4,12.5,571.0
2024-05-18 23:00:00,22.2,56.2,12.2,485.1
2024-05-19 00:00:00,22.1,61.8,8.9,488.3
2024-05-19 01:00:00,25.8,52.0,9.1,488.7
2024-05-19 02:00:00,27.7,58.5,10.0,504.4
2024-05-19 03:00:00,31.6,55.8,8.1,522.1
2024-05-19 04:00:00,28.4,46.8,9.1,523.6
2024-05-19 05:00:00,25.5,50.4,9.9,588.3
2024-05-19 06:00:00,23.2,54.2,8.3,522.1
2024-05-19 07:00:00,29.9,60.5,8.4,680.7
2024-05-19 08:00:00,23.4,57.2,9.9,589.3
2024-05-19 09:00:00,31.2,49.1,11.9,614.4
2024-05-19 10:00:00,25.4,54.2,13.4,656.4
2024-05-19 11:00:00,31.1,65.0,10.4,764.8
2024-05-19 12:00:00,28.3,55.4,9.9,681.7
2024-05-19 13:00:00,25.9,53.2,9.5,687.9
2024-05-19 14:00:00,24.7,57.3,8.6,583.2
2024-05-19 15:00:00,25.3,58.6,8.5,580.8
2024-05-19 16:00:00,27.6,52.5,12.7,628.7
2024-05-19 17:00:00,26.6,57.3,9.9,603.2
2024-05-19 18:00:00,24.6,53.1,12.7,583.8
2024-05-19 19:00:00,25.8,58.4,11.7,549.8
2024-05-19 20:00:00,26.6,55.6,8.6,476.7
2024-05-19 21:00:00,20.0,57.1,10.1,464.3
2024-05-19 22:00:00,27.7,50.9,9.8,504.7
2024-05-19 23:00:00,23.4,50.6,9.7,381.9
2024-05-20 00:00:00,22.9,59.4,10.3,435.2
2024-05-20 01:00:00,21.3,54.3,20.1,421.9
2024-05-20 02:00:00,21.0,56.1,13.0,422.6
2024-05-20 03:00:00,22.3,53.1,15.0,475.2
2024-05-20 04:00:00,24.3,59.1,8.1,459.7
2024-05-20 05:00:00,32.3,51.6,8.5,632.8
2024-05-20 06:00:00,24.8,53.9,8.3,562.5
2024-05-20 07:00:00,27.0,58.5,8.9,626.4
2024-05-20 08:00:00,27.6,60.5,9.7,593.1
2024-05-20 09:00:00,26.8,52.0,11.1,588.9
2024-05-20 10:00:00,26.2,64.4,10.1,658.0
2024-05-20 11:00:00,22.9,56.1,15.0,622.6
2024-05-20 12:00:00,30.8,49.3,16.4,805.2
2024-05-20 13:00:00,31.9,56.4,8.5,751.6
2024-05-20 14:00:00,21.4,52.6,13.8,616.3
2024-05-20 15:00:00,23.4,56.7,10.0,603.1
2024-05-20 16:00:00,25.6,54.3,9.8,566.1
2024-05-20 17:00:00,23.6,54.8,12.6,580.6
2024-05-20 18:00:00,28.0,49.9,8.3,574.0
2024-05-20 19:00:00,24.3,59.4,14.4,516.4
2024-05-20 20:00:00,33.0,48.6,11.3,612.5
2024-05-20 21:00:00,30.1,48.9,14.2,541.8
2024-05-20 22:00:00,27.2,56.2,23.6,430.4
2024-05-20 23:00:00,29.6,62.4,10.2,533.7
2024-05-21 00:00:00,29.9,52.6,8.3,478.7
2024-05-21 01:00:00,24.9,57.9,8.5,447.1
2024-05-21 02:00:00,24.1,59.7,9.2,495.3
2024-05-21 03:00:00,26.8,58.4,8.3,548.8
2024-05-21 04:00:00,29.2,52.8,13.1,492.4
2024-05-21 05:00:00,27.0,48.8,9.1,538.6
2024-05-21 06:00:00,21.9,43.2,19.2,532.6
2024-05-21 07:00:00,24.2,53.0,11.6,521.1
2024-05-21 08:00:00,26.4,60.1,8.6,636.7
2024-05-21 09:00:00,26.4,48.6,9.9,631.0
2024-05-21 10:00:00,32.5,57.7,9.9,746.8
2024-05-21 11:00:00,22.5,49.5,10.0,598.6
2024-05-21 12:00:00,28.1,54.7,10.3,692.8
2024-05-21 13:00:00,31.1,57.7,8.1,749.1
2024-05-21 14:00:00,33.5,50.9,11.5,760.6
2024-05-21 15:00:00,25.4,55.0,10.0,606.4
2024-05-21 16:00:00,28.1,52.1,12.7,615.8
2024-05-21 17:00:00,28.4,57.7,13.1,617.3
2024-05-21 18:00:00,27.3,55.3,8.8,571.2
2024-05-21 19:00:00,26.4,54.4,8.1,561.0
2024-05-21 20:00:00,28.0,61.9,11.6,517.5
2024-05-21 21:00:00,19.1,57.4,19.4,422.1
2024-05-21 22:00:00,28.7,50.6,9.8,510.6
2024-05-21 23:00:00,27.1,53.6,8.9,456.0
2024-05-22 00:00:00,26.0,53.7,8.5,479.5
2024-05-22 01:00:00,32.9,54.4,9.0,563.0
2024-05-22 02:00:00,24.7,66.6,9.2,484.0
2024-05-22 03:00:00,25.5,55.8,9.7,451.1
2024-05-22 04:00:00,32.7,43.8,11.2,605.4
2024-05-22 05:00:00,24.2,51.3,9.0,493.2
2024-05-22 06:00:00,25.1,44.3,8.2,506.3
2024-05-22 07:00:00,26.3,52.3,9.4,558.1
2024-05-22 08:00:00,29.3,44.0,13.8,624.6
2024-05-22 09:00:00,27.4,49.6,10.1,676.5
2024-05-22 10:00:00,22.9,46.3,18.0,599.3
2024-05-22 11:00:00,25.2,55.8,10.1,607.8
2024-05-22 12:00:00,25.0,53.9,9.0,650.6
2024-05-22 13:00:00,26.6,55.4,8.6,659.6
2024-05-22 14:00:00,28.1,53.3,11.6,650.7
2024-05-22 15:00:00,28.1,46.9,10.3,641.3
2024-05-22 16:00:00,21.5,56.4,10.8,609.2
2024-05-22 17:00:00,30.0,63.4,12.2,657.9
2024-05-22 18:00:00,27.6,55.8,11.9,591.4
2024-05-22 19:00:00,31.0,51.6,8.1,561.0
2024-05-22 20:00:00,28.2,46.6,12.9,613.3
2024-05-22 21:00:00,30.1,49.2,10.3,567.8
2024-05-22 22:00:00,28.3,56.0,9.5,511.4
2024-05-22 23:00:00,30.9,59.1,10.3,493.0
2024-05-23 00:00:00,28.4,55.0,10.8,512.8
2024-05-23 01:00:00,26.6,57.7,8.5,451.8
2024-05-23 02:00:00,33.7,57.2,9.6,586.2
2024-05-23 03:00:00,29.6,56.2,9.2,479.9
2024-05-23 04:00:00,28.6,50.4,9.3,497.3
2024-05-23 05:00:00,23.1,54.5,8.3,522.1
2024-05-23 06:00:00,23.0,49.4,8.5,562.3
2024-05-23 07:00:00,27.8,53.7,8.5,621.8
2024-05-23 08:00:00,27.4,55.3,9.4,640.4
2024-05-23 09:00:00,25.1,62.0,14.7,620.4
2024-05-23 10:00:00,27.4,47.0,8.7,641.2
2024-05-23 11:00:00,31.7,56.0,9.6,742.8
2024-05-23 12:00:00,29.0,61.0,9.1,720.3
2024-05-23 13:00:00,23.5,57.3,12.6,635.3
2024-05-23 14:00:00,26.6,57.7,8.2,686.8
2024-05-23 15:00:00,24.5,56.4,8.7,609.0
2024-05-23 16:00:00,25.8,60.0,8.7,577.5
2024-05-23 17:00:00,25.7,48.0,22.9,575.9
2024-05-23 18:00:00,25.5,46.5,10.5,551.1
2024-05-23 19:00:00,23.2,53.4,8.4,506.7
2024-05-23 20:00:00,26.6,42.6,9.0,544.7
2024-05-23 21:00:00,25.3,59.6,8.6,505.9
2024-05-23 22:00:00,18.2,59.5,8.4,402.8
2024-05-23 23:00:00,33.2,51.2,12.8,613.9
2024-05-24 00:00:00,30.3,51.5,10.1,428.2
2024-05-24 01:00:00,25.9,53.0,11.0,522.3
2024-05-24 02:00:00,27.1,53.6,9.2,471.8
2024-05-24 03:00:00,23.5,54.0,10.4,460.5
2024-05-24 04:00:00,32.1,56.1,8.9,594.0
2024-05-24 05:00:00,32.7,52.5,9.1,641.8
2024-05-24 06:00:00,27.5,58.0,11.2,574.3
2024-05-24 07:00:00,30.1,55.5,8.5,631.8
2024-05-24 08:00:00,27.6,50.2,10.9,660.6
2024-05-24 09:00:00,23.1,59.9,13.7,625.2
2024-05-24 10:00:00,25.8,46.5,8.4,608.4
2024-05-24 11:00:00,27.5,52.8,14.8,690.0
2024-05-24 12:00:00,25.7,58.1,8.2,671.0
2024-05-24 13:00:00,26.4,49.6,9.3,638.3
2024-05-24 14:00:00,26.8,54.7,10.8,675.1
2024-05-24 15:00:00,26.9,55.9,10.5,631.7
2024-05-24 16:00:00,27.3,48.9,8.3,610.2
2024-05-24 17:00:00,23.9,52.8,12.8,557.3
2024-05-24 18:00:00,25.0,52.4,18.9,473.2
2024-05-24 19:00:00,23.3,50.4,8.6,492.1
2024-05-24 20:00:00,30.1,64.6,14.8,585.0
2024-05-24 21:00:00,20.8,49.3,10.4,453.8
2024-05-24 22:00:00,30.6,58.1,16.2,494.1
2024-05-24 23:00:00,31.3,51.1,8.6,560.5
2024-05-25 00:00:00,26.3,47.6,12.7,446.3
2024-05-25 01:00:00,19.4,53.6,8.2,393.9
2024-05-25 02:00:00,26.1,56.3,14.4,537.5
2024-05-25 03:00:00,27.0,57.6,11.4,465.7
2024-05-25 04:00:00,24.2,60.8,9.4,520.7
2024-05-25 05:00:00,25.7,67.7,8.6,510.5
2024-05-25 06:00:00,31.8,54.2,13.1,642.6
2024-05-25 07:00:00,29.2,49.6,10.8,591.5
2024-05-25 08:00:00,24.4,55.2,9.3,556.3
2024-05-25 09:00:00,22.4,51.6,9.8,616.9
2024-05-25 10:00:00,26.3,57.6,13.3,658.8
2024-05-25 11:00:00,26.6,46.4,9.2,689.0
2024-05-25 12:00:00,28.7,64.7,8.3,692.4
2024-05-25 13:00:00,25.6,57.2,15.3,717.3
2024-05-25 14:00:00,28.8,44.5,9.5,678.8
2024-05-25 15:00:00,33.1,49.3,9.3,749.1
2024-05-25 16:00:00,29.7,56.9,8.7,613.3
2024-05-25 17:00:00,27.1,58.7,14.8,577.5
2024-05-25 18:00:00,26.7,46.5,8.7,575.1
2024-05-25 19:00:00,26.2,56.4,11.0,530.7
2024-05-25 20:00:00,30.8,43.1,14.4,571.2
2024-05-25 21:00:00,25.4,52.3,8.1,454.5
2024-05-25 22:00:00,27.4,58.3,13.3,490.6
2024-05-25 23:00:00,27.5,50.0,9.6,476.6
2024-05-26 00:00:00,25.8,45.2,11.2,414.3
2024-05-26 01:00:00,23.2,53.5,9.4,457.7
2024-05-26 02:00:00,28.3,49.7,11.6,442.4
2024-05-26 03:00:00,27.2,55.8,8.9,503.7
2024-05-26 04:00:00,28.8,48.3,8.1,589.7
2024-05-26 05:00:00,25.8,48.8,16.9,545.4
2024-05-26 06:00:00,31.0,42.6,8.0,638.7
2024-05-26 07:00:00,24.7,53.5,13.2,543.6
2024-05-26 08:00:00,32.5,51.8,8.6,754.1
2024-05-26 09:00:00,22.1,46.7,9.5,639.0
2024-05-26 10:00:00,28.7,53.6,13.2,648.5
2024-05-26 11:00:00,28.8,57.7,8.7,673.4
2024-05-26 12:00:00,25.0,51.5,14.0,683.5
2024-05-26 13:00:00,28.7,53.9,10.1,737.6
2024-05-26 14:00:00,31.2,53.9,9.4,676.8
2024-05-26 15:00:00,20.8,46.5,11.3,564.3
2024-05-26 16:00:00,28.9,62.8,9.3,640.9
2024-05-26 17:00:00,19.9,50.2,9.3,485.8
2024-05-26 18:00:00,24.5,55.8,12.0,544.9
2024-05-26 19:00:00,32.3,56.3,9.1,659.4
2024-05-26 20:00:00,25.7,51.8,8.7,458.7
2024-05-26 21:00:00,23.9,55.5,12.9,473.2
2024-05-26 22:00:00,26.9,53.7,12.9,460.4
2024-05-26 23:00:00,33.7,45.3,10.1,624.7
2024-05-27 00:00:00,22.0,50.8,10.2,411.4
2024-05-27 01:00:00,24.3,49.3,11.6,488.6
2024-05-27 02:00:00,32.0,50.1,10.1,535.2
2024-05-27 03:00:00,33.1,45.9,9.6,611.8
2024-05-27 04:00:00,27.2,58.0,23.8,527.8
2024-05-27 05:00:00,23.8,60.4,8.5,511.6
2024-05-27 06:00:00,33.8,57.2,10.7,657.0
2024-05-27 07:00:00,32.3,58.7,14.5,685.8
2024-05-27 08:00:00,29.6,50.6,11.5,635.1
2024-05-27 09:00:00,25.1,49.1,14.4,595.3
2024-05-27 10:00:00,27.4,48.4,9.2,698.6
2024-05-27 11:00:00,27.1,55.5,9.0,680.5
2024-05-27 12:00:00,28.5,53.4,13.7,704.2
2024-05-27 13:00:00,31.9,51.9,9.5,724.0
2024-05-27 14:00:00,30.2,58.7,11.7,693.4
2024-05-27 15:00:00,24.3,54.2,8.5,605.3
2024-05-27 16:00:00,31.7,48.0,12.2,693.5
2024-05-27 17:00:00,28.5,48.8,10.4,627.4
2024-05-27 18:00:00,29.6,55.6,8.9,601.2
2024-05-27 19:00:00,32.0,57.4,10.0,593.8
2024-05-27 20:00:00,24.3,54.9,11.6,514.7
2024-05-27 21:00:00,27.5,61.6,8.0,505.9
2024-05-27 22:00:00,26.0,60.3,11.0,429.2
2024-05-27 23:00:00,22.9,54.3,10.3,373.2
2024-05-28 00:00:00,28.6,47.9,8.7,492.7
2024-05-28 01:00:00,35.1,45.5,12.2,584.9
2024-05-28 02:00:00,22.1,50.1,9.1,454.9
2024-05-28 03:00:00,27.5,55.8,9.0,479.3
2024-05-28 04:00:00,29.6,61.2,9.9,557.6
2024-05-28 05:00:00,28.0,54.1,11.4,541.1
2024-05-28 06:00:00,27.3,57.9,15.9,624.2
2024-05-28 07:00:00,23.8,50.8,8.5,591.0
2024-05-28 08:00:00,28.4,55.1,9.5,673.8
2024-05-28 09:00:00,25.4,56.1,8.2,622.7
2024-05-28 10:00:00,21.1,42.1,12.3,633.3
2024-05-28 11:00:00,31.3,49.9,9.8,725.7
2024-05-28 12:00:00,30.6,56.7,11.7,761.5
2024-05-28 13:00:00,27.8,53.3,9.2,670.2
2024-05-28 14:00:00,28.4,45.9,13.6,623.8
2024-05-28 15:00:00,30.9,39.8,10.3,626.0
2024-05-28 16:00:00,28.4,50.1,16.6,681.2
2024-05-28 17:00:00,30.4,51.5,8.2,652.8
2024-05-28 18:00:00,26.8,47.4,10.2,577.3
2024-05-28 19:00:00,31.7,52.6,12.4,653.8
2024-05-28 20:00:00,28.7,54.4,10.8,488.0
2024-05-28 21:00:00,28.3,55.2,8.1,501.4
2024-05-28 22:00:00,23.9,40.0,18.8,438.7
2024-05-28 23:00:00,28.6,45.2,9.1,507.5
2024-05-29 00:00:00,25.3,50.3,8.9,426.4
2024-05-29 01:00:00,25.8,54.6,10.0,421.9
2024-05-29 02:00:00,25.3,54.2,10.3,426.8
2024-05-29 03:00:00,24.6,54.1,12.4,507.5
2024-05-29 04:00:00,34.1,49.8,9.5,612.7
2024-05-29 05:00:00,31.8,50.1,9.7,593.4
2024-05-29 06:00:00,33.5,48.1,10.3,689.8
2024-05-29 07:00:00,24.1,55.5,9.5,546.2
2024-05-29 08:00:00,28.0,47.1,15.4,573.7
2024-05-29 09:00:00,23.9,55.9,13.7,563.5
2024-05-29 10:00:00,25.7,52.7,9.8,637.4
2024-05-29 11:00:00,25.1,51.4,8.0,657.7
2024-05-29 12:00:00,31.5,48.3,14.9,724.5
2024-05-29 13:00:00,26.6,44.8,8.4,667.1
2024-05-29 14:00:00,31.0,48.4,8.8,659.7
2024-05-29 15:00:00,29.6,49.9,8.5,623.7
2024-05-29 16:00:00,34.7,39.7,8.6,811.5
2024-05-29 17:00:00,23.4,50.6,12.9,597.4
2024-05-29 18:00:00,31.6,56.2,10.6,659.3
2024-05-29 19:00:00,31.3,54.4,17.4,583.5
2024-05-29 20:00:00,24.9,49.0,8.8,486.9
2024-05-29 21:00:00,30.9,51.7,10.0,549.9
2024-05-29 22:00:00,28.9,48.7,19.4,540.3
2024-05-29 23:00:00,27.2,52.2,13.3,483.0
2024-05-30 00:00:00,25.4,59.2,11.9,468.8
2024-05-30 01:00:00,25.7,56.3,8.6,452.8
2024-05-30 02:00:00,34.0,54.0,12.4,621.9
2024-05-30 03:00:00,27.9,49.0,9.3,512.8
2024-05-30 04:00:00,30.2,55.2,10.3,563.0
2024-05-30 05:00:00,25.5,43.0,10.8,497.8
2024-05-30 06:00:00,25.6,50.1,10.8,546.5
2024-05-30 07:00:00,31.2,54.3,11.9,620.4
2024-05-30 08:00:00,23.9,55.1,11.3,588.4
2024-05-30 09:00:00,26.7,54.7,8.2,636.5
2024-05-30 10:00:00,28.0,52.8,9.8,592.6
2024-05-30 11:00:00,28.3,50.4,11.3,669.6
2024-05-30 12:00:00,27.4,54.0,9.1,635.7
2024-05-30 13:00:00,29.1,46.5,9.1,701.7
2024-05-30 14:00:00,30.0,47.1,8.4,709.8
2024-05-30 15:00:00,30.2,51.6,9.6,666.4
2024-05-30 16:00:00,25.0,52.1,21.0,612.6
2024-05-30 17:00:00,27.1,42.1,9.0,605.3
2024-05-30 18:00:00,31.6,53.5,10.3,626.8
2024-05-30 19:00:00,30.7,55.1,12.1,638.8
2024-05-30 20:00:00,23.9,50.8,8.0,465.7
2024-05-30 21:00:00,29.1,63.1,14.9,570.5
2024-05-30 22:00:00,22.1,47.8,9.5,433.9
2024-05-30 23:00:00,28.1,49.4,14.1,455.9
2024-05-31 00:00:00,33.7,49.2,8.1,564.3
2024-05-31 01:00:00,25.2,50.8,8.5,417.2
2024-05-31 02:00:00,25.5,49.5,9.2,486.1
2024-05-31 03:00:00,30.3,44.1,9.3,488.5
2024-05-31 04:00:00,23.4,48.4,13.6,525.2
2024-05-31 05:00:00,26.1,50.6,8.0,501.5
2024-05-31 06:00:00,29.8,57.2,11.1,631.1
2024-05-31 07:00:00,26.1,62.1,8.4,587.9
2024-05-31 08:00:00,27.3,57.7,13.2,630.2
2024-05-31 09:00:00,30.3,47.2,12.5,661.3
2024-05-31 10:00:00,29.3,47.6,10.1,690.6
2024-05-31 11:00:00,28.9,50.2,8.7,688.7
2024-05-31 12:00:00,27.1,59.9,11.0,626.1
2024-05-31 13:00:00,29.2,50.2,8.5,660.4
2024-05-31 14:00:00,27.7,44.3,8.6,640.2
2024-05-31 15:00:00,29.5,48.5,11.0,644.0
2024-05-31 16:00:00,26.6,54.7,22.2,649.9
2024-05-31 17:00:00,27.6,54.4,14.7,598.9
2024-05-31 18:00:00,25.1,49.9,10.7,522.7
2024-05-31 19:00:00,28.0,54.3,10.3,537.9
2024-05-31 20:00:00,25.7,39.5,27.3,480.5
2024-05-31 21:00:00,24.8,51.4,10.4,464.6
2024-05-31 22:00:00,28.9,55.2,9.6,472.2
2024-05-31 23:00:00,28.8,46.7,15.2,463.9
2024-06-01 00:00:00,30.5,46.7,8.8,534.3
2024-06-01 01:00:00,26.9,41.5,8.3,467.3
2024-06-01 02:00:00,29.4,58.8,11.0,508.5
2024-06-01 03:00:00,29.8,47.2,8.3,529.9
2024-06-01 04:00:00,29.5,52.0,9.4,546.7
2024-06-01 05:00:00,25.7,53.8,9.7,520.6
2024-06-01 06:00:00,28.6,58.3,10.4,604.1
2024-06-01 07:00:00,29.3,50.0,22.4,632.9
2024-06-01 08:00:00,28.2,48.1,8.7,580.7
2024-06-01 09:00:00,21.9,51.6,9.4,595.5
2024-06-01 10:00:00,28.7,57.1,8.4,630.2
2024-06-01 11:00:00,34.8,49.9,10.8,816.6
2024-06-01 12:00:00,27.1,45.9,11.9,686.5
2024-06-01 13:00:00,26.0,43.0,10.0,628.8
2024-06-01 14:00:00,29.3,44.6,8.8,675.0
2024-06-01 15:00:00,29.2,55.0,10.9,601.9
2024-06-01 16:00:00,31.8,49.0,10.3,715.1
2024-06-01 17:00:00,24.5,47.6,8.6,586.8
2024-06-01 18:00:00,30.4,47.0,9.6,645.0
2024-06-01 19:00:00,30.0,51.0,9.7,624.3
2024-06-01 20:00:00,27.8,49.4,20.2,486.8
2024-06-01 21:00:00,29.3,49.2,13.7,549.2
2024-06-01 22:00:00,31.3,57.3,12.0,589.3
2024-06-01 23:00:00,30.9,58.3,14.6,482.3
2024-06-02 00:00:00,24.8,42.5,12.0,434.8
2024-06-02 01:00:00,30.7,52.2,15.0,510.6
2024-06-02 02:00:00,28.1,46.6,8.2,514.6
2024-06-02 03:00:00,28.5,49.3,9.8,439.8
2024-06-02 04:00:00,28.5,52.0,12.1,588.3
2024-06-02 05:00:00,27.8,49.4,10.6,544.6
2024-06-02 06:00:00,31.9,51.6,8.6,665.9
2024-06-02 07:00:00,28.0,53.8,9.2,602.8
2024-06-02 08:00:00,24.9,51.9,9.1,610.3
2024-06-02 09:00:00,27.1,47.2,8.9,565.3
2024-06-02 10:00:00,28.8,47.3,9.3,661.3
2024-06-02 11:00:00,32.0,43.2,10.2,758.9
2024-06-02 12:00:00,30.1,46.1,13.8,713.8
2024-06-02 13:00:00,25.8,60.2,12.1,604.3
2024-06-02 14:00:00,35.8,46.4,13.4,811.0
2024-06-02 15:00:00,29.1,44.4,14.5,635.0
2024-06-02 16:00:00,32.2,51.9,9.6,667.2
2024-06-02 17:00:00,27.9,49.8,9.3,555.0
2024-06-02 18:00:00,30.0,49.3,8.2,622.4
2024-06-02 19:00:00,30.9,57.4,16.0,630.8
2024-06-02 20:00:00,32.0,53.0,8.2,655.6
2024-06-02 21:00:00,31.5,47.6,12.1,515.4
2024-06-02 22:00:00,31.0,48.1,9.4,557.1
2024-06-02 23:00:00,27.4,47.7,16.9,496.4
2024-06-03 00:00:00,26.7,54.6,9.6,445.4
2024-06-03 01:00:00,29.4,48.7,13.1,470.7
2024-06-03 02:00:00,31.2,41.3,9.0,501.6
2024-06-03 03:00:00,27.7,50.0,9.1,486.2
2024-06-03 04:00:00,31.6,42.5,10.7,584.9
2024-06-03 05:00:00,32.8,61.1,26.6,675.8
2024-06-03 06:00:00,25.7,45.3,10.2,581.5
2024-06-03 07:00:00,25.9,49.4,16.3,530.0
2024-06-03 08:00:00,28.0,51.4,12.6,603.2
2024-06-03 09:00:00,29.3,48.7,12.8,703.9
2024-06-03 10:00:00,26.9,48.7,9.7,626.6
2024-06-03 11:00:00,32.5,52.2,9.5,745.8
2024-06-03 12:00:00,29.7,57.7,8.6,653.1
2024-06-03 13:00:00,28.6,53.9,18.0,716.8
2024-06-03 14:00:00,24.1,57.5,17.6,571.7
2024-06-03 15:00:00,24.5,44.8,12.1,560.1
2024-06-03 16:00:00,29.3,51.6,9.1,676.5
2024-06-03 17:00:00,22.1,50.8,8.8,612.3
2024-06-03 18:00:00,31.5,51.8,21.4,623.0
2024-06-03 19:00:00,28.0,56.9,8.2,552.3
2024-06-03 20:00:00,38.2,48.9,13.6,766.8
2024-06-03 21:00:00,35.4,48.0,9.3,651.8
2024-06-03 22:00:00,27.9,52.6,9.6,479.0
2024-06-03 23:00:00,28.2,41.1,13.4,462.8
2024-06-04 00:00:00,31.5,48.8,8.3,482.8
2024-06-04 01:00:00,33.6,49.3,9.3,583.2
2024-06-04 02:00:00,23.6,45.3,17.1,443.6
2024-06-04 03:00:00,23.1,55.2,11.6,451.7
2024-06-04 04:00:00,26.6,44.6,12.2,477.6
2024-06-04 05:00:00,30.3,49.2,12.3,556.0
2024-06-04 06:00:00,30.0,51.3,8.2,624.4
2024-06-04 07:00:00,31.7,56.6,8.7,690.8
2024-06-04 08:00:00,24.9,49.8,10.0,584.6
2024-06-04 09:00:00,21.6,54.5,9.4,587.0
2024-06-04 10:00:00,31.1,53.3,9.6,686.5
2024-06-04 11:00:00,26.1,50.4,12.6,679.3
2024-06-04 12:00:00,22.5,44.4,8.0,628.1
2024-06-04 13:00:00,29.0,42.6,11.2,693.6
2024-06-04 14:00:00,30.9,50.3,8.0,718.2
2024-06-04 15:00:00,28.2,47.0,8.2,638.8
2024-06-04 16:00:00,27.2,54.3,9.6,583.6
2024-06-04 17:00:00,28.1,53.5,13.5,575.2
2024-06-04 18:00:00,27.5,48.8,8.5,602.8
2024-06-04 19:00:00,24.5,43.9,10.4,490.8
2024-06-04 20:00:00,26.4,52.3,11.4,497.0
2024-06-04 21:00:00,30.2,44.6,8.8,500.1
2024-06-04 22:00:00,29.6,45.9,10.2,473.0
2024-06-04 23:00:00,29.1,44.8,15.3,469.0
2024-06-05 00:00:00,25.6,49.0,10.2,500.4
2024-06-05 01:00:00,28.1,55.5,8.5,502.9
2024-06-05 02:00:00,22.1,49.6,11.0,425.9
2024-06-05 03:00:00,29.2,47.4,10.7,552.5
2024-06-05 04:00:00,32.9,42.0,8.1,599.7
2024-06-05 05:00:00,24.2,52.4,8.3,555.1
2024-06-05 06:00:00,26.9,45.7,8.5,627.0
2024-06-05 07:00:00,29.6,50.2,8.4,655.9
2024-06-05 08:00:00,32.4,47.8,8.9,699.7
2024-06-05 09:00:00,27.3,53.7,9.8,661.2
2024-06-05 10:00:00,26.6,48.7,9.4,646.0
2024-06-05 11:00:00,22.7,49.2,14.6,572.2
2024-06-05 12:00:00,29.0,51.9,10.8,670.7
2024-06-05 13:00:00,34.8,60.0,14.3,773.0
2024-06-05 14:00:00,29.5,53.9,10.2,665.5
2024-06-05 15:00:00,28.6,49.0,8.3,708.3
2024-06-05 16:00:00,29.6,49.5,9.9,682.8
2024-06-05 17:00:00,28.6,46.8,13.2,622.3
2024-06-05 18:00:00,26.2,44.7,8.6,577.9
2024-06-05 19:00:00,31.2,46.7,8.3,540.3
2024-06-05 20:00:00,29.4,45.5,9.2,564.9
2024-06-05 21:00:00,28.8,52.7,9.5,545.1
2024-06-05 22:00:00,25.8,44.0,9.1,394.9
2024-06-05 23:00:00,32.6,56.0,8.4,581.8
2024-06-06 00:00:00,30.7,53.1,8.9,475.5
2024-06-06 01:00:00,27.1,49.4,11.4,408.9
2024-06-06 02:00:00,31.7,49.3,9.5,587.9
2024-06-06 03:00:00,27.2,46.5,11.0,464.2
2024-06-06 04:00:00,26.4,50.7,10.3,486.4
2024-06-06 05:00:00,26.5,54.7,10.4,564.5
2024-06-06 06:00:00,23.4,45.8,8.9,523.1
2024-06-06 07:00:00,30.2,41.6,10.2,623.8
2024-06-06 08:00:00,23.3,52.8,8.1,578.8
2024-06-06 09:00:00,25.1,50.9,9.7,627.1
2024-06-06 10:00:00,22.5,43.6,10.6,606.7
2024-06-06 11:00:00,28.5,45.6,8.6,680.6
2024-06-06 12:00:00,28.3,44.9,8.9,662.6
2024-06-06 13:00:00,27.8,45.6,8.7,678.5
2024-06-06 14:00:00,25.6,47.6,8.2,645.3
2024-06-06 15:00:00,25.3,47.8,9.3,673.7
2024-06-06 16:00:00,30.2,45.9,19.6,644.3
2024-06-06 17:00:00,27.1,45.4,9.3,583.7
2024-06-06 18:00:00,29.7,48.0,9.9,607.0
2024-06-06 19:00:00,26.1,50.0,11.2,558.2
2024-06-06 20:00:00,29.3,47.5,11.1,510.8
2024-06-06 21:00:00,32.7,54.9,17.0,589.1
2024-06-06 22:00:00,30.6,51.6,13.8,453.3
2024-06-06 23:00:00,27.6,41.1,12.7,461.7
2024-06-07 00:00:00,29.6,51.7,17.1,531.5
2024-06-07 01:00:00,28.1,52.1,8.8,460.1
2024-06-07 02:00:00,28.8,46.9,10.9,504.7
2024-06-07 03:00:00,27.9,41.6,14.5,483.5
2024-06-07 04:00:00,28.3,49.1,10.9,504.4
2024-06-07 05:00:00,29.5,49.0,19.4,599.5
2024-06-07 06:00:00,25.9,43.4,8.3,517.8
2024-06-07 07:00:00,25.8,41.7,9.7,582.4
2024-06-07 08:00:00,24.7,48.5,19.4,601.1
2024-06-07 09:00:00,24.1,47.8,9.4,582.2
2024-06-07 10:00:00,25.2,46.9,12.0,636.4
2024-06-07 11:00:00,29.3,48.5,8.1,662.6
2024-06-07 12:00:00,26.2,43.4,11.6,668.0
2024-06-07 13:00:00,30.4,46.7,16.2,667.2
2024-06-07 14:00:00,29.0,51.6,9.4,666.7
2024-06-07 15:00:00,23.0,47.1,8.1,593.8
2024-06-07 16:00:00,30.8,40.5,8.1,697.7
2024-06-07 17:00:00,31.3,46.5,14.7,655.8
2024-06-07 18:00:00,25.9,43.5,11.8,578.3
2024-06-07 19:00:00,30.2,50.2,8.3,598.3
2024-06-07 20:00:00,26.3,50.4,8.2,523.7
2024-06-07 21:00:00,29.2,40.5,12.9,507.2
2024-06-07 22:00:00,25.1,52.6,13.0,491.2
2024-06-07 23:00:00,23.5,43.2,8.4,424.3
2024-06-08 00:00:00,27.8,56.6,9.1,424.6
2024-06-08 01:00:00,28.5,48.5,12.5,479.7
2024-06-08 02:00:00,27.7,42.5,10.2,496.0
2024-06-08 03:00:00,25.4,43.0,17.4,425.7
2024-06-08 04:00:00,27.7,50.5,10.0,496.5
2024-06-08 05:00:00,29.7,46.8,11.4,536.5
2024-06-08 06:00:00,28.8,48.2,10.1,609.7
2024-06-08 07:00:00,29.5,56.8,16.6,676.5
2024-06-08 08:00:00,26.9,45.2,9.5,604.8
2024-06-08 09:00:00,32.5,49.0,8.8,735.4
2024-06-08 10:00:00,25.4,55.8,9.2,653.2
2024-06-08 11:00:00,30.4,50.0,13.7,755.1
2024-06-08 12:00:00,32.5,40.6,10.1,725.9
2024-06-08 13:00:00,30.4,51.2,9.3,702.2
2024-06-08 14:00:00,28.4,42.8,10.4,653.7
2024-06-08 15:00:00,27.4,55.6,8.4,644.5
2024-06-08 16:00:00,32.1,44.5,8.0,764.2
2024-06-08 17:00:00,24.7,63.4,9.0,576.3
2024-06-08 18:00:00,26.1,55.9,10.8,531.8
2024-06-08 19:00:00,27.8,44.6,11.7,510.4
2024-06-08 20:00:00,32.7,48.6,13.3,641.0
2024-06-08 21:00:00,30.1,52.3,15.8,511.8
2024-06-08 22:00:00,26.1,52.4,9.6,489.3
2024-06-08 23:00:00,28.1,50.7,12.0,460.5
2024-06-09 00:00:00,27.2,54.8,8.2,430.4
2024-06-09 01:00:00,26.9,47.9,8.2,483.4
2024-06-09 02:00:00,32.0,46.6,8.4,532.1
2024-06-09 03:00:00,24.9,46.7,9.8,484.7
2024-06-09 04:00:00,33.8,52.7,8.7,644.8
2024-06-09 05:00:00,31.5,50.3,9.0,621.6
2024-06-09 06:00:00,32.3,49.9,11.1,638.0
2024-06-09 07:00:00,27.6,52.4,9.3,619.4
2024-06-09 08:00:00,28.6,38.1,10.4,600.4
2024-06-09 09:00:00,24.7,49.9,9.6,540.1
2024-06-09 10:00:00,27.5,49.5,8.6,677.2
2024-06-09 11:00:00,30.5,56.7,8.2,718.6
2024-06-09 12:00:00,32.9,40.7,8.8,736.0
2024-06-09 13:00:00,25.7,56.1,8.2,606.8
2024-06-09 14:00:00,28.0,48.7,10.9,600.6
2024-06-09 15:00:00,28.6,50.8,12.8,657.0
2024-06-09 16:00:00,24.9,56.7,9.2,646.9
2024-06-09 17:00:00,30.8,51.1,9.5,641.4
2024-06-09 18:00:00,26.9,50.3,13.1,552.4
2024-06-09 19:00:00,28.5,49.5,8.8,555.8
2024-06-09 20:00:00,27.7,45.8,8.4,586.1
2024-06-09 21:00:00,26.7,48.1,10.1,512.0
2024-06-09 22:00:00,29.1,44.7,11.1,473.5
2024-06-09 23:00:00,28.4,48.0,10.7,485.3
2024-06-10 00:00:00,28.0,36.5,11.8,479.2
2024-06-10 01:00:00,26.9,50.4,8.2,435.2
2024-06-10 02:00:00,30.1,47.6,9.7,541.0
2024-06-10 03:00:00,34.1,46.5,8.8,586.4
2024-06-10 04:00:00,29.5,49.3,12.3,502.0
2024-06-10 05:00:00,32.1,41.0,14.2,614.1
2024-06-10 06:00:00,24.9,57.8,9.0,546.0
2024-06-10 07:00:00,29.6,47.6,8.3,623.3
2024-06-10 08:00:00,25.8,47.4,8.9,578.0
2024-06-10 09:00:00,24.7,43.3,8.3,591.3
2024-06-10 10:00:00,26.9,48.2,9.2,682.8
2024-06-10 11:00:00,32.7,55.0,10.3,766.6
2024-06-10 12:00:00,32.0,53.3,18.9,713.0
2024-06-10 13:00:00,29.9,52.3,9.5,642.2
2024-06-10 14:00:00,24.6,50.8,8.7,601.1
2024-06-10 15:00:00,28.6,46.3,8.5,657.2
2024-06-10 16:00:00,30.1,40.8,8.6,632.4
2024-06-10 17:00:00,29.7,47.0,8.6,603.2
2024-06-10 18:00:00,23.6,46.8,12.3,516.3
2024-06-10 19:00:00,26.5,53.2,8.2,532.3
2024-06-10 20:00:00,29.0,49.5,25.9,562.8
2024-06-10 21:00:00,30.8,56.0,10.2,550.3
2024-06-10 22:00:00,22.6,54.0,10.4,447.6
2024-06-10 23:00:00,28.7,45.7,9.3,480.0
2024-06-11 00:00:00,29.6,39.0,11.5,478.4
2024-06-11 01:00:00,31.7,54.9,9.9,567.9
2024-06-11 02:00:00,31.3,54.7,9.2,564.6
2024-06-11 03:00:00,30.9,41.1,8.9,607.0
2024-06-11 04:00:00,26.8,55.4,15.8,533.0
2024-06-11 05:00:00,23.5,49.8,9.0,493.7
2024-06-11 06:00:00,28.0,48.7,9.7,548.7
2024-06-11 07:00:00,32.2,55.9,9.3,701.8
2024-06-11 08:00:00,33.4,54.6,8.3,696.3
2024-06-11 09:00:00,31.3,51.1,8.6,723.6
2024-06-11 10:00:00,30.5,50.2,8.6,677.2
2024-06-11 11:00:00,30.4,50.9,11.5,718.4
2024-06-11 12:00:00,27.6,45.8,9.6,636.8
2024-06-11 13:00:00,28.8,47.5,12.6,706.2
2024-06-11 14:00:00,34.2,43.3,11.7,733.4
2024-06-11 15:00:00,26.4,46.1,8.6,634.8
2024-06-11 16:00:00,34.1,45.9,10.5,725.7
2024-06-11 17:00:00,28.3,44.6,12.1,606.0
2024-06-11 18:00:00,33.2,48.4,11.0,652.2
2024-06-11 19:00:00,25.0,46.1,10.7,504.8
2024-06-11 20:00:00,31.0,50.2,12.0,576.7
2024-06-11 21:00:00,27.0,39.6,8.2,458.7
2024-06-11 22:00:00,25.0,47.1,11.9,426.8
2024-06-11 23:00:00,29.9,48.3,9.0,495.5
2024-06-12 00:00:00,32.3,46.1,10.5,532.1
2024-06-12 01:00:00,26.7,46.8,8.8,432.9
2024-06-12 02:00:00,24.8,39.7,13.5,479.2
2024-06-12 03:00:00,29.0,49.4,10.0,508.8
2024-06-12 04:00:00,29.0,50.9,11.1,533.7
2024-06-12 05:00:00,30.9,50.1,12.7,554.9
2024-06-12 06:00:00,32.1,52.8,14.8,706.3
2024-06-12 07:00:00,29.1,48.6,12.0,689.4
2024-06-12 08:00:00,34.9,50.0,8.5,728.2
2024-06-12 09:00:00,30.0,48.3,13.8,711.2
2024-06-12 10:00:00,28.3,51.0,10.9,663.9
2024-06-12 11:00:00,24.5,39.7,10.8,680.5
2024-06-12 12:00:00,28.5,43.1,15.6,689.7
2024-06-12 13:00:00,28.3,55.5,8.9,682.4
2024-06-12 14:00:00,32.2,35.2,8.8,648.2
2024-06-12 15:00:00,30.7,46.8,10.2,659.4
2024-06-12 16:00:00,25.8,53.4,12.2,604.0
2024-06-12 17:00:00,29.8,47.0,9.8,632.8
2024-06-12 18:00:00,31.3,45.4,11.0,589.1
2024-06-12 19:00:00,33.9,48.1,9.8,631.1
2024-06-12 20:00:00,32.0,45.7,10.8,604.5
2024-06-12 21:00:00,31.6,47.6,13.2,519.5
2024-06-12 22:00:00,29.5,44.0,8.6,511.9
2024-06-12 23:00:00,30.5,53.0,11.6,555.3
2024-06-13 00:00:00,33.1,54.5,12.6,575.9
2024-06-13 01:00:00,25.3,46.7,9.8,459.7
2024-06-13 02:00:00,28.3,40.4,9.2,428.1
2024-06-13 03:00:00,27.0,44.7,8.0,466.6
2024-06-13 04:00:00,30.5,46.4,12.8,622.9
2024-06-13 05:00:00,33.0,49.9,9.2,617.3
2024-06-13 06:00:00,27.6,42.3,9.3,604.9
2024-06-13 07:00:00,22.2,43.5,9.2,533.1
2024-06-13 08:00:00,28.1,49.9,10.1,619.5
2024-06-13 09:00:00,32.1,52.0,11.6,729.5
2024-06-13 10:00:00,31.0,44.2,12.4,708.3
2024-06-13 11:00:00,30.7,40.6,9.5,719.3
2024-06-13 12:00:00,28.5,63.7,11.3,665.6
2024-06-13 13:00:00,25.5,51.2,11.8,612.7
2024-06-13 14:00:00,30.9,45.9,9.1,678.6
2024-06-13 15:00:00,26.9,51.6,8.3,618.5
2024-06-13 16:00:00,35.9,46.6,14.8,769.8
2024-06-13 17:00:00,31.1,51.5,11.4,681.5
2024-06-13 18:00:00,27.7,48.0,11.1,573.5
2024-06-13 19:00:00,27.6,47.6,8.2,558.3
2024-06-13 20:00:00,29.1,46.6,13.1,544.2
2024-06-13 21:00:00,28.7,39.9,10.5,476.2
2024-06-13 22:00:00,32.8,56.8,13.6,572.6
2024-06-13 23:00:00,30.0,42.4,19.0,508.1
2024-06-14 00:00:00,27.2,40.3,17.4,484.7
2024-06-14 01:00:00,35.1,46.1,13.8,576.6
2024-06-14 02:00:00,29.6,42.3,8.0,446.6
2024-06-14 03:00:00,31.7,46.8,14.5,568.1
2024-06-14 04:00:00,27.6,50.5,8.2,532.1
2024-06-14 05:00:00,30.5,52.1,13.7,583.3
2024-06-14 06:00:00,30.4,51.1,9.0,612.4
2024-06-14 07:00:00,23.8,45.5,10.8,586.4
2024-06-14 08:00:00,35.5,47.3,8.1,751.7
2024-06-14 09:00:00,33.3,49.1,12.4,728.7
2024-06-14 10:00:00,28.3,38.2,8.4,662.6
2024-06-14 11:00:00,26.1,49.9,9.6,615.1
2024-06-14 12:00:00,30.5,39.7,13.1,703.4
2024-06-14 13:00:00,29.7,57.2,11.6,698.8
2024-06-14 14:00:00,30.5,45.0,8.0,746.8
2024-06-14 15:00:00,30.0,46.0,9.5,665.4
2024-06-14 16:00:00,31.0,43.1,8.1,674.0
2024-06-14 17:00:00,33.8,43.8,11.4,727.9
2024-06-14 18:00:00,31.2,58.3,18.4,603.9
2024-06-14 19:00:00,26.3,51.6,11.2,573.2
2024-06-14 20:00:00,33.6,39.2,8.8,669.7
2024-06-14 21:00:00,34.4,54.4,9.3,621.5
2024-06-14 22:00:00,38.9,52.9,19.3,710.5
2024-06-14 23:00:00,26.1,45.5,8.8,504.9
2024-06-15 00:00:00,30.2,48.4,10.5,531.5
2024-06-15 01:00:00,23.2,46.8,9.5,437.7
2024-06-15 02:00:00,31.2,56.7,12.4,584.0
2024-06-15 03:00:00,27.8,42.9,14.1,539.6
2024-06-15 04:00:00,35.3,47.6,9.3,650.2
2024-06-15 05:00:00,27.2,44.7,11.2,545.1
2024-06-15 06:00:00,24.4,39.6,10.4,552.9
2024-06-15 07:00:00,28.1,57.8,9.0,608.0
2024-06-15 08:00:00,23.6,40.9,9.0,539.0
2024-06-15 09:00:00,31.8,47.9,10.3,677.2
2024-06-15 10:00:00,23.3,38.1,8.5,573.7
2024-06-15 11:00:00,29.6,44.8,13.0,707.5
2024-06-15 12:00:00,23.3,48.9,8.2,597.5
2024-06-15 13:00:00,28.6,42.6,8.3,682.3
2024-06-15 14:00:00,34.5,49.7,9.3,833.5
2024-06-15 15:00:00,30.6,45.4,8.4,726.3
2024-06-15 16:00:00,26.9,52.5,9.9,559.7
2024-06-15 17:00:00,29.4,53.5,9.5,585.5
2024-06-15 18:00:00,29.6,43.7,11.8,572.1
2024-06-15 19:00:00,31.0,47.1,17.2,558.6
2024-06-15 20:00:00,25.4,47.6,12.2,447.8
2024-06-15 21:00:00,31.3,49.7,8.6,556.4
2024-06-15 22:00:00,21.4,46.7,16.2,459.5
2024-06-15 23:00:00,27.7,47.6,9.5,502.7
2024-06-16 00:00:00,28.1,45.4,9.9,460.8
2024-06-16 01:00:00,31.5,47.2,9.6,523.8
2024-06-16 02:00:00,29.6,53.1,9.0,524.7
2024-06-16 03:00:00,25.3,49.8,14.8,473.8
2024-06-16 04:00:00,26.6,50.1,9.2,534.3
2024-06-16 05:00:00,30.2,50.2,10.6,594.7
2024-06-16 06:00:00,29.3,45.8,8.8,581.2
2024-06-16 07:00:00,27.8,48.1,12.8,543.3
2024-06-16 08:00:00,28.1,41.1,12.5,668.4
2024-06-16 09:00:00,31.7,52.9,9.1,685.4
2024-06-16 10:00:00,28.0,32.6,11.4,665.1
2024-06-16 11:00:00,29.3,46.1,11.7,631.5
2024-06-16 12:00:00,36.1,52.2,10.5,832.9
2024-06-16 13:00:00,25.3,39.7,10.8,642.0
2024-06-16 14:00:00,24.0,48.5,10.6,628.3
2024-06-16 15:00:00,31.9,43.1,8.3,796.7
2024-06-16 16:00:00,27.6,44.6,11.3,599.0
2024-06-16 17:00:00,28.6,51.2,9.9,635.8
2024-06-16 18:00:00,27.3,47.4,9.7,581.5
2024-06-16 19:00:00,28.8,36.2,13.9,534.1
2024-06-16 20:00:00,34.4,41.5,8.1,660.8
2024-06-16 21:00:00,32.0,51.3,8.9,565.4
2024-06-16 22:00:00,32.2,48.6,8.4,582.9
2024-06-16 23:00:00,25.4,55.1,8.1,512.8
2024-06-17 00:00:00,26.2,54.8,9.0,462.2
2024-06-17 01:00:00,21.1,44.6,21.4,418.3
2024-06-17 02:00:00,27.2,58.9,8.9,515.7
2024-06-17 03:00:00,32.5,46.5,11.3,619.2
2024-06-17 04:00:00,31.2,41.5,8.4,544.1
2024-06-17 05:00:00,29.0,43.1,10.8,546.3
2024-06-17 06:00:00,29.6,35.0,20.5,610.9
2024-06-17 07:00:00,27.6,54.3,9.0,594.8
2024-06-17 08:00:00,30.2,54.3,13.7,632.5
2024-06-17 09:00:00,31.9,41.2,26.1,721.4
2024-06-17 10:00:00,24.8,45.1,10.7,647.6
2024-06-17 11:00:00,30.5,46.7,9.1,698.7
2024-06-17 12:00:00,32.4,41.4,11.4,746.3
2024-06-17 13:00:00,28.4,37.5,13.6,654.4
2024-06-17 14:00:00,31.7,45.2,8.6,686.7
2024-06-17 15:00:00,38.1,44.6,9.8,839.9
2024-06-17 16:00:00,29.3,44.3,9.2,644.1
2024-06-17 17:00:00,30.8,47.3,9.0,599.1
2024-06-17 18:00:00,27.4,53.3,13.9,558.2
2024-06-17 19:00:00,30.2,44.6,9.6,582.3
2024-06-17 20:00:00,31.0,47.0,9.2,606.8
2024-06-17 21:00:00,30.2,49.8,10.8,528.8
2024-06-17 22:00:00,26.6,48.9,8.7,435.4
2024-06-17 23:00:00,30.3,43.0,8.8,503.3
2024-06-18 00:00:00,34.1,46.6,10.2,564.3
2024-06-18 01:00:00,31.0,48.8,9.6,541.5
2024-06-18 02:00:00,32.6,40.4,9.0,549.7
2024-06-18 03:00:00,29.0,52.4,8.2,438.4
2024-06-18 04:00:00,31.9,53.2,10.2,701.2
2024-06-18 05:00:00,30.5,42.4,13.1,588.1
2024-06-18 06:00:00,26.8,47.0,13.7,563.5
2024-06-18 07:00:00,30.6,49.3,8.8,594.8
2024-06-18 08:00:00,26.7,43.3,10.7,563.7
2024-06-18 09:00:00,27.8,48.4,13.8,640.7
2024-06-18 10:00:00,30.3,46.8,9.6,704.3
2024-06-18 11:00:00,30.6,38.7,16.1,726.6
2024-06-18 12:00:00,26.1,48.3,15.0,661.3
2024-06-18 13:00:00,32.9,40.5,8.7,713.5
2024-06-18 14:00:00,31.4,50.7,8.9,641.0
2024-06-18 15:00:00,27.6,42.6,8.6,635.0
2024-06-18 16:00:00,25.1,45.1,8.7,577.3
2024-06-18 17:00:00,29.3,52.8,15.2,583.2
2024-06-18 18:00:00,28.4,48.4,16.0,605.1
2024-06-18 19:00:00,30.0,40.5,8.2,527.9
2024-06-18 20:00:00,28.6,40.8,10.7,548.4
2024-06-18 21:00:00,23.7,42.9,10.5,419.3
2024-06-18 22:00:00,28.6,47.9,9.5,499.8
2024-06-18 23:00:00,28.8,47.7,11.0,517.2
2024-06-19 00:00:00,31.6,41.7,16.8,518.7
2024-06-19 01:00:00,27.6,40.0,8.6,520.7
2024-06-19 02:00:00,34.8,47.3,8.4,668.8
2024-06-19 03:00:00,24.0,44.9,8.1,471.6
2024-06-19 04:00:00,33.7,56.6,9.4,643.9
2024-06-19 05:00:00,29.1,46.0,9.2,594.6
2024-06-19 06:00:00,32.3,54.9,9.7,665.0
2024-06-19 07:00:00,30.0,39.9,10.1,638.5
2024-06-19 08:00:00,33.2,37.9,12.3,691.7
2024-06-19 09:00:00,28.6,40.2,9.5,599.0
2024-06-19 10:00:00,26.4,51.7,9.2,604.0
2024-06-19 11:00:00,34.0,54.5,13.3,852.2
2024-06-19 12:00:00,29.4,41.8,13.7,701.3
2024-06-19 13:00:00,30.4,43.4,8.8,697.6
2024-06-19 14:00:00,33.5,39.9,9.1,789.2
2024-06-19 15:00:00,26.7,36.7,13.2,602.0
2024-06-19 16:00:00,31.5,49.3,8.2,698.6
2024-06-19 17:00:00,28.0,46.8,9.2,602.6
2024-06-19 18:00:00,29.4,45.7,9.8,606.7
2024-06-19 19:00:00,30.0,38.7,8.6,563.0
2024-06-19 20:00:00,25.3,53.9,8.6,470.1
2024-06-19 21:00:00,27.4,43.1,9.7,470.3
2024-06-19 22:00:00,33.8,48.3,12.2,566.8
2024-06-19 23:00:00,32.4,38.4,13.5,546.0
2024-06-20 00:00:00,29.6,44.7,19.6,449.1
2024-06-20 01:00:00,30.5,47.1,8.2,477.7
2024-06-20 02:00:00,28.9,47.2,8.7,504.3
2024-06-20 03:00:00,33.8,46.4,12.2,601.9
2024-06-20 04:00:00,29.2,48.1,10.3,547.1
2024-06-20 05:00:00,30.5,39.9,9.2,580.5
2024-06-20 06:00:00,33.2,46.6,8.7,738.6
2024-06-20 07:00:00,27.4,46.1,9.0,597.1
2024-06-20 08:00:00,34.5,46.7,9.7,729.2
2024-06-20 09:00:00,25.2,45.9,8.6,618.3
2024-06-20 10:00:00,34.7,39.2,18.0,809.1
2024-06-20 11:00:00,28.7,38.9,8.3,674.7
2024-06-20 12:00:00,29.1,34.4,20.7,703.4
2024-06-20 13:00:00,24.1,49.6,13.5,646.9
2024-06-20 14:00:00,28.4,49.6,9.7,659.5
2024-06-20 15:00:00,26.7,49.7,12.0,634.5
2024-06-20 16:00:00,28.0,47.0,11.3,672.3
2024-06-20 17:00:00,29.4,34.8,8.7,621.0
2024-06-20 18:00:00,32.7,40.3,9.2,619.1
2024-06-20 19:00:00,30.4,46.3,10.2,574.6
2024-06-20 20:00:00,30.7,46.1,11.0,501.7
2024-06-20 21:00:00,26.5,44.3,10.3,489.6
2024-06-20 22:00:00,27.2,47.3,9.9,517.4
2024-06-20 23:00:00,35.2,45.5,9.8,570.8
2024-06-21 00:00:00,27.6,46.0,10.1,473.8
2024-06-21 01:00:00,34.8,42.2,9.7,628.8
2024-06-21 02:00:00,29.1,50.3,10.3,537.3
2024-06-21 03:00:00,29.8,43.2,14.6,566.5
2024-06-21 04:00:00,33.0,38.7,11.0,549.1
2024-06-21 05:00:00,33.6,41.5,11.8,658.7
2024-06-21 06:00:00,29.5,43.6,10.7,548.6
2024-06-21 07:00:00,28.7,50.3,11.1,581.0
2024-06-21 08:00:00,29.7,45.1,10.6,671.8
2024-06-21 09:00:00,30.8,44.4,8.1,691.6
2024-06-21 10:00:00,32.5,39.0,31.5,752.9
2024-06-21 11:00:00,29.8,49.2,8.1,670.8
2024-06-21 12:00:00,31.7,42.0,9.5,774.5
2024-06-21 13:00:00,34.7,44.8,8.3,813.6
2024-06-21 14:00:00,31.0,52.7,8.3,736.0
2024-06-21 15:00:00,30.8,47.8,12.7,655.0
2024-06-21 16:00:00,25.3,37.1,9.7,626.0
2024-06-21 17:00:00,21.9,36.4,12.8,537.6
2024-06-21 18:00:00,31.0,44.9,9.0,601.0
2024-06-21 19:00:00,29.6,39.1,8.9,585.5
2024-06-21 20:00:00,28.3,48.4,8.9,546.8
2024-06-21 21:00:00,30.6,45.4,10.9,516.0
2024-06-21 22:00:00,29.7,46.0,13.1,572.8
2024-06-21 23:00:00,33.2,41.6,9.8,618.7
2024-06-22 00:00:00,30.1,53.9,9.4,526.8
2024-06-22 01:00:00,27.6,59.4,18.9,492.3
2024-06-22 02:00:00,32.8,43.7,8.4,576.7
2024-06-22 03:00:00,29.2,46.9,10.0,474.0
2024-06-22 04:00:00,31.4,45.6,9.6,580.8
2024-06-22 05:00:00,28.4,43.8,8.3,555.8
2024-06-22 06:00:00,27.9,40.9,8.9,553.2
2024-06-22 07:00:00,30.1,39.7,8.1,618.2
2024-06-22 08:00:00,29.9,39.4,14.3,576.7
2024-06-22 09:00:00,31.3,47.1,10.8,663.5
2024-06-22 10:00:00,29.1,42.5,13.1,701.1
2024-06-22 11:00:00,24.4,32.2,10.2,679.8
2024-06-22 12:00:00,28.6,47.3,10.7,654.1
2024-06-22 13:00:00,32.2,44.8,11.6,744.5
2024-06-22 14:00:00,29.0,51.8,15.2,709.9
2024-06-22 15:00:00,29.1,46.9,8.3,645.3
2024-06-22 16:00:00,32.8,37.6,9.2,720.8
2024-06-22 17:00:00,27.7,33.8,11.7,589.7
2024-06-22 18:00:00,25.2,41.4,17.5,578.4
2024-06-22 19:00:00,29.4,41.8,19.9,527.2
2024-06-22 20:00:00,28.4,49.7,11.0,498.5
2024-06-22 21:00:00,27.0,44.9,8.6,499.1
2024-06-22 22:00:00,29.4,50.6,8.4,511.6
2024-06-22 23:00:00,31.4,38.3,16.8,524.0
2024-06-23 00:00:00,29.9,49.8,9.7,519.9
2024-06-23 01:00:00,30.8,48.5,8.7,493.2
2024-06-23 02:00:00,35.3,34.8,16.1,577.6
2024-06-23 03:00:00,28.9,51.5,8.3,502.8
2024-06-23 04:00:00,30.7,45.4,11.9,553.0
2024-06-23 05:00:00,28.4,46.8,10.9,545.0
2024-06-23 06:00:00,27.4,40.5,8.3,601.6
2024-06-23 07:00:00,28.1,51.2,9.2,627.6
2024-06-23 08:00:00,28.5,38.9,8.5,642.7
2024-06-23 09:00:00,31.0,49.0,10.8,698.2
2024-06-23 10:00:00,36.9,48.9,9.9,827.7
2024-06-23 11:00:00,27.7,40.0,8.0,639.0
2024-06-23 12:00:00,28.6,54.7,19.2,651.3
2024-06-23 13:00:00,29.7,46.0,9.3,674.2
2024-06-23 14:00:00,31.1,48.1,8.9,707.7
2024-06-23 15:00:00,30.7,37.1,8.8,646.1
2024-06-23 16:00:00,33.8,55.4,8.5,734.2
2024-06-23 17:00:00,22.6,38.6,29.2,544.9
2024-06-23 18:00:00,22.7,49.9,9.0,519.1
2024-06-23 19:00:00,28.4,39.8,9.6,585.6
2024-06-23 20:00:00,33.2,41.6,14.2,536.4
2024-06-23 21:00:00,25.2,48.7,11.1,463.9
2024-06-23 22:00:00,20.9,49.9,9.4,368.4
2024-06-23 23:00:00,31.6,38.4,14.9,537.9
2024-06-24 00:00:00,30.6,50.2,12.2,538.6
2024-06-24 01:00:00,26.6,49.9,8.8,423.1
2024-06-24 02:00:00,27.0,40.0,11.1,435.4
2024-06-24 03:00:00,27.0,52.7,15.7,444.0
2024-06-24 04:00:00,30.2,37.4,10.1,554.6
2024-06-24 05:00:00,28.0,41.5,12.0,536.4
2024-06-24 06:00:00,31.4,47.0,18.6,619.2
2024-06-24 07:00:00,21.4,40.4,11.5,536.5
2024-06-24 08:00:00,27.4,45.9,8.3,587.0
2024-06-24 09:00:00,26.5,45.8,8.8,661.9
2024-06-24 10:00:00,29.2,43.7,10.7,683.7
2024-06-24 11:00:00,28.3,48.8,9.0,640.7
2024-06-24 12:00:00,32.3,43.4,17.5,722.1
2024-06-24 13:00:00,24.3,45.7,9.6,608.4
2024-06-24 14:00:00,30.1,50.3,9.8,735.0
2024-06-24 15:00:00,31.6,48.5,11.6,724.0
2024-06-24 16:00:00,35.5,48.5,10.2,762.7
2024-06-24 17:00:00,28.5,38.8,9.4,654.1
2024-06-24 18:00:00,30.9,47.2,8.2,662.3
2024-06-24 19:00:00,24.5,40.1,10.7,503.6
2024-06-24 20:00:00,22.8,38.1,14.1,462.8
2024-06-24 21:00:00,32.5,44.2,11.5,564.9
2024-06-24 22:00:00,29.9,40.0,9.4,483.5
2024-06-24 23:00:00,33.5,48.4,8.4,624.9
2024-06-25 00:00:00,25.8,48.6,13.1,421.2
2024-06-25 01:00:00,31.5,35.0,16.5,552.7
2024-06-25 02:00:00,35.5,40.3,9.5,647.6
2024-06-25 03:00:00,31.2,37.2,11.9,539.1
2024-06-25 04:00:00,30.8,42.1,9.6,618.2
2024-06-25 05:00:00,30.0,46.7,10.1,530.2
2024-06-25 06:00:00,25.2,43.2,13.4,541.1
2024-06-25 07:00:00,34.0,41.5,8.3,689.0
2024-06-25 08:00:00,28.1,50.9,10.3,656.9
2024-06-25 09:00:00,31.5,32.9,8.7,702.8
2024-06-25 10:00:00,25.3,50.6,9.2,582.2
2024-06-25 11:00:00,26.4,41.7,11.1,687.5
2024-06-25 12:00:00,34.3,44.0,8.1,799.1
2024-06-25 13:00:00,28.9,41.7,10.7,649.9
2024-06-25 14:00:00,34.3,52.1,9.0,766.0
2024-06-25 15:00:00,29.7,38.2,11.3,626.4
2024-06-25 16:00:00,24.4,44.4,8.5,582.8
2024-06-25 17:00:00,32.6,47.0,12.0,681.5
2024-06-25 18:00:00,28.2,36.3,11.1,561.7
2024-06-25 19:00:00,32.1,39.7,18.6,596.7
2024-06-25 20:00:00,30.0,43.6,15.3,503.9
2024-06-25 21:00:00,25.3,39.9,9.0,482.0
2024-06-25 22:00:00,30.5,40.2,8.1,463.1
2024-06-25 23:00:00,36.5,42.5,11.2,644.7
2024-06-26 00:00:00,31.4,47.5,10.8,474.5
2024-06-26 01:00:00,29.8,42.5,8.1,502.8
2024-06-26 02:00:00,33.2,49.6,8.4,577.2
2024-06-26 03:00:00,30.6,39.3,10.6,550.8
2024-06-26 04:00:00,30.6,38.0,15.3,584.6
2024-06-26 05:00:00,26.7,53.9,15.1,568.3
2024-06-26 06:00:00,30.7,40.9,8.5,563.2
2024-06-26 07:00:00,33.1,37.7,9.5,679.7
2024-06-26 08:00:00,27.5,35.5,8.1,672.6
2024-06-26 09:00:00,34.2,49.6,9.9,761.3
2024-06-26 10:00:00,29.7,42.5,12.2,658.1
2024-06-26 11:00:00,27.3,42.9,12.7,658.3
2024-06-26 12:00:00,33.0,43.4,10.1,744.6
2024-06-26 13:00:00,29.1,49.2,8.3,652.3
2024-06-26 14:00:00,32.2,43.2,9.4,754.3
2024-06-26 15:00:00,29.1,55.9,16.1,682.4
2024-06-26 16:00:00,29.8,44.8,8.8,609.1
2024-06-26 17:00:00,31.5,49.4,9.2,652.7
2024-06-26 18:00:00,30.8,48.1,12.1,601.2
2024-06-26 19:00:00,24.0,43.9,12.0,460.7
2024-06-26 20:00:00,26.6,41.2,15.3,463.1
2024-06-26 21:00:00,32.8,45.7,9.5,544.5
2024-06-26 22:00:00,29.6,46.6,10.2,508.4
2024-06-26 23:00:00,28.4,41.2,9.9,466.8
2024-06-27 00:00:00,25.9,44.9,15.9,421.5
2024-06-27 01:00:00,26.7,50.2,12.4,453.1
2024-06-27 02:00:00,23.9,54.4,13.3,475.3
2024-06-27 03:00:00,29.7,48.3,8.4,539.0
2024-06-27 04:00:00,28.2,53.3,12.7,560.3
2024-06-27 05:00:00,27.1,40.9,9.7,527.8
2024-06-27 06:00:00,29.8,47.5,8.1,648.3
2024-06-27 07:00:00,31.1,50.7,8.2,659.7
2024-06-27 08:00:00,36.3,39.5,11.4,766.6
2024-06-27 09:00:00,25.4,41.6,9.4,618.0
2024-06-27 10:00:00,33.5,52.7,14.1,720.4
2024-06-27 11:00:00,32.9,39.1,12.0,740.1
2024-06-27 12:00:00,27.6,37.2,8.1,678.3
2024-06-27 13:00:00,30.6,51.6,11.5,730.5
2024-06-27 14:00:00,28.6,49.9,8.6,658.6
2024-06-27 15:00:00,30.5,46.1,9.6,764.7
2024-06-27 16:00:00,34.5,43.7,10.9,735.2
2024-06-27 17:00:00,31.8,41.7,14.2,607.8
2024-06-27 18:00:00,31.5,45.3,9.8,665.1
2024-06-27 19:00:00,28.7,51.8,13.0,578.7
2024-06-27 20:00:00,25.5,45.1,12.6,504.0
2024-06-27 21:00:00,29.4,54.7,9.6,512.8
2024-06-27 22:00:00,33.6,39.4,10.1,593.0
2024-06-27 23:00:00,25.4,43.8,11.6,497.2
2024-06-28 00:00:00,26.8,42.0,8.1,464.3
2024-06-28 01:00:00,30.4,38.4,14.6,464.5
2024-06-28 02:00:00,27.0,43.1,12.4,370.9
2024-06-28 03:00:00,27.6,45.9,8.9,510.1
2024-06-28 04:00:00,28.7,46.4,19.9,504.5
2024-06-28 05:00:00,25.9,54.7,8.6,526.2
2024-06-28 06:00:00,27.1,46.1,15.4,538.8
2024-06-28 07:00:00,32.1,49.5,9.2,641.4
2024-06-28 08:00:00,26.1,44.1,12.3,578.6
2024-06-28 09:00:00,25.2,52.2,9.8,598.2
2024-06-28 10:00:00,28.1,55.8,12.0,690.3
2024-06-28 11:00:00,32.2,46.4,8.5,755.9
2024-06-28 12:00:00,29.4,38.8,8.9,653.9
2024-06-28 13:00:00,28.6,41.0,8.3,644.1
2024-06-28 14:00:00,30.1,45.1,14.0,702.6
2024-06-28 15:00:00,24.8,46.0,9.1,643.4
2024-06-28 16:00:00,31.5,47.2,11.6,710.1
2024-06-28 17:00:00,31.1,46.0,13.1,618.2
2024-06-28 18:00:00,28.8,43.7,15.0,613.0
2024-06-28 19:00:00,33.0,40.5,8.3,576.6
2024-06-28 20:00:00,26.6,45.7,14.7,501.7
2024-06-28 21:00:00,33.4,53.0,8.7,613.6
2024-06-28 22:00:00,30.5,48.8,12.0,462.9
2024-06-28 23:00:00,29.0,46.3,11.9,554.0
2024-06-29 00:00:00,29.9,48.8,8.0,543.2
2024-06-29 01:00:00,29.7,41.8,8.7,518.6
2024-06-29 02:00:00,33.7,41.1,10.0,554.2
2024-06-29 03:00:00,26.8,39.9,9.6,483.8
2024-06-29 04:00:00,27.7,43.0,15.5,542.8
2024-06-29 05:00:00,33.1,41.5,9.3,598.6
2024-06-29 06:00:00,28.2,49.6,16.3,573.3
2024-06-29 07:00:00,32.7,41.2,9.8,702.8
2024-06-29 08:00:00,35.1,39.6,18.0,707.3
2024-06-29 09:00:00,28.8,53.3,12.0,669.2
2024-06-29 10:00:00,32.0,41.3,13.3,670.6
2024-06-29 11:00:00,26.5,44.3,8.3,624.6
2024-06-29 12:00:00,32.3,45.8,10.6,728.1
2024-06-29 13:00:00,30.6,37.9,8.5,720.8
2024-06-29 14:00:00,31.4,49.7,9.1,694.7
2024-06-29 15:00:00,28.1,46.7,10.9,649.8
2024-06-29 16:00:00,25.0,51.3,11.9,575.2
2024-06-29 17:00:00,31.5,40.1,8.1,636.0
2024-06-29 18:00:00,23.8,44.0,10.3,571.1
2024-06-29 19:00:00,29.0,43.7,10.5,526.9
2024-06-29 20:00:00,32.8,44.8,8.2,626.7
2024-06-29 21:00:00,30.6,36.2,10.1,536.8
2024-06-29 22:00:00,35.8,44.0,11.8,619.0
2024-06-29 23:00:00,33.1,36.3,8.2,521.8
2024-06-30 00:00:00,28.0,45.2,12.3,439.9
2024-06-30 01:00:00,30.1,32.8,10.6,479.0
2024-06-30 02:00:00,29.9,34.2,13.4,503.7
2024-06-30 03:00:00,25.3,47.5,8.7,493.2
2024-06-30 04:00:00,27.2,40.7,13.4,502.6
2024-06-30 05:00:00,28.3,38.5,8.3,541.7
2024-06-30 06:00:00,23.9,49.8,9.6,534.5
2024-06-30 07:00:00,30.1,45.0,8.7,645.0
2024-06-30 08:00:00,29.3,47.8,14.3,661.7
2024-06-30 09:00:00,25.0,42.6,11.7,570.2
2024-06-30 10:00:00,31.2,56.8,8.1,707.1
2024-06-30 11:00:00,32.1,40.3,8.0,771.6
2024-06-30 12:00:00,30.7,52.1,9.0,677.8
2024-06-30 13:00:00,29.0,43.0,8.5,685.5
2024-06-30 14:00:00,31.8,35.1,11.0,709.9
2024-06-30 15:00:00,32.0,45.7,11.3,692.6
2024-06-30 16:00:00,30.9,44.9,16.5,715.6
2024-06-30 17:00:00,27.5,38.1,17.1,591.3
2024-06-30 18:00:00,30.8,38.7,11.2,658.5
2024-06-30 19:00:00,33.6,43.2,8.0,643.5
2024-06-30 20:00:00,28.2,45.0,9.3,540.2
2024-06-30 21:00:00,36.3,30.9,10.2,639.8
2024-06-30 22:00:00,28.4,48.5,10.1,477.4
2024-06-30 23:00:00,30.1,40.8,10.8,517.6
2024-07-01 00:00:00,28.0,36.6,17.7,482.1
2024-07-01 01:00:00,30.7,48.0,14.5,536.4
2024-07-01 02:00:00,24.8,43.1,8.3,464.5
2024-07-01 03:00:00,28.4,49.3,8.9,469.8
2024-07-01 04:00:00,26.7,45.4,13.4,484.7
2024-07-01 05:00:00,30.4,43.2,13.2,607.8
2024-07-01 06:00:00,33.0,42.5,9.0,597.3
2024-07-01 07:00:00,31.9,45.6,11.9,671.4
2024-07-01 08:00:00,22.9,41.1,11.3,573.9
2024-07-01 09:00:00,36.1,38.9,9.9,823.6
2024-07-01 10:00:00,30.9,46.2,8.7,717.0
2024-07-01 11:00:00,27.7,42.5,14.6,644.9
2024-07-01 12:00:00,30.5,43.3,11.4,688.1
2024-07-01 13:00:00,30.5,48.6,8.6,693.8
2024-07-01 14:00:00,28.0,42.6,11.7,676.4
2024-07-01 15:00:00,30.6,43.2,12.1,613.0
2024-07-01 16:00:00,28.2,40.1,14.5,628.2
2024-07-01 17:00:00,28.8,45.3,8.8,583.7
2024-07-01 18:00:00,27.9,44.9,21.5,578.5
2024-07-01 19:00:00,25.7,47.6,8.5,534.2
2024-07-01 20:00:00,30.4,40.2,10.8,507.3
2024-07-01 21:00:00,31.8,40.8,11.2,553.3
2024-07-01 22:00:00,31.5,47.1,9.6,548.1
2024-07-01 23:00:00,32.5,44.3,9.9,552.3
2024-07-02 00:00:00,31.0,38.5,14.6,511.8
2024-07-02 01:00:00,28.4,49.6,11.1,448.0
2024-07-02 02:00:00,32.5,34.6,10.1,523.9
2024-07-02 03:00:00,25.9,47.0,8.4,439.5
2024-07-02 04:00:00,27.3,36.7,8.0,527.5
2024-07-02 05:00:00,27.1,52.5,8.4,537.2
2024-07-02 06:00:00,33.2,35.3,17.4,656.2
2024-07-02 07:00:00,32.8,48.8,12.3,630.6
2024-07-02 08:00:00,31.5,42.6,18.2,675.2
2024-07-02 09:00:00,33.2,41.2,8.1,749.8
2024-07-02 10:00:00,27.4,43.9,11.4,596.6
2024-07-02 11:00:00,31.0,46.2,8.1,701.0
2024-07-02 12:00:00,29.6,38.5,12.6,646.1
2024-07-02 13:00:00,32.5,38.9,9.4,729.0
2024-07-02 14:00:00,29.6,46.2,8.3,657.1
2024-07-02 15:00:00,28.8,34.4,10.5,661.8
2024-07-02 16:00:00,31.6,40.0,9.0,682.9
2024-07-02 17:00:00,32.6,58.2,11.2,721.0
2024-07-02 18:00:00,28.0,38.1,11.2,568.4
2024-07-02 19:00:00,29.8,48.7,11.7,585.5
2024-07-02 20:00:00,26.8,40.0,22.7,490.4
2024-07-02 21:00:00,22.5,45.5,9.5,423.9
2024-07-02 22:00:00,30.6,46.2,9.9,551.2
2024-07-02 23:00:00,31.8,48.5,12.9,576.6
2024-07-03 00:00:00,30.8,41.9,10.6,534.9
2024-07-03 01:00:00,24.1,52.8,8.1,447.4
2024-07-03 02:00:00,28.9,39.9,13.6,467.9
2024-07-03 03:00:00,23.3,44.0,8.2,494.4
2024-07-03 04:00:00,34.1,44.1,8.6,648.3
2024-07-03 05:00:00,26.7,37.3,8.3,589.6
2024-07-03 06:00:00,33.7,41.4,8.2,637.2
2024-07-03 07:00:00,32.8,43.7,8.1,705.0
2024-07-03 08:00:00,27.3,40.7,8.2,629.2
2024-07-03 09:00:00,26.6,55.0,9.8,622.6
2024-07-03 10:00:00,31.0,38.6,8.9,744.1
2024-07-03 11:00:00,27.4,48.7,8.4,677.4
2024-07-03 12:00:00,30.3,47.1,11.2,680.0
2024-07-03 13:00:00,28.5,42.7,8.8,672.6
2024-07-03 14:00:00,24.6,38.5,8.1,594.5
2024-07-03 15:00:00,23.3,38.9,9.6,584.8
2024-07-03 16:00:00,30.7,40.2,9.1,682.0
2024-07-03 17:00:00,28.3,33.8,9.2,627.4
2024-07-03 18:00:00,28.3,37.7,9.8,580.8
2024-07-03 19:00:00,32.1,35.3,11.3,585.6
2024-07-03 20:00:00,33.5,49.5,10.9,631.8
2024-07-03 21:00:00,29.2,45.8,16.3,540.9
2024-07-03 22:00:00,28.9,46.7,10.2,441.6
2024-07-03 23:00:00,31.5,45.7,9.9,535.0
2024-07-04 00:00:00,25.9,43.6,8.7,443.9
2024-07-04 01:00:00,30.6,50.0,12.2,547.6
2024-07-04 02:00:00,31.6,39.7,8.5,552.9
2024-07-04 03:00:00,32.0,43.2,10.0,580.8
2024-07-04 04:00:00,24.2,46.4,9.6,472.6
2024-07-04 05:00:00,27.7,36.1,11.2,539.4
2024-07-04 06:00:00,27.3,58.2,15.5,600.4
2024-07-04 07:00:00,30.3,42.8,16.8,629.6
2024-07-04 08:00:00,31.4,43.4,8.6,681.0
2024-07-04 09:00:00,34.5,48.9,8.9,716.2
2024-07-04 10:00:00,28.5,47.2,13.0,665.6
2024-07-04 11:00:00,28.5,42.8,10.2,615.0
2024-07-04 12:00:00,33.4,43.3,9.8,750.0
2024-07-04 13:00:00,30.8,35.1,11.7,710.2
2024-07-04 14:00:00,33.8,39.8,10.8,781.0
2024-07-04 15:00:00,30.8,45.2,18.6,657.1
2024-07-04 16:00:00,26.5,44.8,10.6,617.3
2024-07-04 17:00:00,26.0,48.7,9.9,622.7
2024-07-04 18:00:00,25.3,42.0,10.3,524.2
2024-07-04 19:00:00,31.9,35.6,13.0,559.6
2024-07-04 20:00:00,33.5,47.9,10.8,628.8
2024-07-04 21:00:00,35.5,49.8,11.1,610.6
2024-07-04 22:00:00,32.5,47.1,18.7,537.0
2024-07-04 23:00:00,33.4,41.7,10.9,596.5
2024-07-05 00:00:00,28.2,47.8,9.4,534.1
2024-07-05 01:00:00,26.5,59.7,11.5,436.8
2024-07-05 02:00:00,32.5,43.1,11.2,537.8
2024-07-05 03:00:00,31.2,36.0,8.0,534.4
2024-07-05 04:00:00,30.3,39.6,9.9,537.7
2024-07-05 05:00:00,31.1,45.6,12.1,653.6
2024-07-05 06:00:00,30.9,34.5,10.1,596.6
2024-07-05 07:00:00,33.8,43.3,12.5,688.2
2024-07-05 08:00:00,33.8,44.4,9.8,773.6
2024-07-05 09:00:00,31.6,50.2,20.3,720.3
2024-07-05 10:00:00,32.5,49.0,9.0,765.3
2024-07-05 11:00:00,31.5,46.8,8.3,698.3
2024-07-05 12:00:00,28.6,31.7,9.7,658.5
2024-07-05 13:00:00,32.2,47.1,10.3,708.2
2024-07-05 14:00:00,25.8,46.0,9.3,660.1
2024-07-05 15:00:00,33.1,43.7,8.8,766.6
2024-07-05 16:00:00,26.4,33.8,11.3,581.2
2024-07-05 17:00:00,30.8,38.5,9.4,627.4
2024-07-05 18:00:00,27.4,36.6,11.0,552.5
2024-07-05 19:00:00,31.6,32.3,12.5,551.4
2024-07-05 20:00:00,29.8,42.4,12.3,528.3
2024-07-05 21:00:00,25.1,38.4,9.4,492.9
2024-07-05 22:00:00,31.2,55.5,10.5,515.1
2024-07-05 23:00:00,28.2,41.5,9.8,480.7
2024-07-06 00:00:00,32.6,48.9,14.1,511.6
2024-07-06 01:00:00,29.9,34.5,14.3,495.2
2024-07-06 02:00:00,31.1,39.7,9.3,515.1
2024-07-06 03:00:00,27.1,42.8,8.3,453.8
2024-07-06 04:00:00,28.2,37.8,8.6,545.8
2024-07-06 05:00:00,28.5,40.2,9.4,578.1
2024-07-06 06:00:00,32.5,41.3,10.5,616.3
2024-07-06 07:00:00,35.0,41.2,11.2,718.8
2024-07-06 08:00:00,27.5,51.6,9.2,622.2
2024-07-06 09:00:00,33.1,44.2,11.3,676.7
2024-07-06 10:00:00,23.4,44.7,16.3,576.3
2024-07-06 11:00:00,26.3,45.0,11.2,689.8
2024-07-06 12:00:00,27.0,45.4,8.5,630.3
2024-07-06 13:00:00,25.9,41.9,10.6,682.7
2024-07-06 14:00:00,25.2,40.7,10.3,587.9
2024-07-06 15:00:00,31.1,43.1,14.1,711.5
2024-07-06 16:00:00,29.3,48.1,9.3,633.4
2024-07-06 17:00:00,31.0,47.9,9.6,642.3
2024-07-06 18:00:00,32.0,41.1,10.7,691.0
2024-07-06 19:00:00,30.7,46.1,10.2,551.2
2024-07-06 20:00:00,31.9,41.3,11.8,601.3
2024-07-06 21:00:00,29.7,42.4,8.1,542.3
2024-07-06 22:00:00,26.3,39.9,10.5,566.1
2024-07-06 23:00:00,33.1,41.3,8.4,528.5
2024-07-07 00:00:00,28.1,48.9,9.1,458.6
2024-07-07 01:00:00,27.1,42.7,11.3,489.4
2024-07-07 02:00:00,29.4,42.9,8.5,499.0
2024-07-07 03:00:00,27.2,35.0,9.1,473.9
2024-07-07 04:00:00,28.6,40.7,11.6,558.8
2024-07-07 05:00:00,30.9,41.0,11.2,582.1
2024-07-07 06:00:00,30.9,38.0,8.3,587.9
2024-07-07 07:00:00,27.2,42.3,10.6,610.2
2024-07-07 08:00:00,28.4,40.0,8.5,638.1
2024-07-07 09:00:00,33.1,42.6,8.9,720.1
2024-07-07 10:00:00,31.4,42.8,9.8,700.7
2024-07-07 11:00:00,36.1,37.4,8.3,795.5
2024-07-07 12:00:00,33.4,40.2,23.2,786.0
2024-07-07 13:00:00,33.3,42.5,8.5,748.9
2024-07-07 14:00:00,25.7,48.1,12.6,613.7
2024-07-07 15:00:00,32.2,43.4,13.3,672.4
2024-07-07 16:00:00,29.7,38.8,23.6,656.7
2024-07-07 17:00:00,28.2,44.1,9.7,586.8
2024-07-07 18:00:00,30.4,50.6,14.2,551.1
2024-07-07 19:00:00,32.7,46.7,17.5,590.6
2024-07-07 20:00:00,31.4,44.8,8.6,568.9
2024-07-07 21:00:00,27.2,45.7,10.0,487.9
2024-07-07 22:00:00,32.1,49.3,8.2,547.8
2024-07-07 23:00:00,28.0,47.5,10.9,466.3
2024-07-08 00:00:00,30.5,44.9,10.6,466.7
2024-07-08 01:00:00,29.0,47.4,8.7,465.0
2024-07-08 02:00:00,29.2,36.6,12.8,535.1
2024-07-08 03:00:00,32.2,34.5,8.1,596.0
2024-07-08 04:00:00,26.7,42.8,12.9,525.1
2024-07-08 05:00:00,35.7,42.4,8.1,707.1
2024-07-08 06:00:00,24.4,39.3,11.2,562.2
2024-07-08 07:00:00,28.1,46.2,8.2,567.4
2024-07-08 08:00:00,31.0,32.7,8.9,663.5
2024-07-08 09:00:00,31.6,39.3,11.8,664.5
2024-07-08 10:00:00,29.6,39.6,9.0,646.3
2024-07-08 11:00:00,29.7,33.8,10.1,699.5
2024-07-08 12:00:00,31.1,49.5,15.4,751.4
2024-07-08 13:00:00,29.2,35.2,8.2,675.4
2024-07-08 14:00:00,34.0,39.0,13.0,813.0
2024-07-08 15:00:00,32.4,46.5,8.2,722.6
2024-07-08 16:00:00,32.5,45.2,8.4,673.5
2024-07-08 17:00:00,26.9,36.4,8.4,550.1
2024-07-08 18:00:00,29.6,45.4,23.4,627.0
2024-07-08 19:00:00,28.9,43.4,8.6,563.6
2024-07-08 20:00:00,26.8,53.6,14.8,534.3
2024-07-08 21:00:00,30.9,44.0,22.1,466.8
2024-07-08 22:00:00,28.2,41.2,9.5,495.4
2024-07-08 23:00:00,31.8,37.6,11.0,518.2
2024-07-09 00:00:00,26.6,38.2,12.5,412.3
2024-07-09 01:00:00,35.0,37.8,9.5,600.1
2024-07-09 02:00:00,27.1,48.8,8.5,511.3
2024-07-09 03:00:00,30.5,42.0,9.7,606.2
2024-07-09 04:00:00,32.2,44.7,12.4,598.7
2024-07-09 05:00:00,28.1,49.5,12.6,530.2
2024-07-09 06:00:00,32.4,30.1,8.8,614.5
2024-07-09 07:00:00,26.1,48.3,8.6,609.0
2024-07-09 08:00:00,34.2,42.1,15.6,701.9
2024-07-09 09:00:00,29.9,44.0,8.1,689.1
2024-07-09 10:00:00,28.0,37.7,12.0,665.8
2024-07-09 11:00:00,28.9,38.1,8.1,684.7
2024-07-09 12:00:00,32.2,44.3,13.5,694.9
2024-07-09 13:00:00,28.1,53.8,15.1,664.7
2024-07-09 14:00:00,27.6,46.9,9.1,612.0
2024-07-09 15:00:00,29.1,48.2,8.2,644.0
2024-07-09 16:00:00,26.3,40.9,10.0,629.4
2024-07-09 17:00:00,35.3,38.8,9.1,768.6
2024-07-09 18:00:00,28.1,37.9,9.6,577.9
2024-07-09 19:00:00,32.3,39.4,11.3,597.6
2024-07-09 20:00:00,30.4,31.5,8.7,600.4
2024-07-09 21:00:00,26.8,38.2,9.3,468.3
2024-07-09 22:00:00,29.8,39.0,12.6,475.3
2024-07-09 23:00:00,32.1,40.9,11.1,562.7
2024-07-10 00:00:00,29.2,42.4,9.2,503.0
2024-07-10 01:00:00,33.4,43.6,11.3,551.9
2024-07-10 02:00:00,32.9,41.7,12.3,569.3
2024-07-10 03:00:00,32.5,38.9,10.7,587.8
2024-07-10 04:00:00,28.4,31.9,8.8,528.6
2024-07-10 05:00:00,26.5,38.9,8.0,541.5
2024-07-10 06:00:00,27.9,36.9,12.9,553.7
2024-07-10 07:00:00,30.4,44.1,13.2,649.7
2024-07-10 08:00:00,31.4,46.3,11.6,677.9
2024-07-10 09:00:00,23.3,46.4,8.2,588.3
2024-07-10 10:00:00,29.7,45.5,10.6,678.0
2024-07-10 11:00:00,30.2,41.0,13.2,698.1
2024-07-10 12:00:00,28.9,39.1,9.5,640.0
2024-07-10 13:00:00,33.6,38.0,8.7,745.3
2024-07-10 14:00:00,31.0,34.2,10.7,702.9
2024-07-10 15:00:00,33.7,46.6,13.3,703.5
2024-07-10 16:00:00,29.1,40.8,8.2,618.2
2024-07-10 17:00:00,32.6,35.4,10.7,741.5
2024-07-10 18:00:00,34.7,37.5,11.1,656.8
2024-07-10 19:00:00,33.7,37.3,10.8,631.2
2024-07-10 20:00:00,26.5,41.9,11.1,479.5
2024-07-10 21:00:00,29.0,47.0,11.0,513.9
2024-07-10 22:00:00,28.7,39.9,8.4,469.6
2024-07-10 23:00:00,31.2,30.4,8.8,511.9
2024-07-11 00:00:00,31.8,40.7,10.9,510.2
2024-07-11 01:00:00,27.2,40.8,8.1,497.2
2024-07-11 02:00:00,29.9,40.5,11.0,515.2
2024-07-11 03:00:00,23.7,38.5,11.3,429.3
2024-07-11 04:00:00,34.1,42.7,8.8,654.8
2024-07-11 05:00:00,28.2,41.9,10.7,520.1
2024-07-11 06:00:00,29.9,41.5,10.3,552.2
2024-07-11 07:00:00,28.8,43.7,8.9,609.6
2024-07-11 08:00:00,33.2,39.4,9.9,765.6
2024-07-11 09:00:00,21.2,39.2,15.2,536.6
2024-07-11 10:00:00,29.7,48.5,9.7,645.8
2024-07-11 11:00:00,29.4,44.4,11.0,712.1
2024-07-11 12:00:00,28.4,45.7,8.1,659.5
2024-07-11 13:00:00,34.9,47.7,8.2,816.3
2024-07-11 14:00:00,27.1,44.2,8.3,623.4
2024-07-11 15:00:00,32.0,46.2,12.5,713.8
2024-07-11 16:00:00,30.8,33.6,9.3,712.1
2024-07-11 17:00:00,33.5,42.6,8.8,657.0
2024-07-11 18:00:00,27.7,40.6,12.1,598.5
2024-07-11 19:00:00,27.5,49.9,8.6,564.5
2024-07-11 20:00:00,33.0,46.2,8.8,563.4
2024-07-11 21:00:00,31.0,38.4,9.7,561.6
2024-07-11 22:00:00,25.1,43.4,9.2,457.8
2024-07-11 23:00:00,28.1,42.3,10.6,479.5
2024-07-12 00:00:00,30.9,43.8,9.2,526.2
2024-07-12 01:00:00,32.2,36.4,9.5,530.3
2024-07-12 02:00:00,27.7,43.3,14.0,484.0
2024-07-12 03:00:00,20.9,40.3,14.5,457.4
2024-07-12 04:00:00,31.3,42.9,13.3,595.2
2024-07-12 05:00:00,26.0,37.9,14.0,476.2
2024-07-12 06:00:00,23.6,38.5,10.5,568.5
2024-07-12 07:00:00,21.2,47.3,11.1,516.0
2024-07-12 08:00:00,32.1,36.2,10.4,708.4
2024-07-12 09:00:00,30.1,36.6,12.6,672.3
2024-07-12 10:00:00,29.0,41.2,10.4,633.5
2024-07-12 11:00:00,33.8,37.6,8.4,784.4
2024-07-12 12:00:00,31.6,37.0,13.0,697.4
2024-07-12 13:00:00,34.5,42.0,12.3,818.2
2024-07-12 14:00:00,25.5,33.9,13.1,606.3
2024-07-12 15:00:00,29.6,36.4,8.6,617.1
2024-07-12 16:00:00,24.8,51.7,9.0,640.4
2024-07-12 17:00:00,29.0,43.7,9.1,617.5
2024-07-12 18:00:00,28.9,37.7,10.1,608.3
2024-07-12 19:00:00,31.5,43.5,8.4,576.7
2024-07-12 20:00:00,29.8,44.2,9.5,492.0
2024-07-12 21:00:00,31.5,46.4,8.6,608.8
2024-07-12 22:00:00,31.8,40.7,8.9,544.1
2024-07-12 23:00:00,36.1,46.3,11.7,648.8
2024-07-13 00:00:00,28.7,31.2,13.8,495.8
2024-07-13 01:00:00,26.8,36.1,8.1,448.5
2024-07-13 02:00:00,30.4,42.2,10.5,527.4
2024-07-13 03:00:00,27.2,43.0,8.1,540.4
2024-07-13 04:00:00,34.1,36.8,8.3,625.9
2024-07-13 05:00:00,28.8,42.6,11.7,585.4
2024-07-13 06:00:00,27.9,38.2,12.0,509.7
2024-07-13 07:00:00,28.2,40.0,13.0,633.5
2024-07-13 08:00:00,31.8,46.5,9.9,638.5
2024-07-13 09:00:00,29.1,45.9,13.9,690.8
2024-07-13 10:00:00,27.7,36.3,8.5,663.8
2024-07-13 11:00:00,34.6,36.0,8.9,782.5
2024-07-13 12:00:00,27.0,39.3,8.4,656.3
2024-07-13 13:00:00,29.7,41.2,12.8,685.1
2024-07-13 14:00:00,31.6,38.0,8.8,688.0
2024-07-13 15:00:00,24.7,46.5,8.5,605.5
2024-07-13 16:00:00,31.0,43.0,10.9,735.3
2024-07-13 17:00:00,26.4,43.3,8.2,619.7
2024-07-13 18:00:00,32.1,34.9,8.1,607.8
2024-07-13 19:00:00,26.7,47.1,8.3,541.7
2024-07-13 20:00:00,31.7,27.2,8.0,575.4
2024-07-13 21:00:00,32.9,45.4,11.6,581.0
2024-07-13 22:00:00,32.2,45.9,10.5,524.8
2024-07-13 23:00:00,30.3,39.1,8.7,521.8
2024-07-14 00:00:00,28.9,47.6,8.8,512.4
2024-07-14 01:00:00,27.8,40.9,13.0,448.2
2024-07-14 02:00:00,34.0,41.6,10.1,649.4
2024-07-14 03:00:00,27.5,42.9,11.6,541.1
2024-07-14 04:00:00,26.5,57.2,9.8,528.4
2024-07-14 05:00:00,31.6,47.9,8.8,568.1
2024-07-14 06:00:00,27.2,44.7,18.6,575.6
2024-07-14 07:00:00,26.7,36.7,10.5,588.7
2024-07-14 08:00:00,25.2,41.9,8.4,608.2
2024-07-14 09:00:00,28.1,37.1,9.6,689.6
2024-07-14 10:00:00,29.3,45.3,9.2,673.3
2024-07-14 11:00:00,30.3,41.9,8.7,763.6
2024-07-14 12:00:00,32.4,35.6,16.1,753.1
2024-07-14 13:00:00,31.1,41.6,14.4,707.8
2024-07-14 14:00:00,29.0,36.9,8.7,741.5
2024-07-14 15:00:00,28.9,41.9,9.3,680.6
2024-07-14 16:00:00,31.1,36.9,12.3,652.8
2024-07-14 17:00:00,33.4,41.3,8.7,691.8
2024-07-14 18:00:00,29.9,44.9,10.7,620.1
2024-07-14 19:00:00,28.1,40.9,11.6,542.9
2024-07-14 20:00:00,26.6,39.2,11.2,508.0
2024-07-14 21:00:00,25.2,42.2,11.7,447.4
2024-07-14 22:00:00,31.5,44.6,11.7,491.4
2024-07-14 23:00:00,31.3,35.6,18.0,525.8
2024-07-15 00:00:00,31.3,42.4,9.3,526.7
2024-07-15 01:00:00,29.1,47.7,14.3,509.8
2024-07-15 02:00:00,33.7,44.0,8.1,569.0
2024-07-15 03:00:00,28.1,41.4,9.0,461.7
2024-07-15 04:00:00,32.4,44.3,8.1,565.7
2024-07-15 05:00:00,29.4,43.4,11.2,598.0
2024-07-15 06:00:00,27.7,44.9,8.3,549.6
2024-07-15 07:00:00,31.3,31.0,13.6,629.9
2024-07-15 08:00:00,30.7,33.3,11.1,649.3
2024-07-15 09:00:00,30.6,46.1,8.1,664.5
2024-07-15 10:00:00,29.7,33.6,11.8,658.4
2024-07-15 11:00:00,29.4,43.1,13.9,662.3
2024-07-15 12:00:00,36.7,39.3,11.2,883.5
2024-07-15 13:00:00,33.0,36.1,8.1,771.0
2024-07-15 14:00:00,31.6,42.8,13.9,754.0
2024-07-15 15:00:00,29.8,42.1,12.0,712.3
2024-07-15 16:00:00,32.5,51.6,9.4,630.2
2024-07-15 17:00:00,31.0,37.9,9.2,652.4
2024-07-15 18:00:00,29.5,48.3,10.0,579.5
2024-07-15 19:00:00,28.6,42.8,14.1,587.6
2024-07-15 20:00:00,29.2,37.7,8.9,514.6
2024-07-15 21:00:00,19.9,45.0,8.3,420.2
2024-07-15 22:00:00,30.1,43.9,14.0,473.7
2024-07-15 23:00:00,28.0,41.2,8.1,466.0
2024-07-16 00:00:00,34.2,42.4,15.3,610.6
2024-07-16 01:00:00,29.5,38.0,9.1,502.4
2024-07-16 02:00:00,25.9,36.9,10.1,423.4
2024-07-16 03:00:00,29.3,44.8,8.4,585.4
2024-07-16 04:00:00,26.3,39.9,15.0,521.2
2024-07-16 05:00:00,30.9,40.6,12.2,612.1
2024-07-16 06:00:00,30.3,42.4,15.7,644.7
2024-07-16 07:00:00,32.3,42.3,11.4,619.0
2024-07-16 08:00:00,27.1,33.8,8.6,579.4
2024-07-16 09:00:00,29.5,47.4,9.1,691.7
2024-07-16 10:00:00,25.3,41.6,10.0,605.8
2024-07-16 11:00:00,31.5,40.0,10.8,714.6
2024-07-16 12:00:00,31.0,43.1,15.8,715.6
2024-07-16 13:00:00,30.9,42.1,9.5,674.4
2024-07-16 14:00:00,29.4,44.8,11.6,669.1
2024-07-16 15:00:00,30.7,43.6,17.7,710.7
2024-07-16 16:00:00,34.2,44.5,8.5,755.9
2024-07-16 17:00:00,28.5,47.7,14.0,641.6
2024-07-16 18:00:00,29.8,45.4,9.6,630.0
2024-07-16 19:00:00,26.1,40.1,12.0,536.5
2024-07-16 20:00:00,26.8,35.3,9.0,514.3
2024-07-16 21:00:00,29.7,49.3,9.2,536.5
2024-07-16 22:00:00,32.7,39.7,8.1,543.5
2024-07-16 23:00:00,28.6,38.6,18.7,451.2
2024-07-17 00:00:00,28.7,32.2,13.0,455.6
2024-07-17 01:00:00,28.2,42.6,8.3,468.2
2024-07-17 02:00:00,27.8,41.7,30.9,462.9
2024-07-17 03:00:00,30.3,33.3,10.8,542.5
2024-07-17 04:00:00,24.9,43.2,13.8,496.7
2024-07-17 05:00:00,33.2,38.4,8.2,642.2
2024-07-17 06:00:00,27.4,54.3,9.5,581.1
2024-07-17 07:00:00,31.5,38.0,11.3,687.0
2024-07-17 08:00:00,25.5,38.7,8.3,593.7
2024-07-17 09:00:00,31.4,36.5,10.0,722.4
2024-07-17 10:00:00,31.4,47.3,9.8,729.1
2024-07-17 11:00:00,30.5,39.0,8.7,738.2
2024-07-17 12:00:00,26.4,37.2,9.1,699.4
2024-07-17 13:00:00,30.1,44.4,18.2,717.5
2024-07-17 14:00:00,25.8,34.0,9.0,633.5
2024-07-17 15:00:00,28.6,44.0,8.7,654.5
2024-07-17 16:00:00,32.4,49.8,10.3,684.2
2024-07-17 17:00:00,31.7,43.7,11.3,642.5
2024-07-17 18:00:00,29.4,44.0,11.9,619.3
2024-07-17 19:00:00,26.4,45.2,12.2,500.5
2024-07-17 20:00:00,31.3,49.4,8.1,624.5
2024-07-17 21:00:00,29.4,46.9,9.5,518.5
2024-07-17 22:00:00,22.4,43.0,12.5,525.2
2024-07-17 23:00:00,31.7,45.3,15.1,514.0
2024-07-18 00:00:00,29.2,36.4,10.8,493.9
2024-07-18 01:00:00,32.9,44.7,8.2,548.5
2024-07-18 02:00:00,26.0,35.8,9.5,436.4
2024-07-18 03:00:00,19.8,39.0,8.2,480.7
2024-07-18 04:00:00,30.1,25.4,12.1,511.6
2024-07-18 05:00:00,30.2,42.8,8.2,557.9
2024-07-18 06:00:00,24.2,37.6,8.6,550.6
2024-07-18 07:00:00,26.3,46.3,9.6,603.6
2024-07-18 08:00:00,37.5,42.7,9.9,775.9
2024-07-18 09:00:00,28.4,46.4,9.6,667.3
2024-07-18 10:00:00,31.5,35.4,9.9,713.3
2024-07-18 11:00:00,27.3,46.0,11.7,634.9
2024-07-18 12:00:00,23.0,51.3,9.4,609.2
2024-07-18 13:00:00,28.8,44.6,10.4,619.2
2024-07-18 14:00:00,28.5,44.7,9.1,717.8
2024-07-18 15:00:00,28.1,41.6,9.3,673.9
2024-07-18 16:00:00,28.9,38.1,10.9,593.9
2024-07-18 17:00:00,30.0,44.6,10.0,652.8
2024-07-18 18:00:00,28.8,33.2,11.9,561.3
2024-07-18 19:00:00,25.5,38.7,10.5,544.7
2024-07-18 20:00:00,30.7,31.9,12.9,542.6
2024-07-18 21:00:00,23.4,37.2,9.8,446.2
2024-07-18 22:00:00,23.1,43.9,10.0,434.3
2024-07-18 23:00:00,31.4,43.3,11.3,510.1
2024-07-19 00:00:00,30.7,41.0,8.8,554.9
2024-07-19 01:00:00,29.0,41.6,9.5,516.7
2024-07-19 02:00:00,25.0,31.3,10.9,452.6
2024-07-19 03:00:00,27.1,38.8,8.1,519.7
2024-07-19 04:00:00,28.4,37.3,9.7,476.6
2024-07-19 05:00:00,24.4,37.4,10.7,471.6
2024-07-19 06:00:00,27.0,43.7,18.3,575.1
2024-07-19 07:00:00,31.2,36.4,14.3,665.8
2024-07-19 08:00:00,33.5,37.7,9.0,722.6
2024-07-19 09:00:00,27.9,30.3,10.1,579.7
2024-07-19 10:00:00,31.5,39.2,8.2,679.4
2024-07-19 11:00:00,23.4,35.2,8.8,636.2
2024-07-19 12:00:00,31.2,41.1,12.5,793.0
2024-07-19 13:00:00,26.8,35.9,8.4,687.7
2024-07-19 14:00:00,30.1,41.2,8.9,736.1
2024-07-19 15:00:00,28.4,39.9,16.6,657.7
2024-07-19 16:00:00,33.1,49.0,13.2,722.4
2024-07-19 17:00:00,26.5,43.1,12.6,550.7
2024-07-19 18:00:00,31.0,31.5,14.0,641.9
2024-07-19 19:00:00,28.3,34.3,12.2,544.5
2024-07-19 20:00:00,28.7,40.9,8.4,551.5
2024-07-19 21:00:00,28.6,36.0,10.2,507.4
2024-07-19 22:00:00,26.6,25.8,9.8,469.6
2024-07-19 23:00:00,29.1,47.4,9.1,490.8
2024-07-20 00:00:00,29.0,44.2,13.4,493.0
2024-07-20 01:00:00,29.9,43.2,9.9,532.8
2024-07-20 02:00:00,29.4,37.6,8.2,464.7
2024-07-20 03:00:00,31.5,42.8,9.0,512.1
2024-07-20 04:00:00,31.9,37.1,8.8,594.6
2024-07-20 05:00:00,26.0,41.6,14.6,566.7
2024-07-20 06:00:00,31.7,36.0,11.1,678.8
2024-07-20 07:00:00,25.6,48.2,10.5,537.9
2024-07-20 08:00:00,30.9,32.8,10.1,648.9
2024-07-20 09:00:00,31.0,46.8,11.2,646.0
2024-07-20 10:00:00,23.4,40.8,12.2,599.6
2024-07-20 11:00:00,29.4,38.1,10.4,719.7
2024-07-20 12:00:00,27.7,41.4,16.4,667.7
2024-07-20 13:00:00,26.8,44.3,19.3,644.7
2024-07-20 14:00:00,33.1,47.4,24.1,764.9
2024-07-20 15:00:00,27.1,42.1,11.3,608.6
2024-07-20 16:00:00,26.7,36.1,16.1,651.4
2024-07-20 17:00:00,29.3,40.9,9.6,615.8
2024-07-20 18:00:00,31.1,49.7,13.9,611.9
2024-07-20 19:00:00,28.6,47.3,15.2,575.2
2024-07-20 20:00:00,32.6,45.1,15.0,627.1
2024-07-20 21:00:00,30.7,44.5,13.3,590.3
2024-07-20 22:00:00,22.5,44.1,9.6,434.2
2024-07-20 23:00:00,27.5,46.3,8.5,503.8
2024-07-21 00:00:00,27.4,38.3,9.2,465.6
2024-07-21 01:00:00,30.5,33.8,12.4,489.9
2024-07-21 02:00:00,21.2,40.9,8.8,411.6
2024-07-21 03:00:00,36.7,36.5,10.0,637.4
2024-07-21 04:00:00,30.6,35.3,10.5,535.8
2024-07-21 05:00:00,29.5,36.9,10.8,598.0
2024-07-21 06:00:00,32.6,53.0,16.2,674.2
2024-07-21 07:00:00,36.1,41.2,11.2,715.5
2024-07-21 08:00:00,31.6,42.3,12.6,627.1
2024-07-21 09:00:00,31.9,34.4,10.6,667.2
2024-07-21 10:00:00,29.4,31.3,13.4,649.7
2024-07-21 11:00:00,28.6,36.4,8.9,664.7
2024-07-21 12:00:00,27.6,47.7,8.7,705.0
2024-07-21 13:00:00,26.5,42.2,15.8,635.3
2024-07-21 14:00:00,26.9,43.5,11.5,697.3
2024-07-21 15:00:00,24.9,44.2,11.3,562.0
2024-07-21 16:00:00,28.8,37.5,9.9,619.8
2024-07-21 17:00:00,23.9,47.4,9.4,585.5
2024-07-21 18:00:00,29.6,37.3,10.4,617.2
2024-07-21 19:00:00,28.9,47.5,8.4,550.8
2024-07-21 20:00:00,29.4,42.7,9.8,572.4
2024-07-21 21:00:00,27.4,31.5,9.8,513.3
2024-07-21 22:00:00,38.2,36.7,10.3,676.3
2024-07-21 23:00:00,33.0,31.6,11.0,564.8
2024-07-22 00:00:00,25.2,46.3,17.5,466.1
2024-07-22 01:00:00,29.7,40.3,11.2,479.8
2024-07-22 02:00:00,27.1,29.3,14.5,519.5
2024-07-22 03:00:00,25.9,42.3,10.4,453.3
2024-07-22 04:00:00,24.9,37.8,11.0,492.6
2024-07-22 05:00:00,30.2,33.0,8.2,537.0
2024-07-22 06:00:00,26.9,48.8,8.4,565.5
2024-07-22 07:00:00,31.8,41.0,10.6,626.4
2024-07-22 08:00:00,31.9,39.0,9.5,674.2
2024-07-22 09:00:00,33.0,38.4,12.8,678.5
2024-07-22 10:00:00,26.4,32.9,10.4,659.4
2024-07-22 11:00:00,30.3,33.9,14.4,709.8
2024-07-22 12:00:00,30.8,46.9,18.8,749.5
2024-07-22 13:00:00,27.5,38.1,8.5,650.0
2024-07-22 14:00:00,26.6,40.5,9.5,675.6
2024-07-22 15:00:00,33.7,30.2,11.3,737.8
2024-07-22 16:00:00,29.6,33.8,9.1,643.7
2024-07-22 17:00:00,30.8,43.5,8.9,704.4
2024-07-22 18:00:00,26.4,42.3,13.0,539.6
2024-07-22 19:00:00,25.2,49.2,19.8,557.4
2024-07-22 20:00:00,27.2,47.1,12.5,529.1
2024-07-22 21:00:00,28.5,39.3,10.2,489.6
2024-07-22 22:00:00,25.7,42.8,9.8,421.1
2024-07-22 23:00:00,28.8,38.8,10.3,454.3
2024-07-23 00:00:00,23.8,50.7,9.9,470.8
2024-07-23 01:00:00,25.5,46.1,10.1,502.7
2024-07-23 02:00:00,30.9,41.2,8.7,531.3
2024-07-23 03:00:00,30.7,41.4,15.0,545.3
2024-07-23 04:00:00,27.7,47.6,12.2,544.2
2024-07-23 05:00:00,25.8,43.3,11.4,524.8
2024-07-23 06:00:00,25.8,48.2,17.0,583.6
2024-07-23 07:00:00,27.7,29.4,9.0,597.0
2024-07-23 08:00:00,30.8,42.7,8.3,668.1
2024-07-23 09:00:00,31.6,37.8,13.2,676.5
2024-07-23 10:00:00,27.3,49.2,27.3,625.8
2024-07-23 11:00:00,25.4,48.1,10.6,548.8
2024-07-23 12:00:00,29.6,40.5,8.2,731.3
2024-07-23 13:00:00,26.3,48.0,12.5,648.4
2024-07-23 14:00:00,27.3,49.3,8.2,641.3
2024-07-23 15:00:00,32.8,40.7,10.3,663.1
2024-07-23 16:00:00,31.3,52.7,9.0,658.9
2024-07-23 17:00:00,29.3,40.2,15.4,591.5
2024-07-23 18:00:00,25.0,39.3,9.8,515.6
2024-07-23 19:00:00,29.4,44.7,14.9,577.4
2024-07-23 20:00:00,32.0,38.6,9.1,587.6
2024-07-23 21:00:00,27.6,40.8,9.5,455.6
2024-07-23 22:00:00,32.8,47.4,16.8,529.8
2024-07-23 23:00:00,32.6,40.4,8.7,512.6
2024-07-24 00:00:00,33.8,31.9,10.6,621.6
2024-07-24 01:00:00,29.7,42.2,9.5,544.2
2024-07-24 02:00:00,30.5,36.8,12.5,494.7
2024-07-24 03:00:00,33.0,44.7,8.4,527.4
2024-07-24 04:00:00,30.1,43.8,9.7,557.2
2024-07-24 05:00:00,27.2,47.7,11.6,541.3
2024-07-24 06:00:00,27.4,44.9,9.6,575.7
2024-07-24 07:00:00,29.4,45.8,8.2,642.4
2024-07-24 08:00:00,24.9,37.0,11.7,600.9
2024-07-24 09:00:00,28.3,44.3,10.1,614.4
2024-07-24 10:00:00,32.0,50.2,8.0,735.9
2024-07-24 11:00:00,22.1,36.9,10.8,644.3
2024-07-24 12:00:00,33.3,49.3,15.6,744.8
2024-07-24 13:00:00,32.1,37.6,8.4,741.0
2024-07-24 14:00:00,27.3,36.0,10.7,631.0
2024-07-24 15:00:00,30.3,41.8,11.9,736.8
2024-07-24 16:00:00,28.7,43.9,8.2,592.7
2024-07-24 17:00:00,32.4,44.9,8.1,705.6
2024-07-24 18:00:00,31.6,35.5,9.9,575.9
2024-07-24 19:00:00,24.5,42.5,12.7,565.2
2024-07-24 20:00:00,30.4,36.9,8.5,521.4
2024-07-24 21:00:00,28.1,32.8,13.4,503.3
2024-07-24 22:00:00,28.9,35.6,11.2,445.9
2024-07-24 23:00:00,26.5,36.5,9.2,414.8
2024-07-25 00:00:00,33.9,42.9,10.2,603.0
2024-07-25 01:00:00,31.8,46.0,18.1,568.2
2024-07-25 02:00:00,26.4,32.9,8.7,470.1
2024-07-25 03:00:00,24.6,42.0,10.1,489.8
2024-07-25 04:00:00,27.5,34.4,10.9,543.3
2024-07-25 05:00:00,29.9,43.4,8.4,554.3
2024-07-25 06:00:00,29.4,37.1,8.1,546.6
2024-07-25 07:00:00,32.4,35.0,8.0,665.7
2024-07-25 08:00:00,31.0,44.3,9.2,651.5
2024-07-25 09:00:00,31.5,37.3,8.2,707.3
2024-07-25 10:00:00,29.6,38.7,12.9,696.0
2024-07-25 11:00:00,24.4,29.2,25.8,606.5
2024-07-25 12:00:00,28.0,45.0,8.2,695.0
2024-07-25 13:00:00,31.8,44.4,9.7,749.4
2024-07-25 14:00:00,28.4,40.3,8.1,685.4
2024-07-25 15:00:00,30.1,32.6,8.4,656.4
2024-07-25 16:00:00,27.6,46.3,9.2,643.1
2024-07-25 17:00:00,25.5,36.9,9.5,584.1
2024-07-25 18:00:00,28.2,38.0,16.4,592.1
2024-07-25 19:00:00,29.5,51.8,9.5,622.6
2024-07-25 20:00:00,26.6,36.7,10.1,513.1
2024-07-25 21:00:00,27.9,43.9,8.8,482.4
2024-07-25 22:00:00,25.7,43.0,8.0,428.0
2024-07-25 23:00:00,31.9,42.2,14.9,571.9
2024-07-26 00:00:00,27.7,41.6,8.3,478.6
2024-07-26 01:00:00,32.9,42.1,18.0,607.8
2024-07-26 02:00:00,33.1,41.6,8.4,511.2
2024-07-26 03:00:00,28.3,40.0,10.8,531.6
2024-07-26 04:00:00,25.5,47.8,30.3,490.3
2024-07-26 05:00:00,22.3,33.6,8.4,484.5
2024-07-26 06:00:00,24.1,45.3,9.7,513.2
2024-07-26 07:00:00,24.4,44.3,12.5,590.5
2024-07-26 08:00:00,32.6,43.7,8.1,718.2
2024-07-26 09:00:00,28.9,45.8,11.5,622.1
2024-07-26 10:00:00,29.7,39.7,8.3,686.3
2024-07-26 11:00:00,21.8,30.9,8.8,635.9
2024-07-26 12:00:00,24.9,39.8,8.5,644.5
2024-07-26 13:00:00,31.2,35.2,15.1,746.9
2024-07-26 14:00:00,29.3,36.5,8.6,666.0
2024-07-26 15:00:00,28.0,34.0,8.1,571.8
2024-07-26 16:00:00,30.2,37.8,10.7,657.2
2024-07-26 17:00:00,33.4,37.2,9.3,693.1
2024-07-26 18:00:00,27.8,28.3,9.6,572.2
2024-07-26 19:00:00,28.7,43.7,8.4,589.3
2024-07-26 20:00:00,29.0,51.3,12.1,482.4
2024-07-26 21:00:00,35.6,43.2,10.8,639.1
2024-07-26 22:00:00,22.1,39.2,9.4,409.0
2024-07-26 23:00:00,30.5,39.9,8.6,475.2
2024-07-27 00:00:00,28.1,38.1,10.7,469.3
2024-07-27 01:00:00,30.1,40.6,12.5,526.9
2024-07-27 02:00:00,26.5,40.0,9.1,475.8
2024-07-27 03:00:00,28.3,36.0,8.1,481.4
2024-07-27 04:00:00,30.6,48.6,8.7,559.0
2024-07-27 05:00:00,37.8,32.7,11.4,770.5
2024-07-27 06:00:00,30.8,43.8,21.6,636.3
2024-07-27 07:00:00,25.9,39.7,8.0,556.6
2024-07-27 08:00:00,27.1,49.7,9.1,597.0
2024-07-27 09:00:00,27.0,41.9,8.2,579.7
2024-07-27 10:00:00,23.0,38.4,9.1,600.1
2024-07-27 11:00:00,27.4,38.9,9.6,607.7
2024-07-27 12:00:00,30.6,40.4,15.6,771.7
2024-07-27 13:00:00,24.6,34.4,8.3,604.7
2024-07-27 14:00:00,31.5,36.3,12.5,744.1
2024-07-27 15:00:00,29.8,31.2,9.5,718.1
2024-07-27 16:00:00,26.2,35.5,13.0,604.6
2024-07-27 17:00:00,27.9,40.6,10.2,593.5
2024-07-27 18:00:00,33.1,41.6,8.1,619.4
2024-07-27 19:00:00,30.5,30.2,16.8,563.1
2024-07-27 20:00:00,28.4,39.5,8.3,573.8
2024-07-27 21:00:00,27.6,43.0,10.7,507.8
2024-07-27 22:00:00,28.6,39.3,14.3,492.5
2024-07-27 23:00:00,26.8,37.0,8.2,498.1
2024-07-28 00:00:00,22.0,38.1,10.4,443.1
2024-07-28 01:00:00,34.4,37.4,13.2,584.6
2024-07-28 02:00:00,28.8,36.9,20.9,500.0
2024-07-28 03:00:00,29.5,41.0,11.9,499.0
2024-07-28 04:00:00,28.1,51.7,9.0,511.8
2024-07-28 05:00:00,26.1,36.4,11.6,515.8
2024-07-28 06:00:00,27.7,38.5,11.7,583.8
2024-07-28 07:00:00,23.5,39.9,11.6,518.1
2024-07-28 08:00:00,35.1,36.7,13.8,753.3
2024-07-28 09:00:00,24.6,45.6,8.3,598.5
2024-07-28 10:00:00,25.2,28.3,8.3,595.1
2024-07-28 11:00:00,26.9,37.5,11.1,642.4
2024-07-28 12:00:00,32.1,44.2,17.2,670.1
2024-07-28 13:00:00,28.3,38.6,9.9,648.3
2024-07-28 14:00:00,24.5,36.0,17.7,588.1
2024-07-28 15:00:00,32.0,42.3,16.3,698.8
2024-07-28 16:00:00,30.4,44.6,15.0,591.0
2024-07-28 17:00:00,29.9,41.2,15.2,629.8
2024-07-28 18:00:00,30.4,36.1,14.9,631.5
2024-07-28 19:00:00,35.4,42.4,13.1,681.7
2024-07-28 20:00:00,34.8,38.1,11.6,658.7
2024-07-28 21:00:00,26.2,43.8,8.1,466.1
2024-07-28 22:00:00,33.1,47.5,8.4,527.4
2024-07-28 23:00:00,29.4,27.1,8.4,487.0
2024-07-29 00:00:00,29.7,40.7,8.1,516.0
2024-07-29 01:00:00,23.1,31.4,8.4,387.2
2024-07-29 02:00:00,27.7,52.3,15.6,472.8
2024-07-29 03:00:00,25.7,37.8,11.3,467.2
2024-07-29 04:00:00,30.7,43.8,9.1,648.4
2024-07-29 05:00:00,31.4,39.9,12.7,604.5
2024-07-29 06:00:00,21.9,36.1,10.0,463.9
2024-07-29 07:00:00,28.1,35.5,8.5,531.5
2024-07-29 08:00:00,31.5,48.0,14.5,702.2
2024-07-29 09:00:00,27.6,44.9,9.2,713.8
2024-07-29 10:00:00,30.3,49.8,11.6,688.5
2024-07-29 11:00:00,29.2,40.4,9.0,674.2
2024-07-29 12:00:00,29.2,41.5,10.1,700.9
2024-07-29 13:00:00,27.3,38.7,13.1,634.9
2024-07-29 14:00:00,24.5,38.6,8.5,545.6
2024-07-29 15:00:00,24.8,34.9,19.3,637.4
2024-07-29 16:00:00,30.2,40.5,8.2,635.8
2024-07-29 17:00:00,28.2,36.1,10.3,628.9
2024-07-29 18:00:00,27.7,42.3,15.4,545.6
2024-07-29 19:00:00,26.8,40.9,16.7,535.6
2024-07-29 20:00:00,27.2,41.5,8.8,537.7
2024-07-29 21:00:00,31.2,48.4,8.5,586.5
2024-07-29 22:00:00,27.1,39.9,11.9,480.4
2024-07-29 23:00:00,24.1,43.8,8.1,444.0
2024-07-30 00:00:00,30.3,50.3,10.0,528.7
2024-07-30 01:00:00,27.5,46.6,12.8,485.1
2024-07-30 02:00:00,28.2,45.8,10.5,450.8
2024-07-30 03:00:00,32.9,38.5,8.6,543.2
2024-07-30 04:00:00,28.0,41.2,10.0,458.4
2024-07-30 05:00:00,28.9,33.5,15.6,577.5
2024-07-30 06:00:00,24.5,42.6,10.9,525.7
2024-07-30 07:00:00,27.4,41.4,11.8,614.8
2024-07-30 08:00:00,29.9,40.2,9.2,660.0
2024-07-30 09:00:00,23.4,45.2,8.6,572.3
2024-07-30 10:00:00,28.6,34.0,8.9,659.5
2024-07-30 11:00:00,28.3,48.2,10.3,662.4
2024-07-30 12:00:00,28.1,44.6,9.0,657.0
2024-07-30 13:00:00,31.1,39.7,10.3,742.8
2024-07-30 14:00:00,29.0,39.3,11.7,746.4
2024-07-30 15:00:00,32.4,42.5,12.0,749.0
2024-07-30 16:00:00,25.0,47.7,8.5,593.1
2024-07-30 17:00:00,28.4,40.6,12.2,640.3
2024-07-30 18:00:00,28.2,40.8,11.4,626.0
2024-07-30 19:00:00,24.8,40.1,8.0,470.6
2024-07-30 20:00:00,30.8,49.0,8.2,605.2
2024-07-30 21:00:00,34.9,38.2,11.1,650.0
2024-07-30 22:00:00,27.9,39.9,9.5,519.0
2024-07-30 23:00:00,29.5,47.4,8.5,523.2
2024-07-31 00:00:00,28.2,40.8,8.1,467.4
2024-07-31 01:00:00,25.8,45.7,8.5,514.2
2024-07-31 02:00:00,22.5,35.5,17.5,446.2
2024-07-31 03:00:00,25.8,39.0,11.9,462.8
2024-07-31 04:00:00,23.7,47.5,10.3,500.2
2024-07-31 05:00:00,33.0,36.7,16.5,657.5
2024-07-31 06:00:00,27.6,39.3,10.9,568.3
2024-07-31 07:00:00,26.9,41.3,11.9,596.1
2024-07-31 08:00:00,30.6,35.1,9.0,659.6
2024-07-31 09:00:00,24.5,38.0,10.7,586.3
2024-07-31 10:00:00,25.6,40.6,8.5,607.3
2024-07-31 11:00:00,28.1,40.3,9.6,627.0
2024-07-31 12:00:00,31.0,46.4,8.1,765.0
2024-07-31 13:00:00,29.4,47.7,8.7,684.2
2024-07-31 14:00:00,28.6,35.7,8.2,561.0
2024-07-31 15:00:00,28.1,40.6,9.5,655.4
2024-07-31 16:00:00,29.1,43.4,13.6,648.6
2024-07-31 17:00:00,28.5,47.6,9.4,550.9
2024-07-31 18:00:00,24.8,43.6,13.3,515.0
2024-07-31 19:00:00,28.0,41.5,11.2,519.5
2024-07-31 20:00:00,24.6,43.4,10.1,466.5
2024-07-31 21:00:00,28.1,43.4,8.8,539.5
2024-07-31 22:00:00,26.4,35.4,15.7,459.2
2024-07-31 23:00:00,35.4,41.0,8.2,601.8
2024-08-01 00:00:00,27.7,47.3,11.5,504.7
2024-08-01 01:00:00,23.6,39.0,10.9,448.1
2024-08-01 02:00:00,27.4,40.7,9.7,425.3
2024-08-01 03:00:00,29.4,38.8,8.8,500.2
2024-08-01 04:00:00,32.8,28.4,9.7,605.2
2024-08-01 05:00:00,26.0,40.1,14.2,495.1
2024-08-01 06:00:00,23.0,41.5,13.4,589.0
2024-08-01 07:00:00,30.2,37.5,16.5,631.7
2024-08-01 08:00:00,23.6,34.2,9.1,555.1
2024-08-01 09:00:00,26.5,35.6,9.5,588.2
2024-08-01 10:00:00,27.0,43.8,8.1,675.4
2024-08-01 11:00:00,27.5,49.9,16.6,647.6
2024-08-01 12:00:00,29.8,46.9,9.2,711.9
2024-08-01 13:00:00,25.7,33.3,9.6,604.6
2024-08-01 14:00:00,26.9,44.3,15.2,649.1
2024-08-01 15:00:00,27.7,36.7,10.2,617.3
2024-08-01 16:00:00,28.2,37.1,10.5,612.5
2024-08-01 17:00:00,28.0,37.7,8.6,572.2
2024-08-01 18:00:00,29.0,43.5,10.1,617.6
2024-08-01 19:00:00,30.2,44.8,15.5,565.7
2024-08-01 20:00:00,28.9,39.5,10.5,528.5
2024-08-01 21:00:00,29.1,39.6,8.9,511.9
2024-08-01 22:00:00,22.9,42.3,8.1,489.9
2024-08-01 23:00:00,27.8,42.8,9.2,500.7
2024-08-02 00:00:00,29.1,45.9,10.6,513.2
2024-08-02 01:00:00,29.9,33.6,8.1,450.6
2024-08-02 02:00:00,25.6,40.1,10.8,438.8
2024-08-02 03:00:00,25.7,34.7,10.2,508.1
2024-08-02 04:00:00,25.9,39.8,12.6,462.9
2024-08-02 05:00:00,29.3,38.9,8.1,564.7
2024-08-02 06:00:00,30.7,39.8,12.6,580.3
2024-08-02 07:00:00,26.4,36.0,10.2,547.9
2024-08-02 08:00:00,30.4,32.6,9.4,702.5
2024-08-02 09:00:00,28.0,29.5,18.1,658.2
2024-08-02 10:00:00,27.2,39.3,8.5,677.8
2024-08-02 11:00:00,27.0,37.8,10.3,678.0
2024-08-02 12:00:00,29.8,36.6,9.2,691.7
2024-08-02 13:00:00,28.6,46.6,10.2,658.0
2024-08-02 14:00:00,34.4,35.7,10.4,758.9
2024-08-02 15:00:00,25.0,47.1,8.3,608.8
2024-08-02 16:00:00,29.1,48.1,11.2,694.2
2024-08-02 17:00:00,26.0,30.2,11.0,529.6
2024-08-02 18:00:00,25.0,40.5,12.4,523.4
2024-08-02 19:00:00,27.5,38.0,8.3,511.2
2024-08-02 20:00:00,28.0,25.4,9.1,545.3
2024-08-02 21:00:00,36.3,32.8,11.2,714.1
2024-08-02 22:00:00,27.0,43.9,8.4,483.8
2024-08-02 23:00:00,24.2,50.1,11.4,454.0
2024-08-03 00:00:00,28.4,44.5,8.2,480.9
2024-08-03 01:00:00,21.3,41.6,9.2,438.7
2024-08-03 02:00:00,27.3,39.9,13.6,498.6
2024-08-03 03:00:00,27.6,48.4,12.5,512.1
2024-08-03 04:00:00,29.9,50.7,11.1,568.7
2024-08-03 05:00:00,30.4,37.1,14.1,602.9
2024-08-03 06:00:00,26.0,30.0,11.7,490.4
2024-08-03 07:00:00,27.0,29.5,10.2,580.4
2024-08-03 08:00:00,25.2,46.6,19.7,604.0
2024-08-03 09:00:00,24.1,39.8,11.6,616.5
2024-08-03 10:00:00,28.4,40.9,10.8,658.5
2024-08-03 11:00:00,23.7,31.0,9.6,627.6
2024-08-03 12:00:00,26.2,36.2,15.0,627.5
2024-08-03 13:00:00,24.5,38.5,9.1,578.6
2024-08-03 14:00:00,29.1,41.0,8.0,702.9
2024-08-03 15:00:00,32.9,38.0,8.7,687.9
2024-08-03 16:00:00,23.5,34.8,8.3,572.6
2024-08-03 17:00:00,21.9,36.1,9.2,524.3
2024-08-03 18:00:00,27.1,46.0,13.2,610.5
2024-08-03 19:00:00,27.5,41.2,11.2,537.0
2024-08-03 20:00:00,28.1,43.1,8.6,514.4
2024-08-03 21:00:00,26.1,35.5,12.7,499.0
2024-08-03 22:00:00,26.8,25.2,10.1,527.8
2024-08-03 23:00:00,28.5,37.4,10.2,492.1
2024-08-04 00:00:00,30.5,35.7,9.3,495.0
2024-08-04 01:00:00,21.5,41.7,14.0,447.0
2024-08-04 02:00:00,26.3,56.4,9.1,425.9
2024-08-04 03:00:00,28.0,43.5,8.3,503.9
2024-08-04 04:00:00,24.6,53.7,9.1,553.7
2024-08-04 05:00:00,32.6,42.8,11.8,626.4
2024-08-04 06:00:00,25.5,36.9,11.2,545.4
2024-08-04 07:00:00,27.2,41.7,8.6,589.2
2024-08-04 08:00:00,29.0,48.9,8.4,627.6
2024-08-04 09:00:00,25.6,49.1,11.2,629.5
2024-08-04 10:00:00,21.8,37.1,11.4,631.0
2024-08-04 11:00:00,26.0,41.3,9.4,636.5
2024-08-04 12:00:00,30.4,32.9,13.6,628.4
2024-08-04 13:00:00,26.3,44.1,19.5,664.4
2024-08-04 14:00:00,24.8,47.8,8.7,692.7
2024-08-04 15:00:00,30.1,40.2,10.6,660.8
2024-08-04 16:00:00,26.3,36.7,8.0,556.0
2024-08-04 17:00:00,25.8,41.8,11.7,593.7
2024-08-04 18:00:00,27.7,42.1,9.6,621.2
2024-08-04 19:00:00,29.6,40.4,8.6,583.8
2024-08-04 20:00:00,34.4,40.9,12.2,688.5
2024-08-04 21:00:00,29.7,39.1,13.0,548.7
2024-08-04 22:00:00,30.7,45.0,8.4,549.4
2024-08-04 23:00:00,25.7,43.7,8.1,436.0
2024-08-05 00:00:00,24.2,35.1,9.2,440.0
2024-08-05 01:00:00,27.4,35.0,11.0,464.1
2024-08-05 02:00:00,27.6,38.7,12.7,476.5
2024-08-05 03:00:00,24.0,43.7,10.4,456.3
2024-08-05 04:00:00,26.7,40.7,10.6,513.0
2024-08-05 05:00:00,28.4,36.8,12.8,510.3
2024-08-05 06:00:00,28.3,41.3,10.3,600.0
2024-08-05 07:00:00,28.7,38.4,10.8,579.5
2024-08-05 08:00:00,28.1,44.4,10.2,616.8
2024-08-05 09:00:00,25.7,41.7,14.4,627.2
2024-08-05 10:00:00,25.6,38.4,8.8,603.5
2024-08-05 11:00:00,23.6,41.2,8.9,568.4
2024-08-05 12:00:00,32.5,46.6,8.4,737.4
2024-08-05 13:00:00,27.2,37.2,13.1,613.8
2024-08-05 14:00:00,26.5,42.0,9.6,662.6
2024-08-05 15:00:00,24.4,39.7,9.3,571.2
2024-08-05 16:00:00,36.0,42.1,19.9,819.3
2024-08-05 17:00:00,23.9,36.7,15.8,556.4
2024-08-05 18:00:00,25.8,40.6,18.7,549.4
2024-08-05 19:00:00,28.4,45.6,8.5,493.6
2024-08-05 20:00:00,28.9,35.3,14.7,535.7
2024-08-05 21:00:00,30.0,33.4,9.2,523.4
2024-08-05 22:00:00,32.5,33.6,8.0,516.9
2024-08-05 23:00:00,28.6,34.2,9.5,482.6
2024-08-06 00:00:00,23.9,43.0,10.1,421.9
2024-08-06 01:00:00,26.3,33.0,8.3,445.4
2024-08-06 02:00:00,28.0,38.5,10.3,484.7
2024-08-06 03:00:00,33.3,43.1,13.1,577.8
2024-08-06 04:00:00,22.9,42.1,9.4,485.1
2024-08-06 05:00:00,30.7,38.1,9.3,581.7
2024-08-06 06:00:00,27.6,41.0,9.2,580.9
2024-08-06 07:00:00,29.6,40.6,15.7,603.5
2024-08-06 08:00:00,26.7,38.9,8.1,573.8
2024-08-06 09:00:00,24.5,39.0,9.8,585.2
2024-08-06 10:00:00,29.3,51.2,8.9,724.5
2024-08-06 11:00:00,29.0,44.1,14.7,712.0
2024-08-06 12:00:00,29.9,52.4,8.3,741.6
2024-08-06 13:00:00,27.0,37.5,9.6,692.8
2024-08-06 14:00:00,25.2,39.6,9.6,614.1
2024-08-06 15:00:00,22.3,33.4,14.6,600.6
2024-08-06 16:00:00,29.5,36.0,8.7,641.7
2024-08-06 17:00:00,28.3,49.5,11.1,625.0
2024-08-06 18:00:00,24.1,37.4,8.4,523.4
2024-08-06 19:00:00,25.4,49.6,17.2,524.7
2024-08-06 20:00:00,25.6,33.8,10.7,493.9
2024-08-06 21:00:00,22.5,34.8,11.0,467.7
2024-08-06 22:00:00,24.5,38.3,9.7,468.5
2024-08-06 23:00:00,23.5,39.7,9.3,436.1
2024-08-07 00:00:00,25.7,44.6,8.7,452.1
2024-08-07 01:00:00,24.7,42.3,10.8,449.2
2024-08-07 02:00:00,22.0,38.0,17.3,485.1
2024-08-07 03:00:00,33.0,39.4,9.3,532.1
2024-08-07 04:00:00,30.7,38.4,14.4,531.3
2024-08-07 05:00:00,24.6,35.5,8.5,528.8
2024-08-07 06:00:00,27.7,35.6,16.3,573.6
2024-08-07 07:00:00,28.1,45.2,9.3,609.5
2024-08-07 08:00:00,30.5,30.9,9.4,673.1
2024-08-07 09:00:00,24.4,48.1,9.9,616.9
2024-08-07 10:00:00,30.2,38.3,11.8,671.5
2024-08-07 11:00:00,25.2,36.2,11.8,655.4
2024-08-07 12:00:00,22.9,43.7,10.0,629.0
2024-08-07 13:00:00,29.0,47.5,10.2,672.1
2024-08-07 14:00:00,30.7,45.6,8.1,722.1
2024-08-07 15:00:00,34.6,42.6,9.1,782.2
2024-08-07 16:00:00,23.2,45.5,9.3,587.6
2024-08-07 17:00:00,28.9,31.5,10.5,656.9
2024-08-07 18:00:00,25.6,37.4,10.5,583.6
2024-08-07 19:00:00,29.2,35.5,11.7,589.2
2024-08-07 20:00:00,22.4,46.2,11.8,554.7
2024-08-07 21:00:00,23.0,38.1,8.8,451.2
2024-08-07 22:00:00,24.5,44.3,12.4,437.6
2024-08-07 23:00:00,27.0,42.7,8.1,490.1
2024-08-08 00:00:00,24.9,35.7,11.8,429.2
2024-08-08 01:00:00,28.8,37.1,8.3,483.6
2024-08-08 02:00:00,29.9,46.5,11.9,484.7
2024-08-08 03:00:00,28.6,36.2,10.2,524.2
2024-08-08 04:00:00,31.6,40.7,9.7,534.1
2024-08-08 05:00:00,28.0,36.1,11.5,540.5
2024-08-08 06:00:00,23.1,38.5,8.1,526.4
2024-08-08 07:00:00,30.8,39.8,8.8,626.5
2024-08-08 08:00:00,24.9,36.2,10.9,534.7
2024-08-08 09:00:00,29.5,35.3,13.6,606.9
2024-08-08 10:00:00,31.4,41.5,9.4,689.6
2024-08-08 11:00:00,28.1,35.8,8.9,682.9
2024-08-08 12:00:00,22.2,36.0,10.2,630.6
2024-08-08 13:00:00,23.9,35.4,10.9,626.2
2024-08-08 14:00:00,30.7,39.7,9.6,670.8
2024-08-08 15:00:00,26.2,44.8,14.3,633.9
2024-08-08 16:00:00,26.9,47.6,10.2,558.1
2024-08-08 17:00:00,28.9,36.4,8.1,536.3
2024-08-08 18:00:00,28.8,50.8,8.8,579.4
2024-08-08 19:00:00,27.5,35.1,9.8,520.2
2024-08-08 20:00:00,26.0,45.5,11.6,532.2
2024-08-08 21:00:00,25.7,36.5,8.7,478.3
2024-08-08 22:00:00,29.2,35.7,19.2,548.7
2024-08-08 23:00:00,28.3,36.4,9.2,460.1
2024-08-09 00:00:00,25.9,39.8,10.3,461.9
2024-08-09 01:00:00,29.9,43.0,8.1,495.2
2024-08-09 02:00:00,26.2,43.4,14.5,507.5
2024-08-09 03:00:00,24.0,35.4,12.7,454.0
2024-08-09 04:00:00,24.3,35.1,8.7,508.1
2024-08-09 05:00:00,23.7,35.5,16.1,470.2
2024-08-09 06:00:00,25.8,39.5,9.1,533.9
2024-08-09 07:00:00,30.3,39.0,11.5,627.4
2024-08-09 08:00:00,24.2,35.3,13.1,619.4
2024-08-09 09:00:00,27.1,41.4,12.1,566.2
2024-08-09 10:00:00,24.6,51.4,15.5,619.1
2024-08-09 11:00:00,25.8,37.6,14.0,631.0
2024-08-09 12:00:00,22.0,37.9,23.7,559.9
2024-08-09 13:00:00,25.9,42.9,8.6,631.7
2024-08-09 14:00:00,25.9,37.3,9.1,587.3
2024-08-09 15:00:00,28.1,43.5,11.0,575.5
2024-08-09 16:00:00,27.2,36.5,12.0,601.7
2024-08-09 17:00:00,22.9,49.3,10.3,548.4
2024-08-09 18:00:00,29.8,41.8,8.2,589.7
2024-08-09 19:00:00,27.1,37.0,13.5,540.8
2024-08-09 20:00:00,27.1,37.2,17.7,482.3
2024-08-09 21:00:00,26.5,37.5,9.6,535.1
2024-08-09 22:00:00,24.9,47.0,8.8,455.2
2024-08-09 23:00:00,27.1,33.8,8.1,499.4
2024-08-10 00:00:00,27.9,36.8,8.8,417.7
2024-08-10 01:00:00,21.2,37.3,11.6,398.2
2024-08-10 02:00:00,24.8,40.0,15.3,472.7
2024-08-10 03:00:00,25.7,38.8,8.3,467.6
2024-08-10 04:00:00,27.2,32.7,10.4,475.6
2024-08-10 05:00:00,30.0,38.1,11.6,518.1
2024-08-10 06:00:00,24.1,39.6,9.0,555.3
2024-08-10 07:00:00,24.9,37.0,10.5,583.3
2024-08-10 08:00:00,24.9,43.6,11.8,598.0
2024-08-10 09:00:00,24.0,44.7,13.5,590.9
2024-08-10 10:00:00,25.3,39.7,9.8,596.0
2024-08-10 11:00:00,28.7,41.3,12.1,676.1
2024-08-10 12:00:00,23.2,29.3,9.1,583.5
2024-08-10 13:00:00,27.7,38.0,8.7,639.9
2024-08-10 14:00:00,21.3,45.2,8.6,648.3
2024-08-10 15:00:00,24.7,38.0,9.3,551.6
2024-08-10 16:00:00,25.4,36.5,8.1,611.5
2024-08-10 17:00:00,31.4,51.5,9.0,699.8
2024-08-10 18:00:00,25.5,49.2,11.2,573.4
2024-08-10 19:00:00,19.7,42.5,11.1,507.4
2024-08-10 20:00:00,20.3,45.8,8.2,459.1
2024-08-10 21:00:00,26.4,29.0,9.0,457.3
2024-08-10 22:00:00,28.1,36.2,10.5,417.1
2024-08-10 23:00:00,27.4,37.8,9.2,467.5
2024-08-11 00:00:00,26.8,39.0,9.6,444.3
2024-08-11 01:00:00,29.8,37.7,11.7,477.7
2024-08-11 02:00:00,24.7,27.4,8.0,443.9
2024-08-11 03:00:00,29.0,42.1,9.0,516.3
2024-08-11 04:00:00,21.4,42.9,8.5,453.9
2024-08-11 05:00:00,23.5,48.2,8.4,556.6
2024-08-11 06:00:00,20.8,36.2,17.6,540.6
2024-08-11 07:00:00,25.4,35.8,9.4,594.1
2024-08-11 08:00:00,26.1,26.8,10.2,590.0
2024-08-11 09:00:00,26.6,38.7,12.0,639.9
2024-08-11 10:00:00,26.4,44.7,8.1,614.9
2024-08-11 11:00:00,23.4,37.1,8.8,644.5
2024-08-11 12:00:00,25.6,50.9,13.4,644.7
2024-08-11 13:00:00,21.7,38.9,13.9,587.7
2024-08-11 14:00:00,30.3,40.9,9.4,690.9
2024-08-11 15:00:00,25.3,33.4,9.4,600.9
2024-08-11 16:00:00,24.7,41.6,12.2,658.2
2024-08-11 17:00:00,30.9,30.3,9.0,649.8
2024-08-11 18:00:00,22.4,43.7,8.4,574.0
2024-08-11 19:00:00,22.8,43.8,8.9,536.1
2024-08-11 20:00:00,22.9,47.0,9.5,481.2
2024-08-11 21:00:00,25.9,35.1,8.2,461.7
2024-08-11 22:00:00,27.4,41.0,10.0,425.8
2024-08-11 23:00:00,28.3,43.0,12.0,454.5
2024-08-12 00:00:00,33.8,42.4,10.2,594.2
2024-08-12 01:00:00,19.4,35.9,8.2,412.6
2024-08-12 02:00:00,27.9,28.3,9.7,489.1
2024-08-12 03:00:00,24.4,41.9,11.7,405.0
2024-08-12 04:00:00,24.3,39.5,8.2,498.3
2024-08-12 05:00:00,24.2,37.4,8.2,540.0
2024-08-12 06:00:00,23.3,44.0,9.4,477.7
2024-08-12 07:00:00,31.1,40.0,8.7,656.0
2024-08-12 08:00:00,28.6,33.6,16.2,666.1
2024-08-12 09:00:00,26.1,30.6,10.6,666.4
2024-08-12 10:00:00,30.1,34.6,9.0,670.4
2024-08-12 11:00:00,21.5,52.2,11.7,647.9
2024-08-12 12:00:00,22.0,43.8,9.4,668.1
2024-08-12 13:00:00,19.5,41.2,8.4,629.4
2024-08-12 14:00:00,23.9,39.3,8.8,657.1
2024-08-12 15:00:00,26.5,39.0,11.1,622.9
2024-08-12 16:00:00,26.3,46.1,8.2,616.7
2024-08-12 17:00:00,26.4,37.8,9.0,559.3
2024-08-12 18:00:00,21.8,43.1,8.7,519.1
2024-08-12 19:00:00,28.4,38.5,8.7,562.7
2024-08-12 20:00:00,26.7,49.9,11.4,489.9
2024-08-12 21:00:00,28.2,44.0,13.2,497.9
2024-08-12 22:00:00,20.3,46.5,11.8,459.5
2024-08-12 23:00:00,26.9,37.3,11.1,521.6
2024-08-13 00:00:00,22.4,45.5,15.4,365.8
2024-08-13 01:00:00,24.7,38.7,8.2,500.1
2024-08-13 02:00:00,27.5,40.8,8.5,471.4
2024-08-13 03:00:00,26.2,48.4,9.6,513.2
2024-08-13 04:00:00,23.4,35.1,9.4,511.4
2024-08-13 05:00:00,25.9,41.3,9.6,569.8
2024-08-13 06:00:00,21.3,42.5,8.7,500.8
2024-08-13 07:00:00,29.3,42.9,8.5,610.4
2024-08-13 08:00:00,25.3,38.0,10.1,589.6
2024-08-13 09:00:00,29.2,50.7,15.9,653.5
2024-08-13 10:00:00,24.3,33.8,9.5,657.8
2024-08-13 11:00:00,24.3,47.6,8.1,632.8
2024-08-13 12:00:00,23.6,46.4,11.7,584.8
2024-08-13 13:00:00,28.5,49.8,9.0,660.0
2024-08-13 14:00:00,23.7,32.4,8.8,566.4
2024-08-13 15:00:00,27.8,35.9,9.2,630.1
2024-08-13 16:00:00,24.7,47.8,11.9,611.6
2024-08-13 17:00:00,19.9,30.9,13.1,521.7
2024-08-13 18:00:00,24.1,32.3,10.7,517.5
2024-08-13 19:00:00,22.3,37.9,9.2,488.9
2024-08-13 20:00:00,25.9,41.3,9.1,502.7
2024-08-13 21:00:00,22.2,48.3,8.4,472.8
2024-08-13 22:00:00,28.6,39.4,16.1,515.9
2024-08-13 23:00:00,25.5,37.3,11.0,513.9
2024-08-14 00:00:00,25.2,41.9,8.1,446.5
2024-08-14 01:00:00,27.7,42.7,11.3,494.6
2024-08-14 02:00:00,28.6,42.5,9.8,446.8
2024-08-14 03:00:00,25.7,39.4,18.8,463.5
2024-08-14 04:00:00,23.4,30.6,13.1,466.5
2024-08-14 05:00:00,20.4,35.7,8.6,461.6
2024-08-14 06:00:00,23.7,47.4,11.8,518.4
2024-08-14 07:00:00,23.9,41.3,10.0,555.2
2024-08-14 08:00:00,26.0,38.7,8.6,583.3
2024-08-14 09:00:00,24.7,45.9,11.6,689.1
2024-08-14 10:00:00,27.8,34.7,10.4,667.4
2024-08-14 11:00:00,23.8,39.2,8.1,688.0
2024-08-14 12:00:00,25.5,41.0,11.1,689.5
2024-08-14 13:00:00,29.2,38.1,11.0,664.5
2024-08-14 14:00:00,26.7,40.9,8.5,643.9
2024-08-14 15:00:00,25.5,39.4,9.3,601.3
2024-08-14 16:00:00,23.8,33.4,10.6,573.6
2024-08-14 17:00:00,23.7,41.3,8.4,528.4
2024-08-14 18:00:00,23.1,33.7,13.7,511.2
2024-08-14 19:00:00,24.0,41.2,8.1,518.3
2024-08-14 20:00:00,27.9,47.2,8.3,533.3
2024-08-14 21:00:00,24.9,39.0,8.4,475.9
2024-08-14 22:00:00,21.5,34.5,10.3,430.8
2024-08-14 23:00:00,30.9,39.7,10.9,544.1
2024-08-15 00:00:00,26.5,36.2,9.6,444.7
2024-08-15 01:00:00,21.4,43.4,9.0,468.3
2024-08-15 02:00:00,24.2,39.6,13.0,392.2
2024-08-15 03:00:00,25.9,48.9,8.2,501.2
2024-08-15 04:00:00,30.7,46.2,9.0,578.8
2024-08-15 05:00:00,22.2,39.6,8.1,477.6
2024-08-15 06:00:00,28.5,44.0,8.0,568.7
2024-08-15 07:00:00,29.7,38.4,9.3,634.8
2024-08-15 08:00:00,23.6,40.6,8.7,608.3
2024-08-15 09:00:00,24.7,38.6,8.9,555.1
2024-08-15 10:00:00,22.4,44.2,13.2,632.2
2024-08-15 11:00:00,24.9,47.6,8.5,625.8
2024-08-15 12:00:00,25.4,44.4,12.5,679.1
2024-08-15 13:00:00,27.5,45.0,11.4,608.5
2024-08-15 14:00:00,28.7,45.0,9.2,743.7
2024-08-15 15:00:00,23.2,43.2,10.4,574.0
2024-08-15 16:00:00,19.6,34.7,9.8,610.4
2024-08-15 17:00:00,25.4,48.9,8.4,571.5
2024-08-15 18:00:00,26.3,49.5,15.1,532.2
2024-08-15 19:00:00,26.2,39.3,10.5,532.3
2024-08-15 20:00:00,24.5,38.6,14.4,516.0
2024-08-15 21:00:00,25.8,43.5,13.2,431.3
2024-08-15 22:00:00,30.0,43.2,8.2,535.4
2024-08-15 23:00:00,26.6,39.4,8.7,457.1
2024-08-16 00:00:00,24.3,34.2,8.5,449.1
2024-08-16 01:00:00,23.9,42.0,13.3,436.8
2024-08-16 02:00:00,24.9,43.2,14.0,436.9
2024-08-16 03:00:00,30.3,44.1,10.3,502.6
2024-08-16 04:00:00,24.8,42.2,8.3,509.9
2024-08-16 05:00:00,25.3,39.1,8.4,536.2
2024-08-16 06:00:00,23.9,45.4,13.0,554.8
2024-08-16 07:00:00,28.6,40.8,15.9,618.9
2024-08-16 08:00:00,31.2,38.1,8.7,698.1
2024-08-16 09:00:00,26.7,39.6,8.0,668.4
2024-08-16 10:00:00,25.6,31.8,9.2,571.0
2024-08-16 11:00:00,25.4,39.6,8.1,569.7
2024-08-16 12:00:00,18.2,43.9,13.3,676.2
2024-08-16 13:00:00,27.5,42.2,10.0,622.9
2024-08-16 14:00:00,25.7,48.1,11.1,604.0
2024-08-16 15:00:00,26.6,39.2,9.6,616.2
2024-08-16 16:00:00,23.1,42.9,9.3,529.7
2024-08-16 17:00:00,24.1,44.5,8.8,550.2
2024-08-16 18:00:00,24.0,52.2,12.4,510.6
2024-08-16 19:00:00,28.3,41.2,11.6,543.1
2024-08-16 20:00:00,24.1,35.3,9.3,489.5
2024-08-16 21:00:00,31.5,44.8,9.2,546.9
2024-08-16 22:00:00,26.5,49.8,8.0,460.5
2024-08-16 23:00:00,21.4,38.9,8.2,432.2
2024-08-17 00:00:00,24.8,44.7,10.9,472.3
2024-08-17 01:00:00,23.2,46.7,10.2,483.3
2024-08-17 02:00:00,18.6,45.6,9.7,431.2
2024-08-17 03:00:00,30.0,41.2,13.3,584.4
2024-08-17 04:00:00,27.3,37.0,10.1,537.3
2024-08-17 05:00:00,26.8,40.1,9.5,493.9
2024-08-17 06:00:00,25.7,42.8,8.5,509.2
2024-08-17 07:00:00,21.0,45.1,13.2,531.9
2024-08-17 08:00:00,23.7,42.2,10.6,625.4
2024-08-17 09:00:00,27.7,38.7,8.3,622.0
2024-08-17 10:00:00,22.0,43.3,11.1,554.6
2024-08-17 11:00:00,17.5,44.9,9.7,617.0
2024-08-17 12:00:00,24.4,42.5,13.0,577.6
2024-08-17 13:00:00,24.7,36.4,15.5,600.7
2024-08-17 14:00:00,25.5,39.7,10.8,613.1
2024-08-17 15:00:00,27.3,45.3,11.9,640.2
2024-08-17 16:00:00,27.0,33.7,8.2,636.7
2024-08-17 17:00:00,25.9,30.1,10.5,589.2
2024-08-17 18:00:00,28.7,48.1,12.2,548.6
2024-08-17 19:00:00,20.5,43.1,10.1,484.7
2024-08-17 20:00:00,26.6,43.6,10.7,508.6
2024-08-17 21:00:00,26.9,35.2,14.9,477.4
2024-08-17 22:00:00,21.3,44.3,8.7,428.9
2024-08-17 23:00:00,20.5,42.0,8.3,372.9
2024-08-18 00:00:00,22.8,32.7,11.5,388.0
2024-08-18 01:00:00,23.0,47.7,13.2,422.5
2024-08-18 02:00:00,27.3,41.4,13.7,383.5
2024-08-18 03:00:00,23.2,38.6,11.1,475.8
2024-08-18 04:00:00,22.4,38.7,13.4,432.9
2024-08-18 05:00:00,23.1,30.5,11.6,517.9
2024-08-18 06:00:00,28.3,43.6,8.3,595.3
2024-08-18 07:00:00,25.0,41.9,12.3,550.6
2024-08-18 08:00:00,24.4,39.7,8.6,615.5
2024-08-18 09:00:00,24.6,47.0,8.8,633.6
2024-08-18 10:00:00,28.8,33.7,9.5,656.4
2024-08-18 11:00:00,22.7,37.7,9.1,608.5
2024-08-18 12:00:00,28.9,36.4,9.2,714.1
2024-08-18 13:00:00,25.5,39.3,8.6,647.8
2024-08-18 14:00:00,24.4,41.0,9.0,654.1
2024-08-18 15:00:00,32.4,42.8,8.1,643.5
2024-08-18 16:00:00,21.7,38.9,9.9,574.8
2024-08-18 17:00:00,23.8,36.3,12.4,508.4
2024-08-18 18:00:00,21.2,49.1,13.9,524.9
2024-08-18 19:00:00,27.7,52.7,13.2,569.6
2024-08-18 20:00:00,29.9,41.4,9.6,601.7
2024-08-18 21:00:00,29.9,36.9,11.9,497.4
2024-08-18 22:00:00,28.5,48.1,9.0,479.7
2024-08-18 23:00:00,24.2,33.5,8.2,431.7
2024-08-19 00:00:00,23.7,39.0,11.4,401.4
2024-08-19 01:00:00,19.8,37.2,11.1,451.4
2024-08-19 02:00:00,30.9,34.9,12.9,524.1
2024-08-19 03:00:00,26.2,39.3,10.9,483.5
2024-08-19 04:00:00,23.3,36.4,8.5,495.6
2024-08-19 05:00:00,28.8,40.8,13.8,553.9
2024-08-19 06:00:00,21.9,40.9,11.0,498.7
2024-08-19 07:00:00,26.0,37.6,12.9,571.5
2024-08-19 08:00:00,24.2,38.9,12.5,558.2
2024-08-19 09:00:00,26.7,39.6,9.1,629.3
2024-08-19 10:00:00,24.6,44.8,8.2,655.5
2024-08-19 11:00:00,20.4,40.0,8.6,581.5
2024-08-19 12:00:00,25.0,44.9,8.3,596.1
2024-08-19 13:00:00,27.9,43.7,8.8,669.4
2024-08-19 14:00:00,24.6,43.6,9.8,602.5
2024-08-19 15:00:00,27.0,47.7,15.1,635.0
2024-08-19 16:00:00,21.6,35.2,14.2,579.1
2024-08-19 17:00:00,24.6,38.4,11.8,497.8
2024-08-19 18:00:00,22.8,49.6,8.1,551.8
2024-08-19 19:00:00,26.9,39.5,9.3,497.0
2024-08-19 20:00:00,24.8,26.7,11.4,480.8
2024-08-19 21:00:00,26.7,39.8,8.4,465.6
2024-08-19 22:00:00,27.9,41.5,12.8,467.6
2024-08-19 23:00:00,26.7,27.7,15.4,504.1
2024-08-20 00:00:00,25.5,47.5,9.3,457.1
2024-08-20 01:00:00,21.6,37.2,11.7,451.3
2024-08-20 02:00:00,24.6,42.4,8.5,456.1
2024-08-20 03:00:00,23.0,39.7,11.5,475.0
2024-08-20 04:00:00,23.6,34.4,8.1,489.9
2024-08-20 05:00:00,23.5,35.5,8.5,509.1
2024-08-20 06:00:00,21.6,36.1,11.7,553.4
2024-08-20 07:00:00,18.7,46.2,11.7,555.0
2024-08-20 08:00:00,22.6,40.1,11.1,643.8
2024-08-20 09:00:00,25.1,38.2,9.9,639.7
2024-08-20 10:00:00,20.5,36.2,11.4,570.7
2024-08-20 11:00:00,24.6,46.8,12.5,631.5
2024-08-20 12:00:00,30.2,48.2,18.2,719.7
2024-08-20 13:00:00,27.6,46.8,14.6,667.4
2024-08-20 14:00:00,29.4,43.3,12.7,700.2
2024-08-20 15:00:00,25.7,42.3,11.6,641.6
2024-08-20 16:00:00,28.0,34.8,10.6,577.8
2024-08-20 17:00:00,22.3,39.6,8.4,588.4
2024-08-20 18:00:00,22.5,37.4,8.5,509.0
2024-08-20 19:00:00,16.3,31.7,13.1,483.3
2024-08-20 20:00:00,28.0,46.2,12.9,506.6
2024-08-20 21:00:00,29.1,37.4,10.9,538.2
2024-08-20 22:00:00,22.8,46.9,9.7,435.0
2024-08-20 23:00:00,23.7,45.3,8.1,417.0
2024-08-21 00:00:00,22.2,43.7,9.2,412.9
2024-08-21 01:00:00,25.6,44.0,9.6,396.4
2024-08-21 02:00:00,27.8,37.8,10.0,455.6
2024-08-21 03:00:00,19.2,50.2,15.9,417.7
2024-08-21 04:00:00,25.6,41.1,8.3,487.8
2024-08-21 05:00:00,23.6,42.4,10.2,525.4
2024-08-21 06:00:00,24.7,37.7,9.4,553.3
2024-08-21 07:00:00,25.7,36.3,21.8,608.2
2024-08-21 08:00:00,23.8,43.3,13.9,614.2
2024-08-21 09:00:00,24.0,42.0,9.7,588.9
2024-08-21 10:00:00,23.7,37.0,32.3,616.7
2024-08-21 11:00:00,27.3,33.7,10.2,654.5
2024-08-21 12:00:00,25.6,34.6,8.5,577.7
2024-08-21 13:00:00,25.0,46.9,10.4,603.4
2024-08-21 14:00:00,20.5,37.9,8.8,600.7
2024-08-21 15:00:00,23.2,39.3,11.0,593.2
2024-08-21 16:00:00,27.0,48.2,16.3,628.6
2024-08-21 17:00:00,24.4,35.3,12.6,573.0
2024-08-21 18:00:00,26.3,37.3,9.0,496.9
2024-08-21 19:00:00,29.6,37.1,9.1,581.5
2024-08-21 20:00:00,27.4,49.1,8.2,523.4
2024-08-21 21:00:00,24.5,50.9,9.0,489.9
2024-08-21 22:00:00,22.7,44.7,8.3,473.7
2024-08-21 23:00:00,16.6,44.9,10.1,430.9
2024-08-22 00:00:00,23.7,38.1,11.7,467.5
2024-08-22 01:00:00,23.2,50.7,12.2,410.5
2024-08-22 02:00:00,25.4,42.3,8.2,429.4
2024-08-22 03:00:00,23.7,45.3,9.2,476.0
2024-08-22 04:00:00,23.2,40.5,9.0,467.5
2024-08-22 05:00:00,18.8,39.7,8.3,502.9
2024-08-22 06:00:00,21.4,49.3,9.4,585.9
2024-08-22 07:00:00,25.6,43.7,9.1,584.6
2024-08-22 08:00:00,29.3,48.3,11.0,649.8
2024-08-22 09:00:00,23.9,42.3,14.4,577.7
2024-08-22 10:00:00,25.1,36.8,9.8,575.0
2024-08-22 11:00:00,27.0,38.1,12.1,652.6
2024-08-22 12:00:00,21.7,41.6,8.5,655.1
2024-08-22 13:00:00,25.2,37.9,14.8,627.7
2024-08-22 14:00:00,21.9,35.5,8.5,619.3
2024-08-22 15:00:00,26.7,47.1,8.6,672.9
2024-08-22 16:00:00,24.5,38.3,8.3,627.8
2024-08-22 17:00:00,25.0,41.8,9.1,579.5
2024-08-22 18:00:00,21.7,42.6,10.4,528.8
2024-08-22 19:00:00,26.2,38.1,21.3,478.3
2024-08-22 20:00:00,30.3,48.3,12.7,540.3
2024-08-22 21:00:00,21.0,35.5,9.4,439.5
2024-08-22 22:00:00,23.0,42.4,10.6,416.3
2024-08-22 23:00:00,24.7,42.3,10.9,449.9
2024-08-23 00:00:00,26.4,40.8,13.2,510.4
2024-08-23 01:00:00,22.3,34.6,12.0,470.6
2024-08-23 02:00:00,15.5,45.5,10.5,459.6
2024-08-23 03:00:00,28.1,44.8,11.3,527.3
2024-08-23 04:00:00,26.3,37.7,12.1,478.5
2024-08-23 05:00:00,18.8,44.7,8.4,541.6
2024-08-23 06:00:00,22.2,43.0,8.7,478.3
2024-08-23 07:00:00,28.7,34.7,11.5,630.7
2024-08-23 08:00:00,28.3,36.9,13.7,638.4
2024-08-23 09:00:00,26.8,46.8,9.6,608.0
2024-08-23 10:00:00,23.4,42.7,19.7,611.0
2024-08-23 11:00:00,24.2,38.3,8.7,595.7
2024-08-23 12:00:00,23.5,36.9,9.6,595.6
2024-08-23 13:00:00,27.3,38.6,9.4,610.7
2024-08-23 14:00:00,21.3,38.9,16.0,630.4
2024-08-23 15:00:00,21.5,36.9,9.0,627.1
2024-08-23 16:00:00,26.9,32.5,9.9,539.7
2024-08-23 17:00:00,23.7,46.9,8.6,615.7
2024-08-23 18:00:00,28.0,46.0,10.2,573.9
2024-08-23 19:00:00,21.8,34.8,13.8,503.0
2024-08-23 20:00:00,23.7,41.9,9.1,437.6
2024-08-23 21:00:00,21.1,36.7,13.0,488.2
2024-08-23 22:00:00,23.9,39.9,15.3,451.2
2024-08-23 23:00:00,19.4,39.5,8.2,457.6
2024-08-24 00:00:00,22.4,39.1,12.2,460.6
2024-08-24 01:00:00,19.5,51.2,8.9,469.3
2024-08-24 02:00:00,25.9,39.0,8.6,441.1
2024-08-24 03:00:00,25.9,37.2,10.8,469.9
2024-08-24 04:00:00,18.6,37.4,11.7,451.9
2024-08-24 05:00:00,27.8,46.5,9.5,572.6
2024-08-24 06:00:00,31.3,33.0,8.1,627.8
2024-08-24 07:00:00,23.9,37.4,15.2,588.8
2024-08-24 08:00:00,21.8,48.5,11.9,610.3
2024-08-24 09:00:00,32.2,42.5,9.0,659.4
2024-08-24 10:00:00,19.8,42.2,10.1,648.3
2024-08-24 11:00:00,23.8,51.9,8.1,662.5
2024-08-24 12:00:00,24.3,42.5,9.2,624.6
2024-08-24 13:00:00,27.7,37.7,10.2,673.9
2024-08-24 14:00:00,24.8,39.9,10.2,621.1
2024-08-24 15:00:00,22.2,35.6,8.7,610.8
2024-08-24 16:00:00,20.8,47.6,12.5,563.2
2024-08-24 17:00:00,22.6,44.2,9.1,567.9
2024-08-24 18:00:00,20.6,46.9,10.6,525.8
2024-08-24 19:00:00,23.8,47.4,9.0,496.4
2024-08-24 20:00:00,21.9,39.2,9.7,478.4
2024-08-24 21:00:00,19.2,36.6,8.7,529.4
2024-08-24 22:00:00,27.4,41.1,11.0,457.0
2024-08-24 23:00:00,22.1,37.0,9.7,418.0
2024-08-25 00:00:00,19.8,42.2,8.0,401.1
2024-08-25 01:00:00,23.1,47.0,8.1,417.7
2024-08-25 02:00:00,23.8,40.5,9.9,469.6
2024-08-25 03:00:00,18.3,42.1,8.6,474.0
2024-08-25 04:00:00,24.6,40.9,10.6,486.9
2024-08-25 05:00:00,20.4,45.4,9.6,527.7
2024-08-25 06:00:00,28.7,38.0,11.2,603.2
2024-08-25 07:00:00,25.1,30.4,17.1,557.2
2024-08-25 08:00:00,22.3,43.7,10.3,530.2
2024-08-25 09:00:00,21.3,46.3,12.6,620.1
2024-08-25 10:00:00,23.2,43.6,12.2,621.7
2024-08-25 11:00:00,25.3,38.2,15.6,639.2
2024-08-25 12:00:00,23.4,35.7,8.7,613.3
2024-08-25 13:00:00,22.8,43.9,13.3,647.3
2024-08-25 14:00:00,23.7,42.1,15.1,628.8
2024-08-25 15:00:00,21.7,40.8,9.5,586.2
2024-08-25 16:00:00,22.4,50.5,9.1,543.2
2024-08-25 17:00:00,17.2,36.7,17.1,582.5
2024-08-25 18:00:00,26.4,50.3,11.0,575.7
2024-08-25 19:00:00,24.3,41.6,9.4,517.6
2024-08-25 20:00:00,21.1,32.3,12.7,387.4
2024-08-25 21:00:00,29.1,40.5,9.1,514.9
2024-08-25 22:00:00,23.7,46.2,8.6,440.1
2024-08-25 23:00:00,20.3,39.6,10.4,404.7
2024-08-26 00:00:00,26.0,34.1,10.5,468.1
2024-08-26 01:00:00,24.6,40.6,13.2,461.9
2024-08-26 02:00:00,24.6,37.2,9.8,461.7
2024-08-26 03:00:00,22.1,43.9,13.1,485.9
2024-08-26 04:00:00,24.7,45.3,9.1,459.8
2024-08-26 05:00:00,22.6,36.2,10.6,483.9
2024-08-26 06:00:00,25.0,38.0,8.7,541.3
2024-08-26 07:00:00,17.6,45.3,9.5,534.4
2024-08-26 08:00:00,22.0,37.2,13.8,593.7
2024-08-26 09:00:00,28.5,36.1,8.7,630.6
2024-08-26 10:00:00,21.0,35.6,13.0,644.2
2024-08-26 11:00:00,21.5,43.3,9.0,592.1
2024-08-26 12:00:00,21.9,43.1,8.1,688.5
2024-08-26 13:00:00,19.6,38.1,8.3,676.6
2024-08-26 14:00:00,16.6,41.6,12.1,613.6
2024-08-26 15:00:00,22.6,49.2,8.9,635.0
2024-08-26 16:00:00,23.7,36.7,11.2,567.0
2024-08-26 17:00:00,23.1,31.8,11.6,579.8
2024-08-26 18:00:00,22.8,43.8,9.3,522.9
2024-08-26 19:00:00,23.4,41.0,9.9,465.1
2024-08-26 20:00:00,26.3,38.0,9.6,394.6
2024-08-26 21:00:00,22.6,44.8,16.8,449.2
2024-08-26 22:00:00,21.5,45.8,9.2,446.4
2024-08-26 23:00:00,22.3,30.5,8.6,463.0
2024-08-27 00:00:00,24.9,38.3,9.4,439.6
2024-08-27 01:00:00,27.4,53.2,11.3,504.0
2024-08-27 02:00:00,21.3,44.5,11.6,423.3
2024-08-27 03:00:00,23.4,45.0,15.7,451.2
2024-08-27 04:00:00,24.2,47.5,14.4,519.2
2024-08-27 05:00:00,20.2,41.7,9.0,421.1
2024-08-27 06:00:00,23.2,45.6,9.8,531.3
2024-08-27 07:00:00,18.7,45.2,12.1,537.8
2024-08-27 08:00:00,17.8,44.3,15.5,616.9
2024-08-27 09:00:00,24.2,40.0,9.2,589.0
2024-08-27 10:00:00,21.9,42.5,9.8,626.4
2024-08-27 11:00:00,23.7,38.7,14.9,654.5
2024-08-27 12:00:00,23.0,41.7,9.3,583.4
2024-08-27 13:00:00,20.1,35.8,10.0,610.3
2024-08-27 14:00:00,22.9,37.7,15.0,599.3
2024-08-27 15:00:00,19.3,40.3,12.9,619.6
2024-08-27 16:00:00,27.2,37.0,8.8,630.3
2024-08-27 17:00:00,19.0,39.2,9.2,539.3
2024-08-27 18:00:00,22.4,40.9,9.3,493.7
2024-08-27 19:00:00,19.9,43.7,15.3,527.1
2024-08-27 20:00:00,24.7,46.5,28.5,488.9
2024-08-27 21:00:00,22.0,39.4,12.5,403.6
2024-08-27 22:00:00,21.4,48.4,10.0,393.2
2024-08-27 23:00:00,25.5,46.4,8.0,464.2
2024-08-28 00:00:00,23.0,44.3,11.6,391.3
2024-08-28 01:00:00,24.5,42.5,9.5,496.7
2024-08-28 02:00:00,20.0,43.3,11.0,407.0
2024-08-28 03:00:00,18.7,47.7,10.8,454.4
2024-08-28 04:00:00,23.2,47.9,10.0,487.1
2024-08-28 05:00:00,22.0,48.4,16.7,479.5
2024-08-28 06:00:00,24.8,42.0,8.1,472.1
2024-08-28 07:00:00,22.7,44.5,11.7,559.5
2024-08-28 08:00:00,23.5,48.5,9.6,561.5
2024-08-28 09:00:00,18.0,38.7,11.8,596.7
2024-08-28 10:00:00,28.5,40.2,11.4,661.3
2024-08-28 11:00:00,22.4,41.9,8.0,629.9
2024-08-28 12:00:00,24.9,46.3,9.0,689.6
2024-08-28 13:00:00,20.3,46.4,8.6,603.5
2024-08-28 14:00:00,23.8,40.7,8.5,604.2
2024-08-28 15:00:00,18.9,34.3,11.9,538.8
2024-08-28 16:00:00,24.2,43.1,8.8,579.6
2024-08-28 17:00:00,21.7,37.2,9.9,559.2
2024-08-28 18:00:00,22.9,34.4,8.9,509.3
2024-08-28 19:00:00,24.9,35.5,10.6,523.4
2024-08-28 20:00:00,19.1,43.5,11.8,467.1
2024-08-28 21:00:00,20.7,48.7,9.2,415.0
2024-08-28 22:00:00,24.1,42.1,10.8,457.4
2024-08-28 23:00:00,29.0,42.9,13.2,484.1
2024-08-29 00:00:00,22.3,47.8,8.3,431.9
2024-08-29 01:00:00,24.5,34.2,11.7,419.7
2024-08-29 02:00:00,22.4,44.5,9.2,420.6
2024-08-29 03:00:00,28.5,41.8,8.4,513.3
2024-08-29 04:00:00,17.5,44.7,10.4,470.6
2024-08-29 05:00:00,23.0,39.5,8.8,552.7
2024-08-29 06:00:00,17.8,37.8,13.2,546.7
2024-08-29 07:00:00,15.2,42.6,8.1,582.3
2024-08-29 08:00:00,23.6,50.2,8.3,579.9
2024-08-29 09:00:00,23.1,46.2,10.2,540.6
2024-08-29 10:00:00,21.8,39.4,10.7,584.6
2024-08-29 11:00:00,22.3,35.2,11.9,599.1
2024-08-29 12:00:00,31.9,33.5,8.9,722.3
2024-08-29 13:00:00,21.8,48.5,13.5,622.6
2024-08-29 14:00:00,24.1,37.2,17.2,638.6
2024-08-29 15:00:00,20.7,40.3,10.1,599.4
2024-08-29 16:00:00,23.5,48.6,12.3,618.7
2024-08-29 17:00:00,21.9,33.9,10.2,536.3
2024-08-29 18:00:00,21.3,49.4,8.2,533.9
2024-08-29 19:00:00,28.0,40.7,9.2,556.3
2024-08-29 20:00:00,26.1,36.3,8.3,505.1
2024-08-29 21:00:00,23.0,40.8,21.5,495.1
2024-08-29 22:00:00,15.6,38.4,8.8,472.0
2024-08-29 23:00:00,21.4,44.2,11.0,387.6
2024-08-30 00:00:00,30.6,38.8,9.0,506.3
2024-08-30 01:00:00,21.8,32.5,11.2,421.9
2024-08-30 02:00:00,25.8,40.9,8.7,525.4
2024-08-30 03:00:00,26.8,35.3,12.6,474.2
2024-08-30 04:00:00,23.1,43.1,8.4,449.9
2024-08-30 05:00:00,19.9,36.1,14.8,505.3
2024-08-30 06:00:00,15.2,39.6,13.5,553.5
2024-08-30 07:00:00,24.5,43.0,11.4,561.4
2024-08-30 08:00:00,20.0,41.0,8.2,563.9
2024-08-30 09:00:00,23.0,43.3,8.7,627.9
2024-08-30 10:00:00,18.7,45.5,13.9,585.1
2024-08-30 11:00:00,21.6,36.3,8.4,606.6
2024-08-30 12:00:00,22.5,41.8,8.5,610.3
2024-08-30 13:00:00,23.2,25.5,10.4,650.3
2024-08-30 14:00:00,19.0,43.3,9.0,617.6
2024-08-30 15:00:00,26.0,40.6,8.8,587.6
2024-08-30 16:00:00,20.6,37.2,10.6,539.9
2024-08-30 17:00:00,17.3,43.7,9.4,609.6
2024-08-30 18:00:00,22.0,48.0,8.5,559.8
2024-08-30 19:00:00,22.4,39.8,10.3,524.0
2024-08-30 20:00:00,22.8,37.4,9.5,475.4
2024-08-30 21:00:00,26.4,43.0,12.0,528.9
2024-08-30 22:00:00,21.6,35.5,8.3,400.1
2024-08-30 23:00:00,21.9,38.9,10.9,448.5
2024-08-31 00:00:00,19.0,48.3,9.7,411.7
2024-08-31 01:00:00,24.7,42.5,9.6,435.2
2024-08-31 02:00:00,22.8,32.8,8.8,458.0
2024-08-31 03:00:00,21.0,33.2,8.1,442.4
2024-08-31 04:00:00,16.5,43.0,13.6,468.0
2024-08-31 05:00:00,26.6,46.5,9.2,517.2
2024-08-31 06:00:00,18.6,34.1,11.4,459.1
2024-08-31 07:00:00,20.5,44.5,16.8,571.2
2024-08-31 08:00:00,23.3,48.9,10.5,552.9
2024-08-31 09:00:00,18.6,51.7,9.5,653.8
2024-08-31 10:00:00,17.7,43.9,8.9,604.1
2024-08-31 11:00:00,15.8,44.8,16.2,672.3
2024-08-31 12:00:00,24.3,31.6,11.4,576.6
2024-08-31 13:00:00,20.5,52.8,11.3,645.1
2024-08-31 14:00:00,30.9,39.4,9.7,731.8
2024-08-31 15:00:00,19.2,37.6,13.6,629.2
2024-08-31 16:00:00,19.4,41.0,11.8,525.0
2024-08-31 17:00:00,20.4,49.8,9.0,529.9
2024-08-31 18:00:00,22.9,53.3,10.7,550.5
2024-08-31 19:00:00,20.7,42.9,9.7,500.4
2024-08-31 20:00:00,23.9,47.3,8.0,494.9
2024-08-31 21:00:00,19.2,42.5,12.9,440.3
2024-08-31 22:00:00,17.9,37.1,8.4,481.9
2024-08-31 23:00:00,16.7,49.7,10.1,515.3
2024-09-01 00:00:00,15.4,39.2,9.2,439.7
2024-09-01 01:00:00,20.5,50.0,9.3,442.2
2024-09-01 02:00:00,21.1,48.8,9.9,440.6
2024-09-01 03:00:00,20.1,45.4,25.5,490.5
2024-09-01 04:00:00,25.8,51.5,9.6,527.2
2024-09-01 05:00:00,25.7,53.5,8.6,494.9
2024-09-01 06:00:00,21.0,41.5,10.9,503.2
2024-09-01 07:00:00,16.6,38.3,8.8,523.9
2024-09-01 08:00:00,20.3,33.1,8.3,647.4
2024-09-01 09:00:00,20.2,53.6,8.2,616.6
2024-09-01 10:00:00,20.0,40.2,8.1,588.8
2024-09-01 11:00:00,19.9,48.1,9.7,600.4
2024-09-01 12:00:00,20.0,38.7,9.7,643.5
2024-09-01 13:00:00,20.8,50.1,8.6,649.3
2024-09-01 14:00:00,20.0,38.9,12.6,630.0
2024-09-01 15:00:00,22.5,36.5,8.4,581.4
2024-09-01 16:00:00,23.0,41.4,15.4,587.1
2024-09-01 17:00:00,19.2,39.8,10.7,549.7
2024-09-01 18:00:00,25.7,45.4,8.1,520.7
2024-09-01 19:00:00,18.9,42.2,17.9,468.3
2024-09-01 20:00:00,17.0,45.6,9.1,492.3
2024-09-01 21:00:00,23.0,41.0,9.8,462.9
2024-09-01 22:00:00,19.4,39.2,9.0,449.9
2024-09-01 23:00:00,22.8,39.6,11.9,453.3
2024-09-02 00:00:00,14.6,52.7,10.0,494.4
2024-09-02 01:00:00,26.0,43.6,8.4,430.8
2024-09-02 02:00:00,23.8,32.6,8.3,460.4
2024-09-02 03:00:00,17.3,39.9,11.9,477.5
2024-09-02 04:00:00,17.4,43.0,8.8,467.7
2024-09-02 05:00:00,26.8,51.8,8.4,540.7
2024-09-02 06:00:00,19.6,47.7,10.1,515.4
2024-09-02 07:00:00,19.3,37.9,12.9,608.5
2024-09-02 08:00:00,15.0,54.6,9.0,600.8
2024-09-02 09:00:00,20.7,42.4,9.0,605.8
2024-09-02 10:00:00,21.1,48.8,13.4,604.0
2024-09-02 11:00:00,23.9,36.8,8.5,612.6
2024-09-02 12:00:00,17.5,30.6,10.9,581.1
2024-09-02 13:00:00,17.2,35.5,17.3,653.8
2024-09-02 14:00:00,23.1,26.3,13.5,630.3
2024-09-02 15:00:00,24.7,53.2,8.2,606.0
2024-09-02 16:00:00,17.0,43.7,9.2,552.2
2024-09-02 17:00:00,24.9,38.0,8.5,569.6
2024-09-02 18:00:00,21.8,44.9,16.9,510.0
2024-09-02 19:00:00,24.9,43.6,20.8,508.7
2024-09-02 20:00:00,21.4,45.7,8.8,436.6
2024-09-02 21:00:00,14.1,48.7,11.3,488.3
2024-09-02 22:00:00,21.2,41.2,13.5,442.2
2024-09-02 23:00:00,24.8,38.3,8.8,473.8
2024-09-03 00:00:00,18.9,46.8,8.6,419.8
2024-09-03 01:00:00,20.4,46.7,8.0,416.9
2024-09-03 02:00:00,21.1,43.2,9.6,389.2
2024-09-03 03:00:00,12.9,53.6,14.9,529.7
2024-09-03 04:00:00,26.6,40.5,15.0,531.7
2024-09-03 05:00:00,18.9,38.2,8.4,495.1
2024-09-03 06:00:00,23.1,44.8,8.7,490.0
2024-09-03 07:00:00,21.3,39.3,9.6,510.4
2024-09-03 08:00:00,25.3,45.2,12.6,578.7
2024-09-03 09:00:00,22.7,38.6,10.8,625.0
2024-09-03 10:00:00,20.8,40.7,10.2,616.2
2024-09-03 11:00:00,18.8,52.2,10.7,579.0
2024-09-03 12:00:00,23.9,40.7,8.3,644.6
2024-09-03 13:00:00,15.9,38.8,9.9,604.5
2024-09-03 14:00:00,23.4,48.6,22.5,604.5
2024-09-03 15:00:00,18.2,37.5,8.3,621.3
2024-09-03 16:00:00,25.2,39.3,10.2,614.3
2024-09-03 17:00:00,21.9,45.7,9.1,584.5
2024-09-03 18:00:00,23.4,47.5,10.3,532.1
2024-09-03 19:00:00,21.7,48.9,10.6,527.3
2024-09-03 20:00:00,16.2,39.1,10.6,463.8
2024-09-03 21:00:00,18.8,45.8,13.7,445.6
2024-09-03 22:00:00,23.4,40.5,9.5,433.2
2024-09-03 23:00:00,21.9,39.8,10.2,426.9
2024-09-04 00:00:00,24.9,48.9,8.0,405.2
2024-09-04 01:00:00,22.6,40.1,12.7,422.0
2024-09-04 02:00:00,18.5,44.2,8.9,481.0
2024-09-04 03:00:00,19.0,43.6,13.1,419.2
2024-09-04 04:00:00,21.6,37.5,8.9,431.0
2024-09-04 05:00:00,14.4,47.7,8.0,485.7
2024-09-04 06:00:00,26.3,45.7,8.5,634.8
2024-09-04 07:00:00,22.6,33.0,20.7,561.8
2024-09-04 08:00:00,25.0,44.3,9.2,583.9
2024-09-04 09:00:00,16.5,39.0,8.3,601.8
2024-09-04 10:00:00,25.0,48.4,8.4,637.7
2024-09-04 11:00:00,28.0,35.7,9.1,645.9
2024-09-04 12:00:00,17.3,41.1,8.1,610.9
2024-09-04 13:00:00,23.6,44.7,10.1,624.4
2024-09-04 14:00:00,21.2,43.2,8.7,587.7
2024-09-04 15:00:00,16.6,46.8,10.2,591.5
2024-09-04 16:00:00,22.7,35.4,8.5,584.1
2024-09-04 17:00:00,23.7,51.2,9.7,532.6
2024-09-04 18:00:00,19.4,45.6,10.7,601.4
2024-09-04 19:00:00,24.7,49.8,8.2,539.2
2024-09-04 20:00:00,16.2,47.4,9.5,447.3
2024-09-04 21:00:00,16.7,42.9,9.1,385.2
2024-09-04 22:00:00,21.6,36.6,8.8,413.0
2024-09-04 23:00:00,21.2,40.2,10.8,445.2
2024-09-05 00:00:00,19.0,51.0,10.7,441.0
2024-09-05 01:00:00,23.6,50.0,11.0,435.2
2024-09-05 02:00:00,22.7,39.9,8.5,421.2
2024-09-05 03:00:00,23.7,29.0,9.0,427.5
2024-09-05 04:00:00,20.7,42.0,8.7,459.3
2024-09-05 05:00:00,22.9,41.6,10.3,471.3
2024-09-05 06:00:00,19.7,41.8,9.9,509.0
2024-09-05 07:00:00,27.2,45.7,9.2,630.5
2024-09-05 08:00:00,18.6,47.5,12.6,552.1
2024-09-05 09:00:00,27.4,48.0,8.3,656.5
2024-09-05 10:00:00,21.1,45.3,19.1,633.2
2024-09-05 11:00:00,16.9,34.1,8.4,588.9
2024-09-05 12:00:00,25.1,41.4,12.4,616.4
2024-09-05 13:00:00,21.4,54.6,9.4,657.5
2024-09-05 14:00:00,23.6,45.0,14.0,591.4
2024-09-05 15:00:00,24.7,45.0,8.2,608.9
2024-09-05 16:00:00,22.0,44.9,9.4,636.9
2024-09-05 17:00:00,19.2,45.2,9.2,578.4
2024-09-05 18:00:00,23.9,31.2,23.0,530.3
2024-09-05 19:00:00,21.0,42.0,20.7,521.1
2024-09-05 20:00:00,23.0,43.0,8.6,477.0
2024-09-05 21:00:00,14.5,49.6,11.0,509.1
2024-09-05 22:00:00,22.3,43.4,10.3,377.8
2024-09-05 23:00:00,19.0,35.0,8.5,417.5
2024-09-06 00:00:00,25.9,45.4,8.6,387.6
2024-09-06 01:00:00,22.8,39.2,21.6,434.0
2024-09-06 02:00:00,21.6,37.1,9.8,426.9
2024-09-06 03:00:00,22.3,39.1,8.4,494.0
2024-09-06 04:00:00,17.9,45.9,8.7,498.0
2024-09-06 05:00:00,25.7,49.5,8.9,509.3
2024-09-06 06:00:00,26.8,45.7,10.1,547.8
2024-09-06 07:00:00,22.0,46.4,9.2,563.8
2024-09-06 08:00:00,25.6,45.6,9.8,580.7
2024-09-06 09:00:00,19.1,43.8,8.5,592.3
2024-09-06 10:00:00,18.4,46.8,9.2,651.5
2024-09-06 11:00:00,20.9,31.2,8.2,588.0
2024-09-06 12:00:00,22.1,43.9,14.6,612.0
2024-09-06 13:00:00,19.6,38.1,8.7,606.5
2024-09-06 14:00:00,22.4,49.1,12.2,710.4
2024-09-06 15:00:00,21.7,42.6,9.3,612.5
2024-09-06 16:00:00,17.8,43.5,9.9,609.8
2024-09-06 17:00:00,22.3,35.8,9.0,571.0
2024-09-06 18:00:00,23.3,48.4,11.6,558.1
2024-09-06 19:00:00,21.2,46.5,13.6,512.8
2024-09-06 20:00:00,24.2,46.1,9.0,497.9
2024-09-06 21:00:00,17.0,39.3,8.8,412.4
2024-09-06 22:00:00,22.1,39.5,11.4,447.4
2024-09-06 23:00:00,17.2,44.5,8.7,428.8
2024-09-07 00:00:00,17.3,39.9,11.1,442.1
2024-09-07 01:00:00,18.8,45.6,8.3,425.3
2024-09-07 02:00:00,17.8,32.6,10.9,456.4
2024-09-07 03:00:00,19.0,41.0,10.2,478.8
2024-09-07 04:00:00,20.0,52.4,8.4,388.8
2024-09-07 05:00:00,23.1,45.6,11.1,491.7
2024-09-07 06:00:00,19.6,44.3,9.8,466.5
2024-09-07 07:00:00,15.8,53.4,8.7,573.6
2024-09-07 08:00:00,24.0,31.8,9.3,569.7
2024-09-07 09:00:00,18.1,39.4,10.0,634.1
2024-09-07 10:00:00,20.4,41.5,8.3,613.7
2024-09-07 11:00:00,21.9,47.8,17.5,608.8
2024-09-07 12:00:00,21.1,47.9,11.3,653.1
2024-09-07 13:00:00,23.8,39.2,8.3,618.3
2024-09-07 14:00:00,22.0,48.5,13.2,599.0
2024-09-07 15:00:00,17.9,41.5,9.2,606.7
2024-09-07 16:00:00,27.0,49.6,10.7,662.8
2024-09-07 17:00:00,21.1,38.4,9.0,571.6
2024-09-07 18:00:00,20.0,42.9,12.0,538.5
2024-09-07 19:00:00,23.4,41.1,11.9,586.3
2024-09-07 20:00:00,21.2,48.8,10.4,453.6
2024-09-07 21:00:00,21.7,40.9,8.8,429.3
2024-09-07 22:00:00,27.9,43.4,8.9,489.7
2024-09-07 23:00:00,19.6,46.1,9.4,472.0
2024-09-08 00:00:00,19.5,46.3,8.5,395.1
2024-09-08 01:00:00,20.8,48.0,9.2,480.5
2024-09-08 02:00:00,23.6,44.7,11.5,403.0
2024-09-08 03:00:00,15.9,41.5,13.3,460.0
2024-09-08 04:00:00,14.5,41.9,9.2,500.4
2024-09-08 05:00:00,18.6,43.8,8.8,471.1
2024-09-08 06:00:00,15.5,44.9,13.4,520.3
2024-09-08 07:00:00,19.1,42.9,14.6,571.9
2024-09-08 08:00:00,21.9,43.8,9.6,617.9
2024-09-08 09:00:00,17.7,36.1,8.1,529.7
2024-09-08 10:00:00,16.0,47.0,11.6,628.0
2024-09-08 11:00:00,20.5,44.6,12.6,615.7
2024-09-08 12:00:00,22.9,48.7,8.1,634.3
2024-09-08 13:00:00,15.2,43.7,10.7,627.3
2024-09-08 14:00:00,22.7,35.0,10.7,571.4
2024-09-08 15:00:00,22.7,41.9,9.4,643.9
2024-09-08 16:00:00,23.1,42.7,12.2,614.0
2024-09-08 17:00:00,23.9,47.4,9.7,558.7
2024-09-08 18:00:00,26.9,33.4,11.4,539.6
2024-09-08 19:00:00,19.2,44.0,10.2,478.4
2024-09-08 20:00:00,20.6,46.3,8.9,395.8
2024-09-08 21:00:00,19.0,40.5,10.8,461.0
2024-09-08 22:00:00,20.2,44.1,12.0,458.9
2024-09-08 23:00:00,24.8,40.6,18.9,446.2
2024-09-09 00:00:00,16.1,40.1,9.4,429.3
2024-09-09 01:00:00,17.6,41.8,8.2,432.9
2024-09-09 02:00:00,24.3,40.3,21.3,422.7
2024-09-09 03:00:00,23.2,47.2,10.9,446.2
2024-09-09 04:00:00,19.1,40.1,16.8,465.8
2024-09-09 05:00:00,22.7,39.3,8.3,520.5
2024-09-09 06:00:00,21.1,52.7,9.3,568.8
2024-09-09 07:00:00,24.6,48.7,8.4,560.4
2024-09-09 08:00:00,20.3,34.5,13.4,536.0
2024-09-09 09:00:00,23.2,40.0,14.4,599.8
2024-09-09 10:00:00,28.0,45.1,10.1,720.8
2024-09-09 11:00:00,21.9,45.5,8.6,593.4
2024-09-09 12:00:00,20.2,36.4,8.4,644.8
2024-09-09 13:00:00,22.2,49.7,10.7,665.5
2024-09-09 14:00:00,18.9,48.0,10.1,600.7
2024-09-09 15:00:00,27.2,46.3,11.6,614.3
2024-09-09 16:00:00,20.6,50.7,9.1,592.9
2024-09-09 17:00:00,19.2,46.2,9.5,560.1
2024-09-09 18:00:00,17.5,46.2,8.1,549.0
2024-09-09 19:00:00,23.3,51.7,10.8,570.8
2024-09-09 20:00:00,22.6,49.5,9.7,485.1
2024-09-09 21:00:00,18.5,39.8,15.6,415.3
2024-09-09 22:00:00,21.7,47.1,11.1,441.3
2024-09-09 23:00:00,15.4,40.7,9.5,447.7
2024-09-10 00:00:00,20.5,46.5,8.9,461.5
2024-09-10 01:00:00,21.3,46.4,15.1,422.0
2024-09-10 02:00:00,25.0,37.1,8.0,440.0
2024-09-10 03:00:00,17.6,43.4,9.2,414.5
2024-09-10 04:00:00,16.1,45.4,16.6,501.5
2024-09-10 05:00:00,17.2,41.9,11.2,601.7
2024-09-10 06:00:00,15.9,45.6,10.3,529.8
2024-09-10 07:00:00,23.9,48.1,8.7,575.5
2024-09-10 08:00:00,24.5,43.9,13.4,571.8
2024-09-10 09:00:00,20.8,45.2,8.7,555.4
2024-09-10 10:00:00,23.5,51.0,8.9,634.9
2024-09-10 11:00:00,20.2,46.5,8.6,620.7
2024-09-10 12:00:00,19.5,45.1,8.5,551.2
2024-09-10 13:00:00,18.8,39.3,17.2,665.7
2024-09-10 14:00:00,18.9,47.5,10.8,623.8
2024-09-10 15:00:00,15.1,45.8,11.0,614.7
2024-09-10 16:00:00,20.6,50.5,17.3,562.9
2024-09-10 17:00:00,19.6,44.4,8.8,560.3
2024-09-10 18:00:00,22.0,35.1,8.0,534.3
2024-09-10 19:00:00,20.0,35.7,10.7,504.0
2024-09-10 20:00:00,19.2,47.8,10.1,506.4
2024-09-10 21:00:00,17.1,41.3,9.9,495.5
2024-09-10 22:00:00,19.9,46.4,8.2,496.8
2024-09-10 23:00:00,21.9,44.8,9.8,403.6
2024-09-11 00:00:00,16.3,43.4,9.0,415.6
2024-09-11 01:00:00,19.9,43.7,9.0,436.1
2024-09-11 02:00:00,20.4,39.9,8.8,410.1
2024-09-11 03:00:00,17.5,44.1,9.2,437.8
2024-09-11 04:00:00,17.9,41.3,9.3,488.5
2024-09-11 05:00:00,20.3,42.4,9.1,522.4
2024-09-11 06:00:00,16.2,42.6,19.6,570.9
2024-09-11 07:00:00,20.7,43.1,16.1,542.0
2024-09-11 08:00:00,16.9,48.9,10.6,595.9
2024-09-11 09:00:00,22.8,43.6,19.9,606.1
2024-09-11 10:00:00,26.6,49.4,22.2,646.8
2024-09-11 11:00:00,17.0,52.0,9.3,605.3
2024-09-11 12:00:00,21.2,48.6,9.8,597.1
2024-09-11 13:00:00,17.4,47.0,17.6,645.6
2024-09-11 14:00:00,22.7,46.0,10.8,590.3
2024-09-11 15:00:00,15.7,48.7,8.7,556.2
2024-09-11 16:00:00,21.0,44.8,11.5,572.2
2024-09-11 17:00:00,16.9,49.3,8.7,601.8
2024-09-11 18:00:00,18.9,47.4,9.2,440.9
2024-09-11 19:00:00,16.4,42.6,8.8,497.1
2024-09-11 20:00:00,22.0,48.9,8.8,497.8
2024-09-11 21:00:00,17.0,44.8,8.0,404.3
2024-09-11 22:00:00,21.1,43.9,14.4,429.9
2024-09-11 23:00:00,18.4,42.0,9.1,392.2
2024-09-12 00:00:00,19.1,45.2,8.3,393.0
2024-09-12 01:00:00,19.9,49.4,8.3,416.0
2024-09-12 02:00:00,17.1,48.9,10.4,410.7
2024-09-12 03:00:00,20.1,46.2,22.9,416.2
2024-09-12 04:00:00,24.0,47.4,8.5,484.8
2024-09-12 05:00:00,17.1,50.8,8.3,573.2
2024-09-12 06:00:00,22.9,43.7,9.7,551.3
2024-09-12 07:00:00,23.9,38.9,10.5,587.6
2024-09-12 08:00:00,16.9,51.0,9.0,607.0
2024-09-12 09:00:00,15.0,41.8,9.1,590.8
2024-09-12 10:00:00,20.3,41.1,9.7,616.5
2024-09-12 11:00:00,17.7,35.5,9.1,651.5
2024-09-12 12:00:00,24.9,47.4,15.4,668.0
2024-09-12 13:00:00,19.4,36.4,8.1,620.9
2024-09-12 14:00:00,16.9,40.8,8.8,630.3
2024-09-12 15:00:00,15.9,47.5,13.0,682.1
2024-09-12 16:00:00,22.6,48.2,13.4,604.5
2024-09-12 17:00:00,17.6,41.3,8.4,541.8
2024-09-12 18:00:00,19.4,43.9,18.9,520.0
2024-09-12 19:00:00,22.1,40.2,11.5,466.2
2024-09-12 20:00:00,17.8,41.9,9.0,545.2
2024-09-12 21:00:00,19.1,45.9,9.8,501.0
2024-09-12 22:00:00,19.2,42.1,9.1,437.5
2024-09-12 23:00:00,21.3,43.4,8.5,491.8
2024-09-13 00:00:00,21.0,37.3,9.0,438.4
2024-09-13 01:00:00,18.5,50.3,10.6,417.4
2024-09-13 02:00:00,19.4,47.2,13.2,464.5
2024-09-13 03:00:00,18.1,48.6,9.4,468.6
2024-09-13 04:00:00,14.7,51.1,9.3,522.9
2024-09-13 05:00:00,19.9,40.6,9.9,453.3
2024-09-13 06:00:00,24.8,42.9,11.1,515.7
2024-09-13 07:00:00,16.5,35.2,12.2,598.1
2024-09-13 08:00:00,16.8,60.4,9.2,639.2
2024-09-13 09:00:00,16.5,44.0,10.6,645.0
2024-09-13 10:00:00,21.3,49.9,9.5,679.4
2024-09-13 11:00:00,20.4,38.5,11.8,633.3
2024-09-13 12:00:00,18.6,49.7,8.5,641.6
2024-09-13 13:00:00,16.3,54.0,8.9,607.1
2024-09-13 14:00:00,19.3,44.5,9.7,591.8
2024-09-13 15:00:00,14.4,39.7,14.6,556.4
2024-09-13 16:00:00,19.5,44.1,10.6,562.6
2024-09-13 17:00:00,21.6,33.7,18.1,483.1
2024-09-13 18:00:00,15.3,44.6,8.3,572.7
2024-09-13 19:00:00,14.4,48.9,9.8,535.2
2024-09-13 20:00:00,23.7,44.6,9.6,422.7
2024-09-13 21:00:00,17.2,43.4,10.8,451.8
2024-09-13 22:00:00,22.4,47.5,13.0,500.7
2024-09-13 23:00:00,18.5,47.9,13.5,425.4
2024-09-14 00:00:00,18.5,36.6,11.3,390.2
2024-09-14 01:00:00,20.3,45.3,11.1,372.6
2024-09-14 02:00:00,16.3,57.1,16.9,400.3
2024-09-14 03:00:00,19.3,38.2,9.5,464.8
2024-09-14 04:00:00,17.8,44.5,13.4,463.2
2024-09-14 05:00:00,14.9,54.6,15.6,511.4
2024-09-14 06:00:00,19.9,50.4,10.0,512.3
2024-09-14 07:00:00,18.1,42.4,11.9,545.8
2024-09-14 08:00:00,18.4,46.0,9.4,538.2
2024-09-14 09:00:00,15.2,44.9,8.5,620.9
2024-09-14 10:00:00,23.6,41.2,10.6,575.0
2024-09-14 11:00:00,21.5,44.6,8.7,597.9
2024-09-14 12:00:00,21.7,43.6,9.8,654.5
2024-09-14 13:00:00,17.9,45.5,14.2,634.2
2024-09-14 14:00:00,13.6,41.2,8.3,660.3
2024-09-14 15:00:00,24.7,38.6,8.1,671.9
2024-09-14 16:00:00,18.6,44.8,10.8,572.2
2024-09-14 17:00:00,16.5,53.6,9.2,562.9
2024-09-14 18:00:00,20.0,45.4,9.6,514.8
2024-09-14 19:00:00,22.3,43.4,9.6,486.6
2024-09-14 20:00:00,18.7,48.8,8.3,445.5
2024-09-14 21:00:00,22.6,44.3,8.0,459.2
2024-09-14 22:00:00,22.0,54.4,14.9,454.4
2024-09-14 23:00:00,15.5,45.1,8.7,454.6
2024-09-15 00:00:00,16.7,48.6,9.7,435.0
2024-09-15 01:00:00,21.6,41.3,18.7,453.8
2024-09-15 02:00:00,10.5,47.6,13.3,509.6
2024-09-15 03:00:00,18.2,46.5,8.3,442.8
2024-09-15 04:00:00,14.4,44.8,10.1,470.0
2024-09-15 05:00:00,17.2,42.6,11.9,455.1
2024-09-15 06:00:00,17.7,41.9,11.6,568.9
2024-09-15 07:00:00,17.6,46.6,12.3,533.0
2024-09-15 08:00:00,17.0,48.3,9.8,553.8
2024-09-15 09:00:00,15.3,44.5,8.6,598.0
2024-09-15 10:00:00,25.5,46.6,9.9,625.6
2024-09-15 11:00:00,24.2,45.0,11.1,682.3
2024-09-15 12:00:00,15.1,45.7,10.8,632.3
2024-09-15 13:00:00,23.3,44.2,8.2,706.5
2024-09-15 14:00:00,17.4,45.3,8.2,616.7
2024-09-15 15:00:00,18.9,58.7,18.1,662.7
2024-09-15 16:00:00,18.3,46.8,8.5,602.4
2024-09-15 17:00:00,16.5,48.5,9.0,570.5
2024-09-15 18:00:00,21.5,47.4,12.4,572.8
2024-09-15 19:00:00,18.9,44.0,9.6,530.8
2024-09-15 20:00:00,17.1,51.7,8.6,501.8
2024-09-15 21:00:00,14.6,43.8,9.9,544.3
2024-09-15 22:00:00,15.8,50.6,10.5,437.9
2024-09-15 23:00:00,13.5,43.6,9.8,428.8
2024-09-16 00:00:00,18.5,40.5,15.5,401.8
2024-09-16 01:00:00,14.9,47.1,9.0,500.7
2024-09-16 02:00:00,17.6,39.8,11.2,481.3
2024-09-16 03:00:00,22.5,48.0,8.4,442.7
2024-09-16 04:00:00,22.0,39.4,9.5,402.3
2024-09-16 05:00:00,18.3,43.8,12.1,492.1
2024-09-16 06:00:00,18.1,38.2,8.8,491.5
2024-09-16 07:00:00,24.0,59.5,10.7,553.7
2024-09-16 08:00:00,19.9,37.1,8.5,536.9
2024-09-16 09:00:00,17.4,45.5,8.3,550.7
2024-09-16 10:00:00,14.1,51.1,10.2,696.8
2024-09-16 11:00:00,19.5,50.6,11.4,601.6
2024-09-16 12:00:00,20.8,49.7,8.4,667.8
2024-09-16 13:00:00,16.4,43.9,15.5,622.1
2024-09-16 14:00:00,19.2,52.2,8.8,579.3
2024-09-16 15:00:00,17.2,50.0,8.4,617.2
2024-09-16 16:00:00,17.7,46.5,8.7,565.6
2024-09-16 17:00:00,10.8,46.7,8.6,610.5
2024-09-16 18:00:00,17.6,44.0,8.3,530.9
2024-09-16 19:00:00,21.2,41.0,12.8,471.3
2024-09-16 20:00:00,16.4,51.7,10.1,437.9
2024-09-16 21:00:00,18.4,52.1,9.5,455.9
2024-09-16 22:00:00,16.0,41.1,17.0,476.0
2024-09-16 23:00:00,19.3,44.8,9.4,399.1
2024-09-17 00:00:00,17.6,44.8,8.5,431.8
2024-09-17 01:00:00,15.4,45.4,9.0,488.4
2024-09-17 02:00:00,22.2,45.9,8.8,437.4
2024-09-17 03:00:00,21.0,50.3,10.1,457.8
2024-09-17 04:00:00,16.3,41.9,9.0,483.3
2024-09-17 05:00:00,19.6,41.4,10.2,474.4
2024-09-17 06:00:00,19.8,51.8,11.3,496.1
2024-09-17 07:00:00,20.1,43.3,12.5,517.9
2024-09-17 08:00:00,13.0,39.3,11.7,619.5
2024-09-17 09:00:00,21.1,43.2,8.7,616.1
2024-09-17 10:00:00,16.4,44.0,8.4,643.2
2024-09-17 11:00:00,17.0,53.4,10.3,619.1
2024-09-17 12:00:00,26.0,50.3,8.7,686.7
2024-09-17 13:00:00,19.0,51.4,8.3,632.4
2024-09-17 14:00:00,16.9,49.8,10.2,621.3
2024-09-17 15:00:00,11.4,50.4,9.2,554.5
2024-09-17 16:00:00,22.2,42.3,12.2,550.5
2024-09-17 17:00:00,14.0,44.7,9.1,531.5
2024-09-17 18:00:00,15.0,40.8,19.5,559.2
2024-09-17 19:00:00,17.0,44.7,12.3,506.5
2024-09-17 20:00:00,22.2,49.2,8.2,446.4
2024-09-17 21:00:00,20.3,46.4,10.1,461.7
2024-09-17 22:00:00,17.5,52.3,10.5,401.9
2024-09-17 23:00:00,18.9,40.1,11.6,393.1
2024-09-18 00:00:00,16.1,48.3,10.1,414.7
2024-09-18 01:00:00,18.4,39.6,10.0,441.5
2024-09-18 02:00:00,18.1,46.3,9.4,481.3
2024-09-18 03:00:00,20.8,49.5,9.0,437.0
2024-09-18 04:00:00,20.8,44.8,16.8,512.6
2024-09-18 05:00:00,19.4,48.6,9.1,500.1
2024-09-18 06:00:00,16.8,41.1,8.2,535.8
2024-09-18 07:00:00,20.1,37.5,8.5,542.7
2024-09-18 08:00:00,17.6,48.7,13.8,573.1
2024-09-18 09:00:00,14.6,54.6,10.7,634.4
2024-09-18 10:00:00,16.6,40.9,12.5,638.3
2024-09-18 11:00:00,18.1,52.0,13.0,599.0
2024-09-18 12:00:00,20.6,46.1,13.2,617.6
2024-09-18 13:00:00,17.3,39.2,10.4,672.3
2024-09-18 14:00:00,14.2,40.3,8.6,639.2
2024-09-18 15:00:00,18.0,46.0,8.5,605.6
2024-09-18 16:00:00,18.1,43.9,10.6,609.8
2024-09-18 17:00:00,18.3,39.4,9.4,532.8
2024-09-18 18:00:00,20.5,37.5,10.4,517.9
2024-09-18 19:00:00,20.8,41.7,10.1,520.0
2024-09-18 20:00:00,16.0,47.0,10.8,523.7
2024-09-18 21:00:00,15.9,46.0,8.1,394.9
2024-09-18 22:00:00,14.6,43.5,8.1,436.4
2024-09-18 23:00:00,19.8,47.0,11.8,397.0
2024-09-19 00:00:00,22.0,51.2,8.6,425.2
2024-09-19 01:00:00,16.7,48.0,11.2,408.2
2024-09-19 02:00:00,17.0,45.4,10.4,463.5
2024-09-19 03:00:00,22.1,50.7,20.0,463.2
2024-09-19 04:00:00,19.2,41.3,13.4,497.9
2024-09-19 05:00:00,19.0,45.0,9.6,526.1
2024-09-19 06:00:00,14.1,45.1,10.9,571.1
2024-09-19 07:00:00,19.7,39.9,8.4,535.9
2024-09-19 08:00:00,14.8,44.0,9.5,596.6
2024-09-19 09:00:00,14.2,35.8,12.0,601.7
2024-09-19 10:00:00,16.6,55.7,10.9,583.0
2024-09-19 11:00:00,15.8,41.5,10.0,659.9
2024-09-19 12:00:00,16.9,54.1,8.6,632.2
2024-09-19 13:00:00,13.2,46.4,12.9,611.3
2024-09-19 14:00:00,20.4,49.0,9.0,627.4
2024-09-19 15:00:00,20.9,43.7,13.2,586.5
2024-09-19 16:00:00,11.7,47.2,10.8,567.1
2024-09-19 17:00:00,20.5,49.5,9.4,509.6
2024-09-19 18:00:00,15.1,49.5,8.1,523.2
2024-09-19 19:00:00,20.1,50.1,8.8,505.5
2024-09-19 20:00:00,17.3,44.4,14.6,501.8
2024-09-19 21:00:00,17.6,43.8,13.1,478.6
2024-09-19 22:00:00,16.9,38.3,10.6,458.3
2024-09-19 23:00:00,21.1,48.9,9.9,427.8
2024-09-20 00:00:00,13.7,51.7,11.1,509.0
2024-09-20 01:00:00,19.3,54.4,9.9,452.0
2024-09-20 02:00:00,20.7,47.8,11.1,444.4
2024-09-20 03:00:00,19.6,42.5,9.1,467.7
2024-09-20 04:00:00,24.4,37.8,13.5,472.3
2024-09-20 05:00:00,15.8,51.5,11.6,512.3
2024-09-20 06:00:00,20.3,37.4,9.2,456.3
2024-09-20 07:00:00,17.0,44.7,13.3,543.6
2024-09-20 08:00:00,21.1,45.2,10.0,626.3
2024-09-20 09:00:00,17.3,46.0,8.6,603.9
2024-09-20 10:00:00,16.2,46.6,8.2,624.8
2024-09-20 11:00:00,21.2,47.1,11.6,651.3
2024-09-20 12:00:00,15.8,34.3,14.0,641.7
2024-09-20 13:00:00,13.1,46.5,12.9,634.7
2024-09-20 14:00:00,15.7,35.3,11.2,619.5
2024-09-20 15:00:00,19.1,50.1,8.5,562.3
2024-09-20 16:00:00,21.4,43.7,8.3,579.0
2024-09-20 17:00:00,17.6,35.7,9.3,523.2
2024-09-20 18:00:00,21.2,42.4,13.8,550.2
2024-09-20 19:00:00,13.2,43.6,17.8,518.0
2024-09-20 20:00:00,15.9,52.4,8.8,464.9
2024-09-20 21:00:00,16.4,47.5,12.3,460.3
2024-09-20 22:00:00,16.9,48.2,10.6,456.3
2024-09-20 23:00:00,17.4,52.4,8.1,398.6
2024-09-21 00:00:00,19.3,46.1,10.3,407.8
2024-09-21 01:00:00,15.8,50.3,12.9,445.6
2024-09-21 02:00:00,17.6,50.0,9.0,483.2
2024-09-21 03:00:00,17.0,40.1,14.8,380.6
2024-09-21 04:00:00,14.4,53.9,8.8,520.8
2024-09-21 05:00:00,16.8,39.5,8.2,490.6
2024-09-21 06:00:00,16.7,51.2,8.5,519.5
2024-09-21 07:00:00,16.6,39.0,13.4,534.1
2024-09-21 08:00:00,17.2,49.6,9.6,570.2
2024-09-21 09:00:00,17.3,55.9,12.8,623.1
2024-09-21 10:00:00,15.8,45.6,10.3,607.5
2024-09-21 11:00:00,20.9,45.4,10.0,669.7
2024-09-21 12:00:00,13.6,49.7,12.9,676.8
2024-09-21 13:00:00,14.9,45.0,9.7,646.0
2024-09-21 14:00:00,25.4,55.8,12.9,632.6
2024-09-21 15:00:00,13.9,47.7,8.3,659.9
2024-09-21 16:00:00,13.0,45.1,11.0,652.3
2024-09-21 17:00:00,19.2,44.0,11.6,513.5
2024-09-21 18:00:00,10.8,42.1,14.9,568.2
2024-09-21 19:00:00,16.3,43.6,8.8,526.0
2024-09-21 20:00:00,23.4,45.0,10.8,509.9
2024-09-21 21:00:00,12.3,44.3,9.7,489.5
2024-09-21 22:00:00,11.0,43.5,9.4,477.6
2024-09-21 23:00:00,12.4,57.3,8.3,480.1
2024-09-22 00:00:00,19.6,41.6,8.4,465.2
2024-09-22 01:00:00,20.3,47.5,13.4,428.5
2024-09-22 02:00:00,15.4,49.8,12.2,417.5
2024-09-22 03:00:00,18.9,50.0,9.4,458.4
2024-09-22 04:00:00,21.1,46.5,13.3,497.7
2024-09-22 05:00:00,22.2,45.6,8.3,497.9
2024-09-22 06:00:00,16.1,49.1,10.9,574.3
2024-09-22 07:00:00,10.0,48.2,14.1,656.7
2024-09-22 08:00:00,14.4,45.6,13.5,596.2
2024-09-22 09:00:00,15.6,39.1,9.4,607.4
2024-09-22 10:00:00,16.0,44.6,12.1,566.1
2024-09-22 11:00:00,16.3,41.2,9.7,664.7
2024-09-22 12:00:00,20.2,43.6,13.5,611.9
2024-09-22 13:00:00,20.6,47.1,10.3,608.4
2024-09-22 14:00:00,16.3,48.7,12.3,605.6
2024-09-22 15:00:00,20.1,55.9,8.2,612.3
2024-09-22 16:00:00,17.8,44.3,10.7,542.0
2024-09-22 17:00:00,16.9,50.8,10.4,529.3
2024-09-22 18:00:00,19.5,48.5,10.8,522.9
2024-09-22 19:00:00,16.9,53.5,11.6,489.5
2024-09-22 20:00:00,22.9,49.9,15.5,491.7
2024-09-22 21:00:00,12.4,42.0,12.6,478.9
2024-09-22 22:00:00,15.2,38.4,8.7,499.3
2024-09-22 23:00:00,16.3,48.6,13.2,459.4
2024-09-23 00:00:00,18.0,44.4,8.4,445.9
2024-09-23 01:00:00,20.5,42.2,10.9,406.5
2024-09-23 02:00:00,16.6,40.7,14.4,515.3
2024-09-23 03:00:00,12.4,47.9,8.3,486.6
2024-09-23 04:00:00,19.2,54.6,13.7,456.5
2024-09-23 05:00:00,18.9,45.1,12.8,518.8
2024-09-23 06:00:00,10.8,50.1,10.1,598.8
2024-09-23 07:00:00,16.6,46.6,9.1,533.9
2024-09-23 08:00:00,11.8,40.7,9.6,689.8
2024-09-23 09:00:00,14.6,50.8,18.4,648.9
2024-09-23 10:00:00,13.9,41.7,8.7,637.7
2024-09-23 11:00:00,19.0,47.3,10.6,693.1
2024-09-23 12:00:00,16.9,45.5,8.3,654.8
2024-09-23 13:00:00,12.7,51.7,8.7,664.9
2024-09-23 14:00:00,19.2,41.9,12.3,676.6
2024-09-23 15:00:00,12.2,49.2,9.1,663.6
2024-09-23 16:00:00,17.5,43.0,20.8,595.0
2024-09-23 17:00:00,14.1,44.7,10.1,564.9
2024-09-23 18:00:00,15.4,29.1,10.2,533.1
2024-09-23 19:00:00,18.0,57.7,8.1,493.9
2024-09-23 20:00:00,18.0,50.0,17.4,521.3
2024-09-23 21:00:00,20.5,43.4,8.6,402.9
2024-09-23 22:00:00,16.2,41.7,10.3,486.8
2024-09-23 23:00:00,17.3,44.8,9.5,405.1
2024-09-24 00:00:00,15.1,50.9,9.6,442.9
2024-09-24 01:00:00,17.0,37.9,11.1,420.9
2024-09-24 02:00:00,17.7,46.6,11.3,425.3
2024-09-24 03:00:00,16.1,56.2,8.5,490.3
2024-09-24 04:00:00,11.0,41.7,10.1,536.0
2024-09-24 05:00:00,17.4,47.8,12.7,483.6
2024-09-24 06:00:00,17.4,58.4,9.8,539.0
2024-09-24 07:00:00,14.3,50.6,8.5,556.2
2024-09-24 08:00:00,12.5,48.0,9.1,603.1
2024-09-24 09:00:00,20.7,49.9,8.7,551.2
2024-09-24 10:00:00,17.8,45.4,8.4,599.7
2024-09-24 11:00:00,15.6,53.9,9.4,653.8
2024-09-24 12:00:00,12.9,45.5,10.3,664.4
2024-09-24 13:00:00,13.8,37.7,8.2,700.5
2024-09-24 14:00:00,20.2,45.5,10.8,687.8
2024-09-24 15:00:00,16.7,42.6,22.9,587.0
2024-09-24 16:00:00,14.6,46.1,18.0,571.4
2024-09-24 17:00:00,17.8,46.2,13.3,586.9
2024-09-24 18:00:00,13.8,53.5,8.9,567.7
2024-09-24 19:00:00,20.7,51.0,8.1,534.1
2024-09-24 20:00:00,20.3,48.9,13.4,486.4
2024-09-24 21:00:00,14.8,47.5,8.2,468.9
2024-09-24 22:00:00,14.3,42.3,8.7,454.9
2024-09-24 23:00:00,8.3,36.7,10.4,543.9
2024-09-25 00:00:00,11.7,48.1,8.6,472.6
2024-09-25 01:00:00,12.1,51.6,13.4,515.3
2024-09-25 02:00:00,16.5,47.1,12.5,407.4
2024-09-25 03:00:00,15.1,44.9,12.2,507.0
2024-09-25 04:00:00,12.1,50.0,13.1,468.9
2024-09-25 05:00:00,15.3,47.2,8.7,520.0
2024-09-25 06:00:00,17.6,56.1,11.9,522.7
2024-09-25 07:00:00,17.7,53.8,9.3,511.7
2024-09-25 08:00:00,10.4,52.5,11.3,588.5
2024-09-25 09:00:00,15.7,51.5,8.4,578.5
2024-09-25 10:00:00,11.9,41.2,11.7,661.0
2024-09-25 11:00:00,18.7,51.0,18.7,605.3
2024-09-25 12:00:00,18.4,49.6,8.1,595.7
2024-09-25 13:00:00,13.3,50.8,8.3,698.2
2024-09-25 14:00:00,13.7,50.2,8.4,606.4
2024-09-25 15:00:00,14.6,50.0,9.7,639.3
2024-09-25 16:00:00,9.2,61.3,9.0,646.7
2024-09-25 17:00:00,17.0,47.4,12.9,523.2
2024-09-25 18:00:00,15.1,52.5,9.9,526.9
2024-09-25 19:00:00,18.9,45.4,10.0,516.5
2024-09-25 20:00:00,12.7,51.8,11.8,477.9
2024-09-25 21:00:00,14.1,52.5,9.3,492.2
2024-09-25 22:00:00,11.4,49.7,9.3,468.5
2024-09-25 23:00:00,12.9,56.2,12.2,448.4
2024-09-26 00:00:00,12.4,43.4,12.5,480.5
2024-09-26 01:00:00,18.9,45.4,8.0,492.3
2024-09-26 02:00:00,13.8,48.9,8.5,441.4
2024-09-26 03:00:00,16.2,52.3,8.7,488.3
2024-09-26 04:00:00,14.7,48.8,9.3,487.3
2024-09-26 05:00:00,12.0,54.3,9.0,537.7
2024-09-26 06:00:00,15.3,44.6,11.3,571.9
2024-09-26 07:00:00,17.6,42.2,13.3,526.2
2024-09-26 08:00:00,12.2,49.5,8.6,588.9
2024-09-26 09:00:00,18.2,47.6,10.5,610.8
2024-09-26 10:00:00,13.2,50.7,9.4,696.3
2024-09-26 11:00:00,14.3,47.8,10.1,668.7
2024-09-26 12:00:00,17.4,46.3,10.9,586.5
2024-09-26 13:00:00,13.8,47.6,14.7,633.0
2024-09-26 14:00:00,15.9,48.2,8.6,653.7
2024-09-26 15:00:00,14.8,46.5,8.3,663.0
2024-09-26 16:00:00,16.1,47.0,11.0,592.4
2024-09-26 17:00:00,8.6,46.0,9.5,635.9
2024-09-26 18:00:00,10.2,52.3,8.5,652.1
2024-09-26 19:00:00,17.5,49.0,8.4,501.2
2024-09-26 20:00:00,18.8,59.4,10.5,462.7
2024-09-26 21:00:00,12.9,48.9,9.1,470.3
2024-09-26 22:00:00,14.9,45.4,25.9,420.7
2024-09-26 23:00:00,16.5,61.5,9.6,528.7
2024-09-27 00:00:00,17.7,50.2,8.7,471.9
2024-09-27 01:00:00,9.6,53.1,11.0,497.6
2024-09-27 02:00:00,13.0,51.1,8.8,530.5
2024-09-27 03:00:00,14.6,51.3,10.0,494.1
2024-09-27 04:00:00,17.7,50.9,10.0,493.8
2024-09-27 05:00:00,23.1,42.7,9.8,481.5
2024-09-27 06:00:00,14.9,50.0,12.8,530.4
2024-09-27 07:00:00,11.3,41.6,8.7,605.3
2024-09-27 08:00:00,16.8,47.4,15.0,523.1
2024-09-27 09:00:00,19.5,44.6,12.7,578.6
2024-09-27 10:00:00,15.9,50.0,9.2,625.5
2024-09-27 11:00:00,12.8,49.9,8.6,702.2
2024-09-27 12:00:00,18.4,50.7,9.0,608.9
2024-09-27 13:00:00,17.5,49.7,9.2,650.8
2024-09-27 14:00:00,12.4,45.3,10.4,593.4
2024-09-27 15:00:00,16.6,47.0,8.1,638.3
2024-09-27 16:00:00,18.5,52.9,15.4,551.3
2024-09-27 17:00:00,19.0,53.7,8.3,557.4
2024-09-27 18:00:00,15.3,42.6,9.0,551.5
2024-09-27 19:00:00,14.4,40.7,8.3,526.2
2024-09-27 20:00:00,19.1,44.7,8.9,469.8
2024-09-27 21:00:00,11.8,53.6,13.5,472.8
2024-09-27 22:00:00,16.7,54.5,10.9,422.5
2024-09-27 23:00:00,11.3,43.8,8.8,515.9
2024-09-28 00:00:00,18.6,49.9,14.2,408.7
2024-09-28 01:00:00,14.6,57.6,12.8,452.4
2024-09-28 02:00:00,19.2,50.5,12.2,394.4
2024-09-28 03:00:00,16.8,55.6,13.6,490.9
2024-09-28 04:00:00,11.7,53.5,10.9,492.6
2024-09-28 05:00:00,19.6,43.9,10.1,523.7
2024-09-28 06:00:00,20.0,47.5,9.4,491.9
2024-09-28 07:00:00,18.0,48.7,8.8,584.0
2024-09-28 08:00:00,13.0,49.0,10.4,613.8
2024-09-28 09:00:00,14.4,53.1,14.6,605.8
2024-09-28 10:00:00,15.7,50.6,10.7,674.6
2024-09-28 11:00:00,13.2,33.9,15.6,648.9
2024-09-28 12:00:00,20.3,42.0,9.3,610.2
2024-09-28 13:00:00,15.7,37.6,11.6,657.6
2024-09-28 14:00:00,7.1,49.5,11.1,699.5
2024-09-28 15:00:00,16.2,49.8,11.3,531.1
2024-09-28 16:00:00,14.2,50.0,11.1,636.9
2024-09-28 17:00:00,15.0,43.8,8.8,542.9
2024-09-28 18:00:00,14.1,52.0,8.5,579.9
2024-09-28 19:00:00,17.6,52.2,19.5,506.2
2024-09-28 20:00:00,18.5,42.4,8.1,438.0
2024-09-28 21:00:00,16.0,41.3,9.9,480.9
2024-09-28 22:00:00,14.1,48.7,9.7,453.0
2024-09-28 23:00:00,15.0,57.6,9.3,419.8
2024-09-29 00:00:00,15.2,57.2,12.6,415.6
2024-09-29 01:00:00,12.7,51.5,12.1,419.7
2024-09-29 02:00:00,16.8,45.1,15.1,456.0
2024-09-29 03:00:00,16.5,53.2,9.5,437.7
2024-09-29 04:00:00,19.7,46.5,10.5,472.3
2024-09-29 05:00:00,18.8,44.9,14.7,492.2
2024-09-29 06:00:00,13.0,38.0,23.3,529.9
2024-09-29 07:00:00,17.5,49.3,18.4,509.8
2024-09-29 08:00:00,12.2,45.6,11.8,697.6
2024-09-29 09:00:00,17.1,49.3,8.5,600.5
2024-09-29 10:00:00,13.5,37.3,8.1,694.1
2024-09-29 11:00:00,11.9,49.7,13.2,708.3
2024-09-29 12:00:00,15.8,36.7,13.5,622.5
2024-09-29 13:00:00,7.0,54.3,12.1,765.1
2024-09-29 14:00:00,9.7,51.5,9.0,701.3
2024-09-29 15:00:00,14.4,47.5,11.1,674.5
2024-09-29 16:00:00,15.2,51.7,9.1,619.1
2024-09-29 17:00:00,13.8,44.0,9.8,554.0
2024-09-29 18:00:00,10.2,49.3,9.4,612.1
2024-09-29 19:00:00,12.5,52.9,15.3,570.0
2024-09-29 20:00:00,16.1,33.5,8.8,443.7
2024-09-29 21:00:00,16.6,46.7,10.6,476.5
2024-09-29 22:00:00,14.8,48.8,9.3,499.5
2024-09-29 23:00:00,18.4,48.0,11.3,403.8
2024-09-30 00:00:00,16.1,56.3,10.5,419.0
2024-09-30 01:00:00,12.6,43.4,15.7,503.5
2024-09-30 02:00:00,14.0,45.9,8.3,454.4
2024-09-30 03:00:00,10.6,39.4,8.7,489.8
2024-09-30 04:00:00,14.5,56.6,12.4,528.9
2024-09-30 05:00:00,18.2,47.8,9.4,518.1
2024-09-30 06:00:00,16.9,46.9,8.5,534.1
2024-09-30 07:00:00,19.0,48.8,10.1,584.8
2024-09-30 08:00:00,13.9,52.3,11.2,642.0
2024-09-30 09:00:00,18.8,50.8,8.1,594.8
2024-09-30 10:00:00,14.2,62.3,9.0,704.1
2024-09-30 11:00:00,19.2,51.4,13.0,670.3
2024-09-30 12:00:00,14.7,46.8,10.2,586.5
2024-09-30 13:00:00,16.9,46.3,8.1,596.8
2024-09-30 14:00:00,19.1,47.2,9.0,543.1
2024-09-30 15:00:00,14.1,41.6,11.1,609.4
2024-09-30 16:00:00,15.4,49.4,8.7,555.6
2024-09-30 17:00:00,18.6,53.1,13.3,529.7
2024-09-30 18:00:00,14.3,46.1,11.4,582.0
2024-09-30 19:00:00,10.7,45.2,9.9,513.2
2024-09-30 20:00:00,21.1,56.8,15.4,483.2
2024-09-30 21:00:00,13.2,42.1,9.5,490.7
2024-09-30 22:00:00,15.1,38.9,8.8,449.5
2024-09-30 23:00:00,18.1,43.5,11.2,432.0
2024-10-01 00:00:00,12.8,41.6,10.6,395.4
2024-10-01 01:00:00,11.6,51.2,9.2,461.5
2024-10-01 02:00:00,15.4,47.5,9.3,500.7
2024-10-01 03:00:00,9.2,48.2,9.5,510.8
2024-10-01 04:00:00,13.7,55.1,9.0,559.2
2024-10-01 05:00:00,15.3,45.9,11.7,472.6
2024-10-01 06:00:00,13.7,53.2,11.2,512.2
2024-10-01 07:00:00,9.9,56.9,9.7,607.3
2024-10-01 08:00:00,19.3,47.1,9.5,607.8
2024-10-01 09:00:00,14.8,53.1,9.4,602.3
2024-10-01 10:00:00,18.8,48.2,9.0,622.2
2024-10-01 11:00:00,13.7,54.0,8.3,657.4
2024-10-01 12:00:00,11.8,41.6,8.9,672.4
2024-10-01 13:00:00,15.3,41.2,9.2,673.2
2024-10-01 14:00:00,13.8,47.5,10.4,664.1
2024-10-01 15:00:00,10.9,45.0,12.5,624.9
2024-10-01 16:00:00,18.9,46.9,9.5,566.2
2024-10-01 17:00:00,12.6,48.4,16.7,646.6
2024-10-01 18:00:00,8.9,53.1,13.3,634.7
2024-10-01 19:00:00,18.4,47.5,20.6,454.7
2024-10-01 20:00:00,12.9,45.4,14.3,470.1
2024-10-01 21:00:00,12.6,47.8,10.9,524.1
2024-10-01 22:00:00,9.1,45.7,10.7,552.7
2024-10-01 23:00:00,19.6,44.9,8.4,398.3
2024-10-02 00:00:00,10.5,41.5,11.8,515.6
2024-10-02 01:00:00,14.5,49.9,10.8,500.4
2024-10-02 02:00:00,17.1,46.7,10.1,487.4
2024-10-02 03:00:00,15.6,54.4,11.5,520.2
2024-10-02 04:00:00,14.1,42.4,9.8,515.4
2024-10-02 05:00:00,9.2,46.9,10.2,585.6
2024-10-02 06:00:00,11.9,58.7,9.5,570.3
2024-10-02 07:00:00,14.8,44.9,11.8,569.1
2024-10-02 08:00:00,11.9,48.5,14.3,600.4
2024-10-02 09:00:00,14.9,43.6,13.5,602.8
2024-10-02 10:00:00,16.3,42.9,12.6,657.3
2024-10-02 11:00:00,17.1,57.4,8.0,583.7
2024-10-02 12:00:00,10.5,50.6,15.3,650.5
2024-10-02 13:00:00,20.8,50.4,9.0,647.2
2024-10-02 14:00:00,16.5,41.2,14.6,606.5
2024-10-02 15:00:00,14.2,51.5,8.7,565.7
2024-10-02 16:00:00,17.5,55.5,9.7,581.1
2024-10-02 17:00:00,21.3,55.5,12.2,548.8
2024-10-02 18:00:00,9.8,53.1,11.1,596.1
2024-10-02 19:00:00,13.5,44.1,9.6,550.8
2024-10-02 20:00:00,7.0,51.4,11.4,570.8
2024-10-02 21:00:00,14.7,53.2,10.4,478.7
2024-10-02 22:00:00,15.2,40.9,9.0,445.8
2024-10-02 23:00:00,14.0,44.2,11.1,455.6
2024-10-03 00:00:00,12.1,54.3,8.7,424.7
2024-10-03 01:00:00,7.9,54.2,11.6,531.3
2024-10-03 02:00:00,15.2,42.1,8.0,453.5
2024-10-03 03:00:00,18.4,53.9,10.4,474.4
2024-10-03 04:00:00,12.3,50.4,9.5,578.3
2024-10-03 05:00:00,15.4,53.8,9.1,542.4
2024-10-03 06:00:00,9.3,46.8,10.2,628.3
2024-10-03 07:00:00,15.4,53.2,11.1,607.6
2024-10-03 08:00:00,12.8,54.2,18.1,609.1
2024-10-03 09:00:00,11.7,48.2,13.4,696.4
2024-10-03 10:00:00,11.7,50.1,11.8,700.2
2024-10-03 11:00:00,12.8,46.7,10.0,648.1
2024-10-03 12:00:00,15.1,58.3,9.5,705.9
2024-10-03 13:00:00,10.0,49.4,8.1,714.4
2024-10-03 14:00:00,12.8,45.4,9.3,717.1
2024-10-03 15:00:00,13.8,46.5,13.7,633.7
2024-10-03 16:00:00,10.6,50.7,9.5,628.8
2024-10-03 17:00:00,19.3,53.8,9.9,530.2
2024-10-03 18:00:00,11.3,43.4,9.0,571.0
2024-10-03 19:00:00,11.9,59.3,9.0,539.3
2024-10-03 20:00:00,10.9,51.6,8.2,579.5
2024-10-03 21:00:00,19.3,52.4,10.9,455.1
2024-10-03 22:00:00,15.5,49.6,9.8,405.9
2024-10-03 23:00:00,11.0,50.2,10.8,499.1
2024-10-04 00:00:00,17.2,49.4,10.4,434.9
2024-10-04 01:00:00,14.4,55.3,12.8,441.8
2024-10-04 02:00:00,14.6,50.1,12.2,469.9
2024-10-04 03:00:00,12.8,54.0,12.4,496.8
2024-10-04 04:00:00,11.5,48.0,10.1,550.2
2024-10-04 05:00:00,14.8,51.2,9.3,538.6
2024-10-04 06:00:00,12.1,46.2,16.1,583.5
2024-10-04 07:00:00,19.2,56.3,8.2,515.6
2024-10-04 08:00:00,9.9,46.1,8.5,717.5
2024-10-04 09:00:00,18.4,48.6,9.6,550.5
2024-10-04 10:00:00,13.4,48.7,10.9,642.0
2024-10-04 11:00:00,14.6,48.5,8.0,611.2
2024-10-04 12:00:00,16.2,53.9,11.8,650.3
2024-10-04 13:00:00,11.8,48.7,10.5,678.8
2024-10-04 14:00:00,16.3,57.3,10.0,621.2
2024-10-04 15:00:00,5.6,46.2,9.7,806.3
2024-10-04 16:00:00,11.5,51.2,10.2,666.5
2024-10-04 17:00:00,10.9,46.5,8.5,605.8
2024-10-04 18:00:00,9.9,52.5,8.3,632.2
2024-10-04 19:00:00,13.0,50.3,9.0,585.5
2024-10-04 20:00:00,14.8,49.6,11.7,529.6
2024-10-04 21:00:00,15.7,56.4,10.7,468.0
2024-10-04 22:00:00,14.3,47.2,10.0,415.0
2024-10-04 23:00:00,11.6,53.4,10.5,496.3
2024-10-05 00:00:00,14.7,46.6,10.5,465.9
2024-10-05 01:00:00,13.9,51.0,9.1,435.2
2024-10-05 02:00:00,16.4,44.5,8.3,446.9
2024-10-05 03:00:00,15.9,47.2,14.8,464.0
2024-10-05 04:00:00,13.6,50.1,10.7,549.1
2024-10-05 05:00:00,10.8,59.6,11.6,626.7
2024-10-05 06:00:00,11.6,51.0,9.9,617.8
2024-10-05 07:00:00,11.9,58.8,12.2,605.8
2024-10-05 08:00:00,12.6,51.7,10.6,654.7
2024-10-05 09:00:00,14.3,48.6,8.2,640.6
2024-10-05 10:00:00,15.6,58.3,14.6,628.8
2024-10-05 11:00:00,13.3,52.8,9.1,721.5
2024-10-05 12:00:00,13.5,47.4,8.4,635.3
2024-10-05 13:00:00,13.9,53.0,8.3,671.2
2024-10-05 14:00:00,11.9,49.2,11.8,689.1
2024-10-05 15:00:00,10.6,40.7,11.7,652.4
2024-10-05 16:00:00,8.1,55.3,11.6,706.9
2024-10-05 17:00:00,11.3,56.1,15.4,642.7
2024-10-05 18:00:00,14.8,59.9,9.3,558.8
2024-10-05 19:00:00,11.3,52.8,10.5,575.7
2024-10-05 20:00:00,12.7,49.5,10.9,521.1
2024-10-05 21:00:00,14.8,54.9,19.7,502.7
2024-10-05 22:00:00,14.9,55.0,9.1,454.8
2024-10-05 23:00:00,10.1,58.9,17.4,502.0
2024-10-06 00:00:00,16.3,50.5,8.5,436.7
2024-10-06 01:00:00,16.7,49.9,12.3,472.6
2024-10-06 02:00:00,9.9,47.2,11.0,466.0
2024-10-06 03:00:00,10.8,53.5,13.1,496.1
2024-10-06 04:00:00,16.9,43.1,8.1,547.7
2024-10-06 05:00:00,12.8,54.7,8.2,550.8
2024-10-06 06:00:00,6.6,53.8,8.2,658.3
2024-10-06 07:00:00,9.1,53.8,10.7,672.5
2024-10-06 08:00:00,12.5,51.5,10.8,597.3
2024-10-06 09:00:00,9.7,58.5,15.1,621.1
2024-10-06 10:00:00,12.0,55.2,9.9,676.4
2024-10-06 11:00:00,13.3,47.9,8.2,634.5
2024-10-06 12:00:00,17.6,48.0,8.7,631.7
2024-10-06 13:00:00,12.3,46.5,8.0,677.0
2024-10-06 14:00:00,16.4,53.7,12.5,628.1
2024-10-06 15:00:00,17.5,45.9,13.1,547.6
2024-10-06 16:00:00,17.5,56.4,26.6,584.2
2024-10-06 17:00:00,14.0,57.6,9.6,596.8
2024-10-06 18:00:00,7.2,46.6,8.1,611.5
2024-10-06 19:00:00,14.5,50.1,8.8,477.7
2024-10-06 20:00:00,16.3,51.1,10.7,454.7
2024-10-06 21:00:00,12.9,55.4,17.8,520.2
2024-10-06 22:00:00,18.3,59.1,8.3,385.2
2024-10-06 23:00:00,15.7,42.6,8.4,464.7
2024-10-07 00:00:00,14.8,49.5,11.6,458.4
2024-10-07 01:00:00,16.3,49.7,11.3,431.4
2024-10-07 02:00:00,14.0,44.1,8.9,419.4
2024-10-07 03:00:00,5.6,48.7,13.0,596.6
2024-10-07 04:00:00,11.5,53.3,8.4,557.5
2024-10-07 05:00:00,16.6,49.7,15.8,545.9
2024-10-07 06:00:00,10.6,43.4,8.7,561.7
2024-10-07 07:00:00,12.3,65.5,8.3,640.0
2024-10-07 08:00:00,9.8,52.5,9.2,679.3
2024-10-07 09:00:00,18.3,51.7,8.6,598.6
2024-10-07 10:00:00,18.0,45.7,10.2,590.5
2024-10-07 11:00:00,10.3,52.5,11.5,680.7
2024-10-07 12:00:00,13.4,50.4,10.0,714.9
2024-10-07 13:00:00,10.9,41.8,11.2,689.3
2024-10-07 14:00:00,14.8,45.9,9.4,671.4
2024-10-07 15:00:00,14.4,55.2,8.1,630.3
2024-10-07 16:00:00,15.3,61.0,19.0,584.3
2024-10-07 17:00:00,13.9,53.1,13.1,599.9
2024-10-07 18:00:00,21.7,56.8,8.2,595.4
2024-10-07 19:00:00,9.8,50.5,9.8,563.6
2024-10-07 20:00:00,7.7,50.9,11.0,623.4
2024-10-07 21:00:00,11.7,56.8,8.6,519.0
2024-10-07 22:00:00,8.1,59.7,10.6,512.5
2024-10-07 23:00:00,8.3,57.9,10.3,496.8
2024-10-08 00:00:00,9.8,46.0,8.7,492.5
2024-10-08 01:00:00,10.0,51.1,8.5,518.8
2024-10-08 02:00:00,9.9,52.8,12.3,547.3
2024-10-08 03:00:00,14.3,50.1,9.2,432.9
2024-10-08 04:00:00,11.3,53.4,8.8,557.5
2024-10-08 05:00:00,12.2,55.5,12.0,546.7
2024-10-08 06:00:00,15.4,56.5,12.0,545.0
2024-10-08 07:00:00,10.4,59.9,9.0,646.6
2024-10-08 08:00:00,11.9,49.8,14.2,679.3
2024-10-08 09:00:00,13.8,44.7,11.5,632.8
2024-10-08 10:00:00,6.9,53.3,9.3,710.2
2024-10-08 11:00:00,5.5,60.9,9.7,788.7
2024-10-08 12:00:00,13.7,49.1,11.9,681.6
2024-10-08 13:00:00,14.2,55.0,8.7,678.0
2024-10-08 14:00:00,18.9,55.0,9.9,635.1
2024-10-08 15:00:00,13.1,52.5,11.2,619.5
2024-10-08 16:00:00,15.1,51.6,10.3,554.0
2024-10-08 17:00:00,12.0,47.0,10.8,617.7
2024-10-08 18:00:00,13.5,40.2,10.4,517.3
2024-10-08 19:00:00,17.6,46.1,8.7,522.5
2024-10-08 20:00:00,6.2,49.7,9.6,647.4
2024-10-08 21:00:00,13.8,57.1,10.3,474.3
2024-10-08 22:00:00,19.0,51.1,12.5,436.4
2024-10-08 23:00:00,13.4,49.1,11.2,468.6
2024-10-09 00:00:00,17.5,47.2,9.7,410.1
2024-10-09 01:00:00,10.7,55.0,19.0,459.2
2024-10-09 02:00:00,12.4,58.5,8.3,487.2
2024-10-09 03:00:00,12.6,57.0,8.7,503.3
2024-10-09 04:00:00,5.9,54.8,9.3,678.1
2024-10-09 05:00:00,9.0,44.4,8.8,569.6
2024-10-09 06:00:00,9.2,50.0,10.9,650.3
2024-10-09 07:00:00,14.9,61.5,8.1,542.6
2024-10-09 08:00:00,15.1,57.4,8.6,557.7
2024-10-09 09:00:00,13.4,44.1,9.0,618.2
2024-10-09 10:00:00,14.9,51.5,11.4,604.8
2024-10-09 11:00:00,11.9,53.6,14.3,634.5
2024-10-09 12:00:00,16.0,48.0,12.8,694.9
2024-10-09 13:00:00,12.4,40.3,8.6,648.8
2024-10-09 14:00:00,12.6,52.4,10.5,726.1
2024-10-09 15:00:00,11.6,47.9,8.1,621.3
2024-10-09 16:00:00,14.4,48.0,9.1,547.4
2024-10-09 17:00:00,11.1,50.1,12.9,652.9
2024-10-09 18:00:00,15.3,51.3,9.8,521.5
2024-10-09 19:00:00,9.0,51.9,8.5,601.7
2024-10-09 20:00:00,9.0,47.5,9.7,529.0
2024-10-09 21:00:00,14.4,50.9,8.7,478.7
2024-10-09 22:00:00,12.1,43.2,9.5,444.3
2024-10-09 23:00:00,11.0,53.5,10.0,493.4
2024-10-10 00:00:00,15.0,37.7,9.3,424.9
2024-10-10 01:00:00,10.5,50.6,16.3,508.2
2024-10-10 02:00:00,11.7,56.6,10.5,515.8
2024-10-10 03:00:00,16.5,46.7,13.6,469.9
2024-10-10 04:00:00,16.9,55.6,12.3,499.1
2024-10-10 05:00:00,17.0,57.8,11.2,507.1
2024-10-10 06:00:00,11.4,35.5,10.1,564.0
2024-10-10 07:00:00,15.9,51.3,8.0,579.0
2024-10-10 08:00:00,9.4,37.7,10.9,655.9
2024-10-10 09:00:00,9.5,51.5,9.3,682.7
2024-10-10 10:00:00,5.1,52.1,8.4,801.1
2024-10-10 11:00:00,17.2,39.7,9.8,591.7
2024-10-10 12:00:00,9.6,61.8,12.0,760.6
2024-10-10 13:00:00,11.8,53.6,17.8,669.9
2024-10-10 14:00:00,9.4,47.9,9.4,703.8
2024-10-10 15:00:00,14.2,59.5,10.3,625.8
2024-10-10 16:00:00,11.0,43.2,13.7,655.9
2024-10-10 17:00:00,8.2,46.1,9.2,670.3
2024-10-10 18:00:00,13.4,40.7,8.5,553.3
2024-10-10 19:00:00,7.8,61.3,9.0,667.3
2024-10-10 20:00:00,9.6,53.9,14.9,467.7
2024-10-10 21:00:00,5.8,55.6,8.5,656.6
2024-10-10 22:00:00,7.8,53.8,9.2,587.0
2024-10-10 23:00:00,12.6,55.2,9.9,419.8
2024-10-11 00:00:00,6.2,52.7,13.6,607.6
2024-10-11 01:00:00,7.6,53.7,16.3,585.1
2024-10-11 02:00:00,12.0,52.9,9.7,507.6
2024-10-11 03:00:00,10.4,49.3,16.1,481.1
2024-10-11 04:00:00,18.0,52.1,8.5,499.8
2024-10-11 05:00:00,17.5,53.8,8.5,536.2
2024-10-11 06:00:00,9.4,52.9,16.9,599.5
2024-10-11 07:00:00,13.6,45.0,10.1,593.9
2024-10-11 08:00:00,14.2,45.7,8.6,589.0
2024-10-11 09:00:00,10.2,57.8,10.0,703.6
2024-10-11 10:00:00,7.5,50.9,12.6,728.5
2024-10-11 11:00:00,11.9,55.4,13.3,659.4
2024-10-11 12:00:00,11.4,47.0,14.0,681.4
2024-10-11 13:00:00,10.6,45.1,10.5,649.5
2024-10-11 14:00:00,13.2,48.3,14.1,643.3
2024-10-11 15:00:00,9.6,51.4,10.1,693.1
2024-10-11 16:00:00,8.4,49.2,10.8,707.9
2024-10-11 17:00:00,12.2,59.0,12.3,611.6
2024-10-11 18:00:00,13.0,53.5,9.7,522.7
2024-10-11 19:00:00,8.3,61.8,8.2,654.7
2024-10-11 20:00:00,14.6,54.6,9.3,543.5
2024-10-11 21:00:00,6.5,40.5,10.9,598.4
2024-10-11 22:00:00,10.1,57.9,8.6,498.4
2024-10-11 23:00:00,11.0,45.1,8.5,474.3
2024-10-12 00:00:00,9.9,53.8,9.0,502.6
2024-10-12 01:00:00,10.1,48.8,8.1,514.7
2024-10-12 02:00:00,17.4,63.4,12.1,441.4
2024-10-12 03:00:00,9.2,59.9,8.9,526.6
2024-10-12 04:00:00,19.1,49.0,8.4,505.9
2024-10-12 05:00:00,13.1,52.1,11.6,546.4
2024-10-12 06:00:00,12.0,53.9,13.6,546.5
2024-10-12 07:00:00,13.2,57.0,8.1,600.7
2024-10-12 08:00:00,19.3,52.9,8.8,581.7
2024-10-12 09:00:00,8.7,47.6,16.7,674.7
2024-10-12 10:00:00,8.3,49.2,9.5,756.0
2024-10-12 11:00:00,9.4,52.8,16.4,716.6
2024-10-12 12:00:00,11.8,59.0,9.0,677.2
2024-10-12 13:00:00,6.5,54.9,8.7,767.7
2024-10-12 14:00:00,11.7,49.0,8.7,679.3
2024-10-12 15:00:00,16.7,56.1,8.3,605.2
2024-10-12 16:00:00,12.1,50.9,14.8,623.2
2024-10-12 17:00:00,10.7,57.3,19.7,655.1
2024-10-12 18:00:00,9.8,65.5,17.3,574.2
2024-10-12 19:00:00,14.3,51.1,13.7,488.2
2024-10-12 20:00:00,9.1,56.9,13.6,596.6
2024-10-12 21:00:00,17.1,49.2,11.2,533.0
2024-10-12 22:00:00,17.4,52.4,13.2,471.4
2024-10-12 23:00:00,12.3,53.1,8.7,533.0
2024-10-13 00:00:00,11.5,52.0,9.5,470.6
2024-10-13 01:00:00,14.6,65.3,11.1,440.0
2024-10-13 02:00:00,14.8,51.4,14.2,474.4
2024-10-13 03:00:00,9.1,55.9,11.2,581.0
2024-10-13 04:00:00,9.9,43.4,13.5,513.6
2024-10-13 05:00:00,7.5,55.2,9.9,619.8
2024-10-13 06:00:00,12.7,58.7,11.8,571.1
2024-10-13 07:00:00,13.5,50.4,19.7,564.8
2024-10-13 08:00:00,7.4,40.5,8.5,680.2
2024-10-13 09:00:00,10.1,52.9,15.8,701.1
2024-10-13 10:00:00,7.4,53.2,10.2,754.3
2024-10-13 11:00:00,8.7,56.7,11.1,750.4
2024-10-13 12:00:00,13.1,63.2,14.3,680.1
2024-10-13 13:00:00,9.2,51.2,9.6,689.2
2024-10-13 14:00:00,10.5,48.9,9.6,696.0
2024-10-13 15:00:00,6.5,47.3,10.2,711.5
2024-10-13 16:00:00,11.9,54.2,8.1,619.7
2024-10-13 17:00:00,11.2,55.6,10.1,584.0
2024-10-13 18:00:00,9.2,50.5,9.0,600.7
2024-10-13 19:00:00,10.8,57.1,15.9,573.4
2024-10-13 20:00:00,11.9,55.6,8.3,516.8
2024-10-13 21:00:00,8.9,53.5,9.8,528.4
2024-10-13 22:00:00,6.9,48.7,16.8,609.5
2024-10-13 23:00:00,16.7,50.9,14.9,433.8
2024-10-14 00:00:00,9.4,41.1,11.6,494.7
2024-10-14 01:00:00,11.0,54.5,10.7,463.1
2024-10-14 02:00:00,14.3,53.4,9.0,409.9
2024-10-14 03:00:00,21.9,54.3,9.4,452.5
2024-10-14 04:00:00,7.5,55.9,8.3,561.2
2024-10-14 05:00:00,12.6,55.3,12.6,567.0
2024-10-14 06:00:00,9.1,52.8,9.2,622.2
2024-10-14 07:00:00,9.6,53.6,11.3,685.9
2024-10-14 08:00:00,9.1,46.4,9.3,675.8
2024-10-14 09:00:00,7.8,50.5,9.9,692.8
2024-10-14 10:00:00,11.1,53.7,10.4,620.9
2024-10-14 11:00:00,6.8,49.7,12.9,786.0
2024-10-14 12:00:00,14.0,57.7,8.7,618.6
2024-10-14 13:00:00,11.3,50.2,9.5,669.6
2024-10-14 14:00:00,12.4,54.6,8.4,710.1
2024-10-14 15:00:00,9.7,54.1,8.2,700.3
2024-10-14 16:00:00,10.0,57.2,10.8,669.9
2024-10-14 17:00:00,12.0,58.0,8.6,634.7
2024-10-14 18:00:00,7.6,57.0,8.2,678.4
2024-10-14 19:00:00,10.0,43.0,14.8,622.7
2024-10-14 20:00:00,8.5,59.5,10.3,567.4
2024-10-14 21:00:00,8.4,61.2,8.4,556.2
2024-10-14 22:00:00,4.7,51.2,8.2,597.7
2024-10-14 23:00:00,15.1,54.8,8.4,449.2
2024-10-15 00:00:00,9.0,49.2,9.9,517.7
2024-10-15 01:00:00,14.5,43.9,11.3,396.7
2024-10-15 02:00:00,14.2,49.9,11.1,445.4
2024-10-15 03:00:00,7.2,50.9,8.5,629.9
2024-10-15 04:00:00,7.7,51.9,11.0,603.5
2024-10-15 05:00:00,18.7,48.9,9.6,521.4
2024-10-15 06:00:00,16.2,50.0,9.9,532.7
2024-10-15 07:00:00,10.9,53.6,12.8,562.7
2024-10-15 08:00:00,11.7,49.9,9.2,625.7
2024-10-15 09:00:00,9.1,56.4,8.5,725.9
2024-10-15 10:00:00,12.2,57.1,14.2,627.8
2024-10-15 11:00:00,8.8,65.7,8.7,752.6
2024-10-15 12:00:00,4.8,59.4,9.0,762.9
2024-10-15 13:00:00,6.9,55.0,11.7,761.0
2024-10-15 14:00:00,11.0,50.7,11.5,693.6
2024-10-15 15:00:00,7.5,55.3,12.8,714.1
2024-10-15 16:00:00,10.7,55.5,8.6,721.4
2024-10-15 17:00:00,7.6,51.3,9.3,658.8
2024-10-15 18:00:00,8.5,57.8,8.4,617.1
2024-10-15 19:00:00,13.4,46.9,10.3,538.5
2024-10-15 20:00:00,11.6,52.7,9.0,510.4
2024-10-15 21:00:00,10.8,56.7,11.5,482.1
2024-10-15 22:00:00,13.5,52.5,8.0,441.0
2024-10-15 23:00:00,12.2,52.9,8.2,500.7
2024-10-16 00:00:00,15.1,53.2,9.7,436.4
2024-10-16 01:00:00,9.4,49.8,17.5,569.1
2024-10-16 02:00:00,9.5,59.8,14.6,518.5
2024-10-16 03:00:00,6.9,48.9,23.4,613.1
2024-10-16 04:00:00,9.5,55.6,9.6,581.8
2024-10-16 05:00:00,13.6,56.1,8.1,520.8
2024-10-16 06:00:00,14.6,49.3,9.1,521.3
2024-10-16 07:00:00,13.6,54.4,11.4,533.8
2024-10-16 08:00:00,5.3,49.5,8.4,763.5
2024-10-16 09:00:00,14.0,61.0,9.1,666.4
2024-10-16 10:00:00,5.2,48.4,8.2,738.8
2024-10-16 11:00:00,13.4,50.8,9.9,646.0
2024-10-16 12:00:00,9.6,48.0,8.7,691.0
2024-10-16 13:00:00,12.8,47.3,8.3,678.6
2024-10-16 14:00:00,6.7,62.1,9.6,750.3
2024-10-16 15:00:00,14.2,56.9,9.3,666.2
2024-10-16 16:00:00,6.2,54.9,10.3,717.4
2024-10-16 17:00:00,8.6,50.9,12.1,617.9
2024-10-16 18:00:00,7.6,58.7,8.4,638.0
2024-10-16 19:00:00,5.3,50.1,12.7,660.4
2024-10-16 20:00:00,10.9,58.2,8.1,561.5
2024-10-16 21:00:00,16.0,49.9,9.8,455.8
2024-10-16 22:00:00,18.6,51.0,10.7,453.7
2024-10-16 23:00:00,10.9,58.0,17.4,475.7
2024-10-17 00:00:00,13.9,58.6,10.6,450.2
2024-10-17 01:00:00,11.2,57.3,8.5,469.9
2024-10-17 02:00:00,12.0,49.0,10.2,463.4
2024-10-17 03:00:00,9.5,52.1,9.5,581.9
2024-10-17 04:00:00,11.1,55.1,10.0,519.6
2024-10-17 05:00:00,12.1,50.1,8.7,538.5
2024-10-17 06:00:00,8.8,61.2,10.1,663.1
2024-10-17 07:00:00,10.2,42.3,8.5,645.7
2024-10-17 08:00:00,10.3,50.5,12.1,699.9
2024-10-17 09:00:00,12.9,51.8,10.7,651.0
2024-10-17 10:00:00,7.2,40.2,8.2,718.8
2024-10-17 11:00:00,10.3,47.4,14.6,757.6
2024-10-17 12:00:00,16.2,57.6,10.9,658.0
2024-10-17 13:00:00,13.9,54.6,9.1,648.9
2024-10-17 14:00:00,14.5,62.3,8.1,644.1
2024-10-17 15:00:00,10.5,62.2,11.0,679.9
2024-10-17 16:00:00,11.3,56.6,9.4,631.1
2024-10-17 17:00:00,13.4,56.1,15.1,547.7
2024-10-17 18:00:00,15.0,54.8,8.1,595.9
2024-10-17 19:00:00,4.5,41.2,8.1,686.3
2024-10-17 20:00:00,6.4,47.6,16.9,627.3
2024-10-17 21:00:00,14.3,55.1,18.0,545.5
2024-10-17 22:00:00,9.5,57.6,8.1,510.0
2024-10-17 23:00:00,8.3,56.0,11.8,560.6
2024-10-18 00:00:00,6.5,50.1,8.8,546.2
2024-10-18 01:00:00,8.6,59.3,11.6,546.1
2024-10-18 02:00:00,6.1,62.0,14.1,605.6
2024-10-18 03:00:00,16.5,59.3,8.3,492.2
2024-10-18 04:00:00,10.2,59.6,8.8,592.9
2024-10-18 05:00:00,10.1,51.9,8.1,561.4
2024-10-18 06:00:00,12.0,60.1,8.1,623.6
2024-10-18 07:00:00,13.1,55.4,8.1,636.1
2024-10-18 08:00:00,13.1,57.3,12.8,609.7
2024-10-18 09:00:00,13.4,56.5,9.1,633.3
2024-10-18 10:00:00,8.3,54.1,10.0,708.2
2024-10-18 11:00:00,9.3,50.4,12.7,704.3
2024-10-18 12:00:00,12.5,54.3,10.0,636.2
2024-10-18 13:00:00,8.6,59.7,9.7,753.9
2024-10-18 14:00:00,10.1,52.6,8.0,629.1
2024-10-18 15:00:00,11.3,59.3,10.5,639.3
2024-10-18 16:00:00,12.5,58.5,8.4,622.9
2024-10-18 17:00:00,4.8,53.3,12.3,776.4
2024-10-18 18:00:00,12.3,61.8,8.9,562.4
2024-10-18 19:00:00,9.4,53.1,11.4,603.2
2024-10-18 20:00:00,12.2,62.4,11.1,527.2
2024-10-18 21:00:00,12.4,57.1,10.9,532.1
2024-10-18 22:00:00,14.9,54.8,8.9,472.9
2024-10-18 23:00:00,14.1,50.5,8.9,481.1
2024-10-19 00:00:00,14.1,54.5,14.0,438.6
2024-10-19 01:00:00,14.4,53.9,8.0,425.2
2024-10-19 02:00:00,10.9,48.7,8.6,514.8
2024-10-19 03:00:00,10.1,53.9,10.8,519.6
2024-10-19 04:00:00,12.6,51.0,13.1,519.8
2024-10-19 05:00:00,12.2,57.9,9.3,561.2
2024-10-19 06:00:00,9.1,61.5,11.2,663.6
2024-10-19 07:00:00,11.2,48.9,10.4,635.8
2024-10-19 08:00:00,9.9,63.6,8.2,643.4
2024-10-19 09:00:00,7.4,54.4,10.9,690.5
2024-10-19 10:00:00,13.8,50.2,13.0,693.4
2024-10-19 11:00:00,10.1,58.9,22.7,656.7
2024-10-19 12:00:00,16.1,52.9,8.1,625.1
2024-10-19 13:00:00,5.1,54.7,11.2,822.1
2024-10-19 14:00:00,8.2,53.1,9.6,772.8
2024-10-19 15:00:00,10.0,51.0,8.0,670.5
2024-10-19 16:00:00,13.3,58.8,10.9,616.0
2024-10-19 17:00:00,11.1,53.7,8.4,590.1
2024-10-19 18:00:00,10.8,48.0,9.4,595.4
2024-10-19 19:00:00,6.5,57.9,8.9,614.7
2024-10-19 20:00:00,6.4,49.2,9.3,600.4
2024-10-19 21:00:00,10.8,49.4,10.0,544.4
2024-10-19 22:00:00,5.7,61.2,9.3,593.6
2024-10-19 23:00:00,8.2,49.3,10.4,566.4
2024-10-20 00:00:00,11.3,43.7,8.8,477.5
2024-10-20 01:00:00,6.9,58.4,11.0,529.7
2024-10-20 02:00:00,14.6,53.8,13.8,498.6
2024-10-20 03:00:00,13.5,54.2,8.8,451.2
2024-10-20 04:00:00,5.1,53.7,10.1,637.4
2024-10-20 05:00:00,7.0,56.5,11.1,632.2
2024-10-20 06:00:00,2.9,51.6,10.5,789.9
2024-10-20 07:00:00,7.4,62.7,9.4,668.5
2024-10-20 08:00:00,12.0,48.0,11.1,597.0
2024-10-20 09:00:00,8.5,57.6,8.1,710.5
2024-10-20 10:00:00,11.1,58.6,9.4,672.9
2024-10-20 11:00:00,5.1,51.6,10.3,785.1
2024-10-20 12:00:00,12.1,50.3,8.1,681.7
2024-10-20 13:00:00,8.0,60.5,10.1,705.6
2024-10-20 14:00:00,9.7,50.5,11.2,644.9
2024-10-20 15:00:00,9.4,52.4,12.3,751.2
2024-10-20 16:00:00,5.8,59.9,8.4,743.5
2024-10-20 17:00:00,6.2,55.7,22.0,711.6
2024-10-20 18:00:00,12.5,46.5,10.8,544.3
2024-10-20 19:00:00,10.8,64.3,9.4,600.6
2024-10-20 20:00:00,12.8,52.9,8.9,502.3
2024-10-20 21:00:00,10.6,53.5,10.6,443.5
2024-10-20 22:00:00,10.0,56.8,14.4,504.4
2024-10-20 23:00:00,4.4,58.7,10.2,618.8
2024-10-21 00:00:00,8.8,65.4,11.2,528.6
2024-10-21 01:00:00,9.5,47.3,9.3,509.6
2024-10-21 02:00:00,15.4,59.8,9.5,440.8
2024-10-21 03:00:00,11.6,59.3,9.0,493.1
2024-10-21 04:00:00,14.1,55.0,11.7,496.0
2024-10-21 05:00:00,11.3,59.6,9.3,514.9
2024-10-21 06:00:00,7.4,60.3,8.6,598.9
2024-10-21 07:00:00,9.9,48.8,9.4,635.5
2024-10-21 08:00:00,10.2,64.5,13.8,662.5
2024-10-21 09:00:00,6.7,47.9,12.0,763.3
2024-10-21 10:00:00,8.3,50.1,9.2,713.1
2024-10-21 11:00:00,8.8,54.4,15.1,687.5
2024-10-21 12:00:00,14.3,65.4,8.2,600.8
2024-10-21 13:00:00,3.2,54.2,8.2,822.7
2024-10-21 14:00:00,13.1,55.6,8.4,665.7
2024-10-21 15:00:00,6.6,63.0,8.4,788.8
2024-10-21 16:00:00,5.3,54.3,8.3,751.7
2024-10-21 17:00:00,12.9,49.9,11.2,554.3
2024-10-21 18:00:00,11.6,53.8,10.8,557.1
2024-10-21 19:00:00,13.1,62.7,11.1,517.6
2024-10-21 20:00:00,11.8,56.2,11.5,520.0
2024-10-21 21:00:00,15.5,65.5,12.2,511.6
2024-10-21 22:00:00,11.0,59.6,8.7,543.5
2024-10-21 23:00:00,8.9,52.7,10.9,523.6
2024-10-22 00:00:00,10.4,56.2,10.6,507.9
2024-10-22 01:00:00,13.1,51.7,16.6,443.9
2024-10-22 02:00:00,7.0,52.6,8.8,524.1
2024-10-22 03:00:00,7.3,78.4,8.2,650.2
2024-10-22 04:00:00,8.4,61.1,11.2,519.1
2024-10-22 05:00:00,3.0,60.3,12.0,681.2
2024-10-22 06:00:00,9.7,52.9,9.0,665.4
2024-10-22 07:00:00,3.6,63.9,10.5,773.3
2024-10-22 08:00:00,9.4,61.5,8.2,636.6
2024-10-22 09:00:00,11.8,65.5,17.7,677.2
2024-10-22 10:00:00,7.8,65.2,8.3,761.4
2024-10-22 11:00:00,14.3,48.7,8.2,607.3
2024-10-22 12:00:00,4.8,50.5,8.1,793.3
2024-10-22 13:00:00,12.8,51.1,9.7,690.1
2024-10-22 14:00:00,11.2,51.4,8.3,649.5
2024-10-22 15:00:00,4.0,57.8,12.1,811.9
2024-10-22 16:00:00,17.3,53.3,14.9,625.2
2024-10-22 17:00:00,9.0,66.5,8.9,584.6
2024-10-22 18:00:00,6.5,65.7,11.0,667.9
2024-10-22 19:00:00,4.9,56.2,8.1,691.9
2024-10-22 20:00:00,8.5,66.0,9.5,535.5
2024-10-22 21:00:00,8.7,63.7,9.0,546.6
2024-10-22 22:00:00,9.4,54.0,8.8,561.2
2024-10-22 23:00:00,8.2,46.2,11.1,516.5
2024-10-23 00:00:00,11.0,55.2,8.4,447.9
2024-10-23 01:00:00,7.9,53.1,13.9,580.5
2024-10-23 02:00:00,3.3,57.3,11.3,679.3
2024-10-23 03:00:00,8.6,56.8,11.7,559.2
2024-10-23 04:00:00,2.0,56.6,16.2,735.9
2024-10-23 05:00:00,10.1,59.0,16.6,612.7
2024-10-23 06:00:00,6.1,50.3,10.4,688.6
2024-10-23 07:00:00,9.5,58.4,10.1,662.4
2024-10-23 08:00:00,13.0,54.2,9.2,596.0
2024-10-23 09:00:00,6.2,57.4,11.8,695.1
2024-10-23 10:00:00,12.2,61.2,10.3,684.8
2024-10-23 11:00:00,7.7,50.3,16.1,776.1
2024-10-23 12:00:00,14.2,55.0,8.8,647.3
2024-10-23 13:00:00,7.9,55.9,9.1,768.8
2024-10-23 14:00:00,6.4,53.9,9.1,750.7
2024-10-23 15:00:00,11.0,61.0,12.9,663.1
2024-10-23 16:00:00,7.6,52.9,8.3,751.4
2024-10-23 17:00:00,6.4,53.7,9.8,691.9
2024-10-23 18:00:00,7.5,53.0,9.7,641.3
2024-10-23 19:00:00,8.8,62.0,8.2,549.8
2024-10-23 20:00:00,12.9,54.1,9.6,537.8
2024-10-23 21:00:00,3.1,58.9,10.2,666.3
2024-10-23 22:00:00,8.9,66.5,8.2,548.7
2024-10-23 23:00:00,10.7,56.2,10.1,490.6
2024-10-24 00:00:00,9.4,62.2,17.6,506.9
2024-10-24 01:00:00,12.8,65.0,19.6,474.1
2024-10-24 02:00:00,8.6,61.8,10.3,546.7
2024-10-24 03:00:00,8.3,56.6,10.2,602.8
2024-10-24 04:00:00,10.6,59.9,9.0,596.3
2024-10-24 05:00:00,9.1,50.2,25.5,613.7
2024-10-24 06:00:00,7.6,52.8,9.0,687.0
2024-10-24 07:00:00,10.3,53.7,9.8,653.0
2024-10-24 08:00:00,6.8,67.9,8.0,737.7
2024-10-24 09:00:00,6.9,52.7,9.3,777.2
2024-10-24 10:00:00,7.2,52.6,8.2,705.2
2024-10-24 11:00:00,12.8,51.5,12.1,643.2
2024-10-24 12:00:00,-0.9,59.6,10.5,955.3
2024-10-24 13:00:00,9.9,57.5,10.5,697.6
2024-10-24 14:00:00,8.8,62.2,9.0,738.2
2024-10-24 15:00:00,3.7,60.2,13.1,780.7
2024-10-24 16:00:00,9.6,49.9,8.0,676.0
2024-10-24 17:00:00,10.1,52.8,9.2,612.8
2024-10-24 18:00:00,10.5,63.7,11.2,594.4
2024-10-24 19:00:00,0.7,55.9,15.2,805.5
2024-10-24 20:00:00,12.8,62.8,8.8,573.7
2024-10-24 21:00:00,6.4,56.2,10.3,583.1
2024-10-24 22:00:00,10.7,52.1,10.3,506.2
2024-10-24 23:00:00,10.9,55.4,14.2,465.6
2024-10-25 00:00:00,6.0,52.1,8.2,561.3
2024-10-25 01:00:00,10.6,54.1,9.7,468.6
2024-10-25 02:00:00,7.4,58.0,8.6,575.8
2024-10-25 03:00:00,2.4,59.5,8.1,720.1
2024-10-25 04:00:00,12.1,49.1,8.5,545.2
2024-10-25 05:00:00,6.3,56.9,19.2,631.2
2024-10-25 06:00:00,6.0,54.1,8.7,699.0
2024-10-25 07:00:00,7.3,53.8,16.2,684.2
2024-10-25 08:00:00,9.4,57.7,8.7,667.6
2024-10-25 09:00:00,8.4,54.3,16.0,668.9
2024-10-25 10:00:00,10.2,64.0,11.2,700.5
2024-10-25 11:00:00,4.5,63.0,8.4,825.9
2024-10-25 12:00:00,6.3,63.0,10.6,785.1
2024-10-25 13:00:00,8.2,54.7,9.2,748.2
2024-10-25 14:00:00,14.2,52.3,9.4,660.7
2024-10-25 15:00:00,8.1,57.6,9.7,679.1
2024-10-25 16:00:00,11.7,56.4,9.6,626.5
2024-10-25 17:00:00,8.6,54.1,11.3,672.8
2024-10-25 18:00:00,7.0,51.3,12.4,652.8
2024-10-25 19:00:00,7.7,57.0,9.2,652.4
2024-10-25 20:00:00,7.9,55.2,15.7,596.9
2024-10-25 21:00:00,10.2,60.7,16.4,477.3
2024-10-25 22:00:00,12.5,60.6,8.1,513.4
2024-10-25 23:00:00,9.5,62.8,8.0,519.8
2024-10-26 00:00:00,12.0,51.0,9.7,424.2
2024-10-26 01:00:00,5.5,59.3,10.7,594.0
2024-10-26 02:00:00,7.1,53.7,9.0,534.7
2024-10-26 03:00:00,6.2,51.2,8.9,630.1
2024-10-26 04:00:00,9.3,55.2,11.4,568.2
2024-10-26 05:00:00,7.3,62.7,10.8,607.5
2024-10-26 06:00:00,10.5,55.5,8.5,623.9
2024-10-26 07:00:00,5.5,65.2,14.5,739.7
2024-10-26 08:00:00,8.4,60.1,11.4,679.8
2024-10-26 09:00:00,10.4,55.4,9.4,635.3
2024-10-26 10:00:00,2.1,63.2,11.5,849.3
2024-10-26 11:00:00,14.7,59.7,8.4,623.6
2024-10-26 12:00:00,7.4,52.8,9.9,775.3
2024-10-26 13:00:00,2.2,66.8,8.6,833.3
2024-10-26 14:00:00,8.7,58.8,8.1,716.2
2024-10-26 15:00:00,8.3,57.6,9.2,700.6
2024-10-26 16:00:00,8.0,53.2,8.5,723.0
2024-10-26 17:00:00,11.2,63.4,11.0,626.5
2024-10-26 18:00:00,10.5,60.1,11.4,618.9
2024-10-26 19:00:00,9.1,60.7,8.5,583.7
2024-10-26 20:00:00,9.6,55.0,8.1,527.9
2024-10-26 21:00:00,7.9,61.8,12.7,568.0
2024-10-26 22:00:00,13.5,62.2,8.0,501.5
2024-10-26 23:00:00,3.7,54.3,9.3,665.5
2024-10-27 00:00:00,8.6,50.5,10.0,516.7
2024-10-27 01:00:00,8.3,60.5,13.1,516.5
2024-10-27 02:00:00,10.6,49.8,13.5,477.5
2024-10-27 03:00:00,5.6,58.4,11.9,620.3
2024-10-27 04:00:00,2.9,55.4,8.9,716.0
2024-10-27 05:00:00,8.6,63.8,11.8,654.5
2024-10-27 06:00:00,8.9,55.7,8.8,629.3
2024-10-27 07:00:00,12.6,63.3,8.7,620.2
2024-10-27 08:00:00,4.3,55.2,10.4,752.0
2024-10-27 09:00:00,11.5,62.8,11.4,660.6
2024-10-27 10:00:00,15.2,68.1,8.2,643.5
2024-10-27 11:00:00,6.9,52.4,8.2,755.4
2024-10-27 12:00:00,4.2,59.3,12.6,829.3
2024-10-27 13:00:00,6.8,71.6,13.9,775.2
2024-10-27 14:00:00,8.1,58.2,10.8,744.0
2024-10-27 15:00:00,9.7,58.1,9.7,719.6
2024-10-27 16:00:00,6.2,61.8,13.6,664.5
2024-10-27 17:00:00,12.7,58.1,11.9,631.4
2024-10-27 18:00:00,4.6,49.3,10.6,661.9
2024-10-27 19:00:00,2.8,63.6,9.2,752.9
2024-10-27 20:00:00,11.3,47.9,8.7,605.3
2024-10-27 21:00:00,1.1,55.8,9.6,740.6
2024-10-27 22:00:00,7.3,64.0,9.0,579.0
2024-10-27 23:00:00,17.3,56.2,9.2,428.0
2024-10-28 00:00:00,7.9,54.5,10.2,564.5
2024-10-28 01:00:00,4.6,62.4,8.6,636.2
2024-10-28 02:00:00,7.7,53.7,12.9,540.2
2024-10-28 03:00:00,7.8,51.9,8.5,571.8
2024-10-28 04:00:00,8.4,59.4,10.0,554.2
2024-10-28 05:00:00,9.9,57.1,12.1,581.2
2024-10-28 06:00:00,4.8,51.8,10.0,699.2
2024-10-28 07:00:00,12.9,61.3,9.3,600.6
2024-10-28 08:00:00,8.6,60.4,9.9,663.0
2024-10-28 09:00:00,10.0,56.3,13.7,672.0
2024-10-28 10:00:00,6.0,56.7,21.9,773.0
2024-10-28 11:00:00,11.7,60.5,11.0,684.5
2024-10-28 12:00:00,7.0,64.1,12.7,774.5
2024-10-28 13:00:00,8.6,56.7,8.0,722.9
2024-10-28 14:00:00,5.0,61.4,14.4,773.7
2024-10-28 15:00:00,4.8,61.0,17.2,788.5
2024-10-28 16:00:00,9.8,62.6,10.6,658.4
2024-10-28 17:00:00,6.4,58.4,12.2,732.9
2024-10-28 18:00:00,5.2,53.7,10.2,736.6
2024-10-28 19:00:00,5.8,55.9,9.0,621.7
2024-10-28 20:00:00,9.8,60.0,13.7,581.1
2024-10-28 21:00:00,5.8,67.4,10.7,647.7
2024-10-28 22:00:00,7.4,55.9,10.6,528.5
2024-10-28 23:00:00,7.8,62.3,11.2,571.8
2024-10-29 00:00:00,2.0,56.7,13.8,715.7
2024-10-29 01:00:00,3.3,58.9,11.9,627.9
2024-10-29 02:00:00,8.7,65.9,8.7,541.5
2024-10-29 03:00:00,5.5,62.2,9.9,634.9
2024-10-29 04:00:00,10.8,52.2,19.8,560.3
2024-10-29 05:00:00,10.6,55.5,10.4,543.5
2024-10-29 06:00:00,9.8,64.7,16.4,650.2
2024-10-29 07:00:00,13.1,59.1,13.0,532.7
2024-10-29 08:00:00,7.4,52.7,11.3,743.4
2024-10-29 09:00:00,9.6,54.3,9.3,701.5
2024-10-29 10:00:00,5.9,62.0,9.1,758.9
2024-10-29 11:00:00,15.0,63.4,11.1,674.6
2024-10-29 12:00:00,13.5,58.6,9.7,631.2
2024-10-29 13:00:00,7.6,70.9,12.8,758.1
2024-10-29 14:00:00,8.7,62.6,12.3,726.6
2024-10-29 15:00:00,11.6,57.3,9.1,662.3
2024-10-29 16:00:00,7.1,54.5,11.6,684.9
2024-10-29 17:00:00,5.6,53.7,10.0,704.3
2024-10-29 18:00:00,10.2,60.2,9.2,611.4
2024-10-29 19:00:00,7.8,56.1,9.6,600.2
2024-10-29 20:00:00,8.1,67.0,14.8,605.5
2024-10-29 21:00:00,5.0,65.9,9.3,623.7
2024-10-29 22:00:00,2.3,61.8,9.0,723.6
2024-10-29 23:00:00,8.2,52.7,9.3,588.1
2024-10-30 00:00:00,10.2,55.3,8.7,495.6
2024-10-30 01:00:00,6.8,64.9,10.4,603.0
2024-10-30 02:00:00,11.8,55.9,8.5,489.1
2024-10-30 03:00:00,5.3,64.3,13.1,605.2
2024-10-30 04:00:00,4.3,61.1,8.8,665.5
2024-10-30 05:00:00,7.2,59.0,10.7,636.6
2024-10-30 06:00:00,7.2,55.2,8.4,605.5
2024-10-30 07:00:00,9.7,58.3,19.5,658.2
2024-10-30 08:00:00,5.1,59.7,9.8,760.5
2024-10-30 09:00:00,11.5,63.9,13.2,690.5
2024-10-30 10:00:00,13.3,54.4,12.4,668.1
2024-10-30 11:00:00,7.3,57.5,11.8,758.8
2024-10-30 12:00:00,11.1,59.1,13.3,681.9
2024-10-30 13:00:00,4.2,62.2,8.3,873.3
2024-10-30 14:00:00,10.6,54.3,11.4,749.9
2024-10-30 15:00:00,10.5,52.3,8.9,659.1
2024-10-30 16:00:00,9.9,62.3,12.6,693.6
2024-10-30 17:00:00,7.3,51.3,17.4,659.8
2024-10-30 18:00:00,-1.5,65.3,15.0,886.5
2024-10-30 19:00:00,5.4,58.1,8.4,662.6
2024-10-30 20:00:00,5.4,51.2,9.4,666.2
2024-10-30 21:00:00,4.4,56.6,9.4,621.2
2024-10-30 22:00:00,7.6,60.9,8.4,612.5
2024-10-30 23:00:00,6.0,56.3,8.3,616.2
2024-10-31 00:00:00,4.8,59.1,9.5,634.6
2024-10-31 01:00:00,4.1,62.7,22.5,628.9
2024-10-31 02:00:00,5.1,58.0,10.5,645.0
2024-10-31 03:00:00,10.6,54.4,10.9,439.7
2024-10-31 04:00:00,5.2,57.6,9.9,666.3
2024-10-31 05:00:00,5.7,66.1,11.3,676.3
2024-10-31 06:00:00,5.8,67.5,17.4,637.7
2024-10-31 07:00:00,8.2,49.0,10.7,673.7
2024-10-31 08:00:00,8.6,64.6,8.2,704.8
2024-10-31 09:00:00,-2.0,60.4,10.0,931.0
2024-10-31 10:00:00,10.2,63.8,22.8,659.2
2024-10-31 11:00:00,11.5,56.4,9.5,745.0
2024-10-31 12:00:00,4.0,50.3,10.7,824.4
2024-10-31 13:00:00,4.2,62.1,8.3,856.1
2024-10-31 14:00:00,5.8,54.5,8.5,809.4
2024-10-31 15:00:00,4.9,52.3,14.2,792.2
2024-10-31 16:00:00,7.8,52.6,9.1,726.2
2024-10-31 17:00:00,1.3,62.2,9.1,774.5
2024-10-31 18:00:00,3.7,60.0,9.5,734.6
2024-10-31 19:00:00,11.7,63.2,18.2,468.4
2024-10-31 20:00:00,4.3,62.6,8.3,626.4
2024-10-31 21:00:00,10.8,57.2,13.1,509.3
2024-10-31 22:00:00,8.1,59.0,9.3,535.8
2024-10-31 23:00:00,1.6,56.8,13.7,703.3
2024-11-01 00:00:00,8.9,58.3,22.4,526.3
2024-11-01 01:00:00,6.7,54.5,9.3,576.7
2024-11-01 02:00:00,5.7,61.3,8.4,613.9
2024-11-01 03:00:00,7.7,64.8,8.5,591.8
2024-11-01 04:00:00,8.4,55.3,12.3,556.0
2024-11-01 05:00:00,9.1,65.8,8.5,580.0
2024-11-01 06:00:00,10.5,60.0,8.9,600.8
2024-11-01 07:00:00,8.2,60.6,8.7,667.0
2024-11-01 08:00:00,2.8,51.0,9.3,778.6
2024-11-01 09:00:00,5.5,50.4,8.2,795.7
2024-11-01 10:00:00,15.8,60.2,13.8,652.7
2024-11-01 11:00:00,9.1,63.4,13.9,697.4
2024-11-01 12:00:00,14.0,56.2,9.6,650.3
2024-11-01 13:00:00,11.1,67.9,10.8,754.1
2024-11-01 14:00:00,7.6,63.2,11.1,745.3
2024-11-01 15:00:00,7.8,55.0,12.1,729.0
2024-11-01 16:00:00,6.8,59.7,10.2,701.3
2024-11-01 17:00:00,1.7,72.0,10.1,821.2
2024-11-01 18:00:00,6.9,53.4,11.0,708.7
2024-11-01 19:00:00,10.5,62.3,11.6,580.9
2024-11-01 20:00:00,5.1,58.0,9.3,655.5
2024-11-01 21:00:00,8.1,63.2,9.2,574.7
2024-11-01 22:00:00,9.4,66.0,8.9,612.7
2024-11-01 23:00:00,4.1,57.7,10.4,635.7
2024-11-02 00:00:00,5.5,65.3,9.3,576.7
2024-11-02 01:00:00,3.8,70.8,10.3,630.2
2024-11-02 02:00:00,4.3,60.0,9.6,663.1
2024-11-02 03:00:00,2.9,63.7,13.4,651.3
2024-11-02 04:00:00,4.1,56.8,8.2,694.6
2024-11-02 05:00:00,11.0,59.9,10.5,546.6
2024-11-02 06:00:00,4.0,58.9,10.6,677.9
2024-11-02 07:00:00,7.1,63.8,9.5,660.7
2024-11-02 08:00:00,5.2,65.8,9.6,758.0
2024-11-02 09:00:00,10.3,59.3,12.8,717.8
2024-11-02 10:00:00,10.7,67.5,9.0,717.5
2024-11-02 11:00:00,9.3,67.5,14.2,712.9
2024-11-02 12:00:00,7.6,64.1,14.8,783.6
2024-11-02 13:00:00,6.0,57.3,11.2,771.1
2024-11-02 14:00:00,3.1,56.8,12.4,799.0
2024-11-02 15:00:00,12.5,55.8,10.8,644.1
2024-11-02 16:00:00,4.4,64.7,10.2,731.9
2024-11-02 17:00:00,8.7,53.9,18.2,679.4
2024-11-02 18:00:00,9.8,63.3,9.0,638.4
2024-11-02 19:00:00,5.0,54.6,8.5,655.4
2024-11-02 20:00:00,9.8,64.1,9.0,570.4
2024-11-02 21:00:00,8.9,60.1,10.9,561.5
2024-11-02 22:00:00,11.8,66.7,8.6,526.6
2024-11-02 23:00:00,5.2,65.7,15.2,574.0
2024-11-03 00:00:00,2.7,67.2,9.6,689.7
2024-11-03 01:00:00,5.1,67.3,13.7,575.6
2024-11-03 02:00:00,7.2,60.8,8.9,597.9
2024-11-03 03:00:00,6.8,54.3,9.1,628.7
2024-11-03 04:00:00,5.4,54.8,8.2,628.1
2024-11-03 05:00:00,0.8,49.7,8.9,829.4
2024-11-03 06:00:00,8.0,54.7,10.0,596.0
2024-11-03 07:00:00,12.5,60.5,16.8,634.6
2024-11-03 08:00:00,7.9,57.3,9.5,738.4
2024-11-03 09:00:00,8.4,59.3,11.1,719.2
2024-11-03 10:00:00,8.2,62.6,9.7,722.8
2024-11-03 11:00:00,7.7,58.7,8.1,756.3
2024-11-03 12:00:00,9.3,54.6,10.1,700.9
2024-11-03 13:00:00,7.7,60.0,8.2,826.8
2024-11-03 14:00:00,5.5,55.7,14.5,764.1
2024-11-03 15:00:00,4.1,58.9,12.2,842.3
2024-11-03 16:00:00,5.7,67.0,9.4,724.5
2024-11-03 17:00:00,7.4,58.9,11.1,730.3
2024-11-03 18:00:00,5.5,69.1,8.4,763.2
2024-11-03 19:00:00,7.4,67.5,11.6,646.8
2024-11-03 20:00:00,7.7,57.4,13.2,607.4
2024-11-03 21:00:00,8.9,54.8,13.2,526.2
2024-11-03 22:00:00,10.3,60.1,9.0,487.1
2024-11-03 23:00:00,6.6,66.1,8.9,588.3
2024-11-04 00:00:00,2.5,57.9,10.2,718.5
2024-11-04 01:00:00,5.3,64.9,18.3,591.1
2024-11-04 02:00:00,6.5,66.4,15.6,658.5
2024-11-04 03:00:00,0.9,56.5,9.3,732.3
2024-11-04 04:00:00,10.5,57.1,12.5,557.2
2024-11-04 05:00:00,6.8,64.0,15.6,653.0
2024-11-04 06:00:00,7.5,61.2,8.9,652.9
2024-11-04 07:00:00,10.4,57.0,13.3,566.4
2024-11-04 08:00:00,4.4,58.7,8.9,754.7
2024-11-04 09:00:00,8.0,60.2,9.3,721.3
2024-11-04 10:00:00,6.0,52.7,8.7,767.4
2024-11-04 11:00:00,5.7,64.4,10.1,810.4
2024-11-04 12:00:00,4.0,58.2,13.6,857.3
2024-11-04 13:00:00,11.3,46.6,10.3,673.6
2024-11-04 14:00:00,5.1,60.5,8.4,764.5
2024-11-04 15:00:00,8.4,56.9,8.9,754.0
2024-11-04 16:00:00,0.6,69.0,10.5,844.1
2024-11-04 17:00:00,9.8,57.7,10.6,620.4
2024-11-04 18:00:00,9.4,55.1,10.6,592.1
2024-11-04 19:00:00,6.5,63.2,8.2,673.5
2024-11-04 20:00:00,5.5,57.4,12.2,685.5
2024-11-04 21:00:00,7.4,56.8,15.2,579.3
2024-11-04 22:00:00,13.1,63.2,10.1,490.4
2024-11-04 23:00:00,0.9,55.5,11.8,735.8
2024-11-05 00:00:00,8.5,53.4,15.4,586.1
2024-11-05 01:00:00,3.4,69.4,11.1,604.3
2024-11-05 02:00:00,6.1,63.6,11.4,622.0
2024-11-05 03:00:00,5.4,59.4,11.8,640.5
2024-11-05 04:00:00,4.9,60.8,8.9,652.5
2024-11-05 05:00:00,6.1,63.3,10.6,669.9
2024-11-05 06:00:00,2.7,65.7,13.5,793.7
2024-11-05 07:00:00,9.2,57.0,9.1,665.0
2024-11-05 08:00:00,0.7,62.7,14.8,943.1
2024-11-05 09:00:00,7.7,58.3,10.9,724.2
2024-11-05 10:00:00,5.1,59.9,9.7,794.6
2024-11-05 11:00:00,2.6,61.7,10.9,864.9
2024-11-05 12:00:00,6.7,60.9,9.5,788.8
2024-11-05 13:00:00,1.4,64.6,13.5,904.7
2024-11-05 14:00:00,6.2,63.4,10.0,771.4
2024-11-05 15:00:00,1.8,53.4,14.9,863.4
2024-11-05 16:00:00,7.4,54.2,10.1,699.5
2024-11-05 17:00:00,3.3,59.1,11.2,761.3
2024-11-05 18:00:00,4.7,70.1,26.3,735.5
2024-11-05 19:00:00,6.9,56.7,8.5,631.2
2024-11-05 20:00:00,3.7,60.0,12.0,711.1
2024-11-05 21:00:00,5.8,58.3,8.4,622.5
2024-11-05 22:00:00,1.5,58.3,13.5,706.2
2024-11-05 23:00:00,7.9,61.9,10.7,598.9
2024-11-06 00:00:00,11.3,68.1,16.3,491.9
2024-11-06 01:00:00,14.3,63.4,14.0,479.4
2024-11-06 02:00:00,6.2,57.1,8.2,572.6
2024-11-06 03:00:00,8.3,74.9,8.4,515.2
2024-11-06 04:00:00,0.6,61.5,10.8,764.9
2024-11-06 05:00:00,10.4,58.2,10.2,512.2
2024-11-06 06:00:00,8.3,68.2,8.6,637.4
2024-11-06 07:00:00,4.5,58.8,8.4,792.4
2024-11-06 08:00:00,9.6,69.5,10.5,643.8
2024-11-06 09:00:00,5.1,56.8,8.2,712.7
2024-11-06 10:00:00,4.5,68.4,14.2,857.6
2024-11-06 11:00:00,7.3,62.2,12.9,742.3
2024-11-06 12:00:00,2.7,67.7,12.6,873.3
2024-11-06 13:00:00,8.9,70.8,8.0,753.7
2024-11-06 14:00:00,2.7,55.6,8.1,869.9
2024-11-06 15:00:00,2.7,67.7,10.4,866.6
2024-11-06 16:00:00,3.1,54.2,23.6,832.4
2024-11-06 17:00:00,8.1,56.1,9.3,614.7
2024-11-06 18:00:00,4.0,57.3,9.3,691.8
2024-11-06 19:00:00,1.8,63.9,8.4,807.1
2024-11-06 20:00:00,4.0,61.5,11.4,662.4
2024-11-06 21:00:00,5.7,60.5,11.1,603.0
2024-11-06 22:00:00,2.2,62.1,8.3,658.8
2024-11-06 23:00:00,2.3,64.3,9.9,673.4
2024-11-07 00:00:00,12.1,64.7,11.3,471.8
2024-11-07 01:00:00,3.2,66.9,10.0,635.0
2024-11-07 02:00:00,4.8,70.5,11.4,602.3
2024-11-07 03:00:00,4.6,61.3,13.1,658.2
2024-11-07 04:00:00,4.5,58.9,11.5,648.1
2024-11-07 05:00:00,7.6,64.5,10.9,611.4
2024-11-07 06:00:00,8.6,55.8,13.8,566.9
2024-11-07 07:00:00,4.8,58.1,14.9,798.1
2024-11-07 08:00:00,2.0,66.5,9.5,870.9
2024-11-07 09:00:00,9.5,60.9,8.6,674.2
2024-11-07 10:00:00,5.4,55.5,13.1,757.9
2024-11-07 11:00:00,10.9,54.1,8.7,690.7
2024-11-07 12:00:00,-1.1,61.8,15.9,985.5
2024-11-07 13:00:00,6.2,67.3,8.1,743.3
2024-11-07 14:00:00,11.4,67.3,15.6,602.8
2024-11-07 15:00:00,4.6,62.2,10.7,776.1
2024-11-07 16:00:00,5.0,71.7,12.5,719.9
2024-11-07 17:00:00,6.5,61.1,9.5,707.1
2024-11-07 18:00:00,3.9,61.0,22.4,742.1
2024-11-07 19:00:00,4.7,48.8,8.8,657.2
2024-11-07 20:00:00,4.6,59.5,8.9,653.7
2024-11-07 21:00:00,3.7,66.0,8.2,727.4
2024-11-07 22:00:00,9.3,69.5,16.5,563.5
2024-11-07 23:00:00,7.0,57.6,9.8,554.7
2024-11-08 00:00:00,6.3,64.1,11.4,650.5
2024-11-08 01:00:00,8.0,67.0,11.5,516.5
2024-11-08 02:00:00,4.8,61.8,14.2,605.8
2024-11-08 03:00:00,3.2,50.4,11.3,676.4
2024-11-08 04:00:00,3.7,63.0,10.5,647.4
2024-11-08 05:00:00,5.5,65.6,11.7,728.1
2024-11-08 06:00:00,2.3,57.1,12.2,783.5
2024-11-08 07:00:00,4.0,60.6,8.6,737.0
2024-11-08 08:00:00,4.0,56.1,8.3,797.5
2024-11-08 09:00:00,11.9,49.0,8.2,652.5
2024-11-08 10:00:00,-2.8,67.0,9.4,1028.2
2024-11-08 11:00:00,4.9,61.9,10.1,772.8
2024-11-08 12:00:00,10.6,69.9,10.9,661.9
2024-11-08 13:00:00,5.8,66.2,17.5,856.0
2024-11-08 14:00:00,7.7,60.2,9.2,696.9
2024-11-08 15:00:00,5.7,61.5,12.3,815.0
2024-11-08 16:00:00,3.4,64.8,10.3,776.6
2024-11-08 17:00:00,-1.3,66.8,8.7,945.9
2024-11-08 18:00:00,6.0,63.6,10.9,701.8
2024-11-08 19:00:00,3.1,67.6,18.2,756.8
2024-11-08 20:00:00,3.0,60.6,8.4,733.4
2024-11-08 21:00:00,3.9,57.1,10.1,616.9
2024-11-08 22:00:00,10.6,61.7,8.2,494.4
2024-11-08 23:00:00,12.6,63.1,9.2,437.8
2024-11-09 00:00:00,6.0,56.1,10.9,590.1
2024-11-09 01:00:00,4.0,55.4,13.5,597.1
2024-11-09 02:00:00,1.8,64.4,11.9,650.5
2024-11-09 03:00:00,6.8,60.1,9.9,592.7
2024-11-09 04:00:00,10.7,61.3,15.2,483.8
2024-11-09 05:00:00,4.6,60.4,9.1,702.1
2024-11-09 06:00:00,-1.8,69.8,12.2,878.0
2024-11-09 07:00:00,7.3,68.5,9.9,663.5
2024-11-09 08:00:00,8.3,56.0,14.9,619.9
2024-11-09 09:00:00,0.5,59.6,12.8,953.0
2024-11-09 10:00:00,5.8,66.5,15.0,736.9
2024-11-09 11:00:00,6.6,65.3,8.7,761.3
2024-11-09 12:00:00,5.1,62.1,11.3,756.0
2024-11-09 13:00:00,2.9,56.6,12.0,834.0
2024-11-09 14:00:00,8.3,58.9,12.1,778.1
2024-11-09 15:00:00,4.0,59.7,10.1,813.4
2024-11-09 16:00:00,0.8,63.7,8.0,855.6
2024-11-09 17:00:00,-0.9,70.9,8.9,910.4
2024-11-09 18:00:00,9.0,58.9,9.2,609.4
2024-11-09 19:00:00,7.1,57.2,13.7,633.8
2024-11-09 20:00:00,5.5,61.8,13.5,672.2
2024-11-09 21:00:00,3.9,67.6,8.3,661.1
2024-11-09 22:00:00,3.6,55.2,17.0,662.7
2024-11-09 23:00:00,2.0,69.7,8.6,705.9
2024-11-10 00:00:00,3.9,61.6,9.6,628.9
2024-11-10 01:00:00,-1.2,58.8,8.7,770.1
2024-11-10 02:00:00,2.9,54.5,13.9,657.5
2024-11-10 03:00:00,4.2,66.0,12.2,682.6
2024-11-10 04:00:00,7.0,61.6,9.3,640.1
2024-11-10 05:00:00,5.0,63.4,11.4,651.4
2024-11-10 06:00:00,7.5,58.0,8.6,646.0
2024-11-10 07:00:00,9.2,60.9,9.4,627.7
2024-11-10 08:00:00,8.3,60.1,9.4,713.9
2024-11-10 09:00:00,6.5,62.1,8.8,733.2
2024-11-10 10:00:00,5.1,59.2,14.3,859.2
2024-11-10 11:00:00,2.1,54.9,11.4,885.7
2024-11-10 12:00:00,7.3,76.2,9.0,802.7
2024-11-10 13:00:00,10.1,55.8,8.8,672.4
2024-11-10 14:00:00,6.1,63.5,8.1,773.6
2024-11-10 15:00:00,10.8,53.8,9.3,683.8
2024-11-10 16:00:00,0.5,52.7,10.2,850.6
2024-11-10 17:00:00,1.6,63.2,9.0,829.7
2024-11-10 18:00:00,7.6,63.6,11.6,686.5
2024-11-10 19:00:00,5.8,69.0,9.6,659.8
2024-11-10 20:00:00,9.0,64.7,9.1,554.4
2024-11-10 21:00:00,5.0,62.0,16.4,695.4
2024-11-10 22:00:00,2.4,58.0,8.9,655.3
2024-11-10 23:00:00,4.3,70.3,9.5,639.2
2024-11-11 00:00:00,0.4,67.4,9.4,720.4
2024-11-11 01:00:00,1.6,56.6,8.8,674.9
2024-11-11 02:00:00,7.9,63.0,8.7,584.7
2024-11-11 03:00:00,7.6,63.5,9.1,578.4
2024-11-11 04:00:00,6.0,61.1,14.0,648.7
2024-11-11 05:00:00,-0.2,66.7,12.4,767.0
2024-11-11 06:00:00,3.9,67.0,11.4,757.1
2024-11-11 07:00:00,1.2,61.9,9.8,816.5
2024-11-11 08:00:00,8.4,61.5,10.1,631.2
2024-11-11 09:00:00,3.2,70.4,8.9,889.4
2024-11-11 10:00:00,1.6,67.6,8.2,908.0
2024-11-11 11:00:00,5.0,63.3,9.2,815.5
2024-11-11 12:00:00,3.0,54.8,10.1,897.1
2024-11-11 13:00:00,9.3,64.7,8.2,727.5
2024-11-11 14:00:00,2.7,66.5,8.3,836.3
2024-11-11 15:00:00,0.7,49.2,8.9,889.2
2024-11-11 16:00:00,-1.6,64.3,9.4,935.3
2024-11-11 17:00:00,4.8,60.9,9.5,727.4
2024-11-11 18:00:00,3.1,61.9,8.4,720.4
2024-11-11 19:00:00,0.5,58.5,8.8,777.2
2024-11-11 20:00:00,8.4,62.3,8.9,615.9
2024-11-11 21:00:00,6.8,70.0,8.2,613.4
2024-11-11 22:00:00,4.7,60.9,9.2,615.5
2024-11-11 23:00:00,8.9,67.9,8.2,505.3
2024-11-12 00:00:00,6.8,59.1,11.6,557.3
2024-11-12 01:00:00,2.3,66.9,9.5,636.6
2024-11-12 02:00:00,1.7,63.2,9.2,718.0
2024-11-12 03:00:00,7.2,64.9,8.4,620.8
2024-11-12 04:00:00,5.9,63.2,8.8,710.6
2024-11-12 05:00:00,5.3,66.4,8.8,648.1
2024-11-12 06:00:00,2.2,50.4,20.6,805.7
2024-11-12 07:00:00,6.6,56.1,13.4,677.3
2024-11-12 08:00:00,2.5,65.3,8.0,795.0
2024-11-12 09:00:00,4.4,53.0,10.9,757.8
2024-11-12 10:00:00,9.1,60.6,8.9,717.0
2024-11-12 11:00:00,2.7,63.0,8.3,839.1
2024-11-12 12:00:00,-0.0,59.1,11.7,932.2
2024-11-12 13:00:00,1.5,59.8,8.4,886.3
2024-11-12 14:00:00,7.7,64.7,9.8,718.5
2024-11-12 15:00:00,5.4,68.4,11.0,750.2
2024-11-12 16:00:00,4.3,58.6,10.4,704.2
2024-11-12 17:00:00,3.1,60.5,19.4,786.5
2024-11-12 18:00:00,6.1,59.7,12.6,686.4
2024-11-12 19:00:00,2.1,51.3,12.5,732.4
2024-11-12 20:00:00,5.5,64.1,9.3,659.9
2024-11-12 21:00:00,2.4,68.1,8.0,752.2
2024-11-12 22:00:00,1.9,68.5,12.0,709.8
2024-11-12 23:00:00,2.7,59.1,32.7,712.4
2024-11-13 00:00:00,3.5,57.2,9.6,714.2
2024-11-13 01:00:00,4.4,63.6,20.7,704.6
2024-11-13 02:00:00,5.3,67.6,8.5,584.6
2024-11-13 03:00:00,-6.5,64.3,9.1,987.2
2024-11-13 04:00:00,2.1,65.0,8.6,724.1
2024-11-13 05:00:00,3.4,69.2,9.9,733.4
2024-11-13 06:00:00,9.1,59.8,12.8,673.1
2024-11-13 07:00:00,1.3,62.5,9.2,855.5
2024-11-13 08:00:00,5.0,71.7,15.1,729.1
2024-11-13 09:00:00,9.0,62.6,10.4,680.2
2024-11-13 10:00:00,0.6,57.3,9.9,915.5
2024-11-13 11:00:00,5.7,60.3,12.6,745.7
2024-11-13 12:00:00,2.1,58.9,8.3,886.2
2024-11-13 13:00:00,3.0,65.4,12.5,825.2
2024-11-13 14:00:00,2.1,59.2,8.8,823.5
2024-11-13 15:00:00,2.3,65.0,9.0,825.7
2024-11-13 16:00:00,12.6,60.0,10.7,635.6
2024-11-13 17:00:00,7.0,53.1,15.0,699.7
2024-11-13 18:00:00,7.8,65.2,10.6,655.2
2024-11-13 19:00:00,5.9,64.5,11.1,694.5
2024-11-13 20:00:00,-0.4,66.3,12.5,841.7
2024-11-13 21:00:00,5.6,60.4,8.9,631.0
2024-11-13 22:00:00,7.7,59.9,13.3,567.3
2024-11-13 23:00:00,1.9,65.8,9.6,703.3
2024-11-14 00:00:00,7.3,71.4,8.6,560.0
2024-11-14 01:00:00,6.5,63.9,9.3,515.4
2024-11-14 02:00:00,10.0,65.9,8.8,561.1
2024-11-14 03:00:00,3.1,62.2,8.8,699.7
2024-11-14 04:00:00,1.1,56.1,9.0,727.6
2024-11-14 05:00:00,3.3,68.7,8.6,774.6
2024-11-14 06:00:00,8.7,68.4,11.3,619.1
2024-11-14 07:00:00,-1.1,67.4,10.6,913.3
2024-11-14 08:00:00,-1.8,63.0,11.1,994.1
2024-11-14 09:00:00,4.6,66.9,9.3,800.1
2024-11-14 10:00:00,3.0,68.4,12.4,891.7
2024-11-14 11:00:00,4.4,72.1,8.4,817.8
2024-11-14 12:00:00,7.2,68.9,10.5,817.1
2024-11-14 13:00:00,2.7,64.3,9.0,846.0
2024-11-14 14:00:00,-1.3,57.5,10.2,1018.1
2024-11-14 15:00:00,10.4,64.8,9.2,608.3
2024-11-14 16:00:00,1.3,65.3,12.7,829.3
2024-11-14 17:00:00,1.1,67.6,14.7,854.1
2024-11-14 18:00:00,7.6,70.8,12.1,646.6
2024-11-14 19:00:00,3.1,63.6,8.6,731.6
2024-11-14 20:00:00,4.1,74.6,9.0,691.4
2024-11-14 21:00:00,5.7,55.3,15.6,584.7
2024-11-14 22:00:00,7.5,66.2,9.7,538.0
2024-11-14 23:00:00,3.2,60.1,16.5,665.1
2024-11-15 00:00:00,8.8,54.6,9.5,507.8
2024-11-15 01:00:00,-2.2,63.1,17.1,868.8
2024-11-15 02:00:00,6.5,56.9,15.8,581.9
2024-11-15 03:00:00,1.7,63.4,11.2,750.6
2024-11-15 04:00:00,8.3,64.4,8.0,604.6
2024-11-15 05:00:00,4.6,69.8,9.5,680.1
2024-11-15 06:00:00,2.2,56.7,15.3,723.2
2024-11-15 07:00:00,6.2,68.8,14.5,748.8
2024-11-15 08:00:00,6.9,64.7,8.6,691.2
2024-11-15 09:00:00,6.1,69.4,9.5,748.0
2024-11-15 10:00:00,1.1,62.1,13.4,899.8
2024-11-15 11:00:00,2.7,57.6,10.6,863.3
2024-11-15 12:00:00,4.1,58.2,13.6,859.4
2024-11-15 13:00:00,4.0,57.9,13.3,830.1
2024-11-15 14:00:00,6.4,66.7,15.1,764.6
2024-11-15 15:00:00,-1.9,71.7,8.4,1021.6
2024-11-15 16:00:00,5.1,61.5,8.5,775.9
2024-11-15 17:00:00,3.2,67.5,8.3,762.3
2024-11-15 18:00:00,1.6,56.8,16.2,765.2
2024-11-15 19:00:00,1.9,65.3,9.9,745.1
2024-11-15 20:00:00,3.4,67.8,8.2,701.7
2024-11-15 21:00:00,-6.7,57.2,9.2,991.9
2024-11-15 22:00:00,2.0,63.4,9.3,708.0
2024-11-15 23:00:00,1.4,68.0,13.0,709.2
2024-11-16 00:00:00,5.7,49.8,12.0,513.2
2024-11-16 01:00:00,1.6,71.2,11.5,666.7
2024-11-16 02:00:00,3.4,66.3,8.1,580.5
2024-11-16 03:00:00,8.7,68.1,15.2,555.9
2024-11-16 04:00:00,7.0,62.5,8.7,648.4
2024-11-16 05:00:00,6.7,55.9,11.0,586.3
2024-11-16 06:00:00,2.5,67.2,8.2,738.6
2024-11-16 07:00:00,5.6,64.2,8.3,718.1
2024-11-16 08:00:00,3.3,64.7,8.0,773.7
2024-11-16 09:00:00,3.4,70.0,10.5,794.1
2024-11-16 10:00:00,5.2,68.4,11.0,812.0
2024-11-16 11:00:00,2.2,74.2,8.2,872.8
2024-11-16 12:00:00,8.4,65.4,9.0,694.9
2024-11-16 13:00:00,3.5,61.2,13.7,782.9
2024-11-16 14:00:00,5.8,63.7,8.3,845.8
2024-11-16 15:00:00,8.3,66.8,8.7,747.2
2024-11-16 16:00:00,7.0,69.8,9.7,705.8
2024-11-16 17:00:00,-0.3,57.4,13.5,886.7
2024-11-16 18:00:00,5.3,64.8,8.9,691.5
2024-11-16 19:00:00,6.5,72.8,25.6,672.3
2024-11-16 20:00:00,6.6,63.5,9.3,600.1
2024-11-16 21:00:00,0.6,69.4,9.5,749.9
2024-11-16 22:00:00,1.9,67.2,8.4,722.0
2024-11-16 23:00:00,6.9,69.6,11.4,619.7
2024-11-17 00:00:00,1.6,60.8,8.8,723.6
2024-11-17 01:00:00,3.0,60.8,11.0,702.7
2024-11-17 02:00:00,8.6,64.9,8.8,540.6
2024-11-17 03:00:00,3.7,57.2,9.5,651.3
2024-11-17 04:00:00,1.7,63.5,13.8,692.3
2024-11-17 05:00:00,1.2,66.1,12.0,791.7
2024-11-17 06:00:00,4.8,73.8,8.5,732.2
2024-11-17 07:00:00,-0.2,66.9,10.8,875.7
2024-11-17 08:00:00,3.1,68.0,11.0,789.7
2024-11-17 09:00:00,4.8,70.8,8.3,827.8
2024-11-17 10:00:00,7.7,60.1,9.9,756.5
2024-11-17 11:00:00,5.8,64.1,8.9,829.2
2024-11-17 12:00:00,1.7,77.1,9.9,879.2
2024-11-17 13:00:00,7.3,64.6,12.5,736.2
2024-11-17 14:00:00,2.9,70.6,8.5,892.4
2024-11-17 15:00:00,0.1,69.8,8.4,922.1
2024-11-17 16:00:00,3.3,57.6,8.9,786.2
2024-11-17 17:00:00,8.1,66.6,17.1,658.0
2024-11-17 18:00:00,4.2,65.8,12.1,731.1
2024-11-17 19:00:00,3.8,66.7,8.1,748.0
2024-11-17 20:00:00,8.7,61.3,9.5,578.9
2024-11-17 21:00:00,-0.6,59.5,8.9,821.0
2024-11-17 22:00:00,-0.1,62.7,11.0,783.0
2024-11-17 23:00:00,-1.1,64.6,9.8,766.6
2024-11-18 00:00:00,4.8,71.1,18.0,593.3
2024-11-18 01:00:00,4.2,74.2,8.7,626.7
2024-11-18 02:00:00,8.3,72.1,10.7,518.4
2024-11-18 03:00:00,4.4,69.5,11.6,642.8
2024-11-18 04:00:00,2.5,60.2,13.2,771.4
2024-11-18 05:00:00,3.7,63.2,9.6,717.8
2024-11-18 06:00:00,4.0,66.3,11.5,714.4
2024-11-18 07:00:00,-1.4,62.1,9.1,979.2
2024-11-18 08:00:00,11.8,68.1,9.7,610.1
2024-11-18 09:00:00,5.2,68.9,14.8,751.4
2024-11-18 10:00:00,4.3,68.0,17.0,855.4
2024-11-18 11:00:00,5.5,70.4,11.8,820.4
2024-11-18 12:00:00,5.8,60.8,9.4,788.9
2024-11-18 13:00:00,3.2,70.0,13.1,882.4
2024-11-18 14:00:00,1.7,61.9,8.1,893.9
2024-11-18 15:00:00,5.4,60.6,8.3,735.9
2024-11-18 16:00:00,4.8,68.0,11.2,698.0
2024-11-18 17:00:00,1.2,71.5,9.0,828.5
2024-11-18 18:00:00,7.8,67.8,17.1,684.7
2024-11-18 19:00:00,4.5,65.5,9.7,687.3
2024-11-18 20:00:00,5.8,67.0,9.7,659.5
2024-11-18 21:00:00,7.7,66.1,11.4,588.2
2024-11-18 22:00:00,3.6,59.8,12.4,607.1
2024-11-18 23:00:00,4.5,59.2,9.9,613.0
2024-11-19 00:00:00,6.0,65.1,8.7,600.7
2024-11-19 01:00:00,1.4,65.9,12.5,690.7
2024-11-19 02:00:00,3.7,65.6,9.2,648.1
2024-11-19 03:00:00,3.9,68.9,8.6,682.9
2024-11-19 04:00:00,0.6,64.4,11.0,784.1
2024-11-19 05:00:00,10.5,68.4,8.3,612.5
2024-11-19 06:00:00,-0.7,64.8,18.7,887.4
2024-11-19 07:00:00,-0.4,74.7,11.0,867.5
2024-11-19 08:00:00,7.4,66.0,20.8,695.1
2024-11-19 09:00:00,5.6,77.3,9.2,775.4
2024-11-19 10:00:00,0.4,67.4,18.6,967.9
2024-11-19 11:00:00,5.3,64.6,8.5,787.8
2024-11-19 12:00:00,7.9,61.1,8.1,696.5
2024-11-19 13:00:00,3.4,58.4,8.1,860.5
2024-11-19 14:00:00,11.2,60.7,9.9,655.7
2024-11-19 15:00:00,-1.7,61.3,8.3,940.7
2024-11-19 16:00:00,5.5,67.7,10.2,752.3
2024-11-19 17:00:00,6.9,63.1,9.2,723.4
2024-11-19 18:00:00,6.1,66.7,9.2,670.9
2024-11-19 19:00:00,2.8,72.1,11.0,761.8
2024-11-19 20:00:00,2.5,65.3,8.5,747.2
2024-11-19 21:00:00,4.7,76.2,12.4,677.7
2024-11-19 22:00:00,5.8,59.9,10.6,581.8
2024-11-19 23:00:00,5.2,65.0,15.4,577.7
2024-11-20 00:00:00,6.5,63.1,9.4,547.9
2024-11-20 01:00:00,0.3,70.5,20.2,772.4
2024-11-20 02:00:00,2.7,54.6,10.6,700.7
2024-11-20 03:00:00,0.5,58.6,18.9,733.0
2024-11-20 04:00:00,2.2,65.3,8.1,800.4
2024-11-20 05:00:00,6.4,73.6,11.9,626.9
2024-11-20 06:00:00,3.7,67.0,13.1,777.1
2024-11-20 07:00:00,11.1,59.1,8.2,663.7
2024-11-20 08:00:00,3.9,59.9,10.6,790.6
2024-11-20 09:00:00,3.5,74.3,12.9,802.7
2024-11-20 10:00:00,3.6,62.8,10.5,810.0
2024-11-20 11:00:00,1.4,61.2,8.2,896.4
2024-11-20 12:00:00,3.1,73.4,11.5,897.0
2024-11-20 13:00:00,6.7,71.0,8.2,738.2
2024-11-20 14:00:00,3.6,72.4,13.1,782.2
2024-11-20 15:00:00,0.9,61.3,8.1,904.2
2024-11-20 16:00:00,0.5,58.4,8.4,901.0
2024-11-20 17:00:00,1.9,66.7,9.0,880.0
2024-11-20 18:00:00,3.5,67.7,11.0,710.8
2024-11-20 19:00:00,6.8,67.9,19.2,642.8
2024-11-20 20:00:00,-0.8,73.5,8.4,867.0
2024-11-20 21:00:00,2.3,57.4,8.5,712.9
2024-11-20 22:00:00,3.7,70.4,9.4,656.3
2024-11-20 23:00:00,-2.3,60.6,13.4,854.5
2024-11-21 00:00:00,0.7,70.4,9.9,714.8
2024-11-21 01:00:00,1.2,63.8,9.2,744.5
2024-11-21 02:00:00,0.8,62.1,10.5,701.3
2024-11-21 03:00:00,3.8,63.1,8.9,626.0
2024-11-21 04:00:00,2.7,59.0,9.5,710.5
2024-11-21 05:00:00,1.5,66.4,9.2,703.7
2024-11-21 06:00:00,4.5,62.3,12.9,726.9
2024-11-21 07:00:00,8.3,70.2,15.7,617.8
2024-11-21 08:00:00,8.1,69.4,12.3,706.9
2024-11-21 09:00:00,-2.6,74.7,9.7,1022.7
2024-11-21 10:00:00,4.9,68.1,10.1,801.5
2024-11-21 11:00:00,2.6,68.9,8.4,886.1
2024-11-21 12:00:00,3.6,73.3,12.1,857.9
2024-11-21 13:00:00,1.9,63.2,10.7,880.5
2024-11-21 14:00:00,3.5,58.9,15.0,889.4
2024-11-21 15:00:00,3.6,67.3,8.7,832.1
2024-11-21 16:00:00,1.4,59.2,12.3,880.4
2024-11-21 17:00:00,0.4,78.6,11.5,904.3
2024-11-21 18:00:00,1.8,73.7,8.9,823.3
2024-11-21 19:00:00,3.8,77.2,11.3,784.7
2024-11-21 20:00:00,4.9,66.7,15.7,671.2
2024-11-21 21:00:00,5.6,69.2,15.5,628.7
2024-11-21 22:00:00,1.6,64.1,11.8,697.2
2024-11-21 23:00:00,3.9,70.9,8.1,638.1
2024-11-22 00:00:00,5.9,60.4,14.2,566.3
2024-11-22 01:00:00,6.5,53.8,11.2,595.4
2024-11-22 02:00:00,2.9,62.5,9.1,652.1
2024-11-22 03:00:00,2.4,59.2,8.6,709.6
2024-11-22 04:00:00,3.6,73.9,8.4,718.8
2024-11-22 05:00:00,-0.4,75.6,8.2,850.2
2024-11-22 06:00:00,2.4,59.5,12.2,749.6
2024-11-22 07:00:00,5.2,73.0,8.8,757.5
2024-11-22 08:00:00,4.9,71.3,8.1,764.8
2024-11-22 09:00:00,2.2,58.7,9.5,767.7
2024-11-22 10:00:00,3.6,64.6,10.0,803.4
2024-11-22 11:00:00,0.5,63.7,8.6,974.3
2024-11-22 12:00:00,5.1,70.4,8.1,857.6
2024-11-22 13:00:00,2.7,60.5,8.6,881.0
2024-11-22 14:00:00,2.1,66.2,11.4,898.4
2024-11-22 15:00:00,1.9,63.2,8.3,841.8
2024-11-22 16:00:00,2.8,69.0,10.4,814.3
2024-11-22 17:00:00,1.6,65.6,8.5,866.5
2024-11-22 18:00:00,4.9,64.0,8.7,726.8
2024-11-22 19:00:00,1.7,65.6,9.5,775.4
2024-11-22 20:00:00,7.7,76.9,8.3,603.7
2024-11-22 21:00:00,7.3,64.7,8.6,625.5
2024-11-22 22:00:00,0.2,61.5,9.3,790.2
2024-11-22 23:00:00,3.1,69.7,9.2,685.7
2024-11-23 00:00:00,1.0,66.1,12.2,725.3
2024-11-23 01:00:00,1.9,59.7,8.2,684.2
2024-11-23 02:00:00,8.9,78.0,13.9,571.8
2024-11-23 03:00:00,2.0,65.1,13.1,689.1
2024-11-23 04:00:00,4.0,64.9,12.4,661.5
2024-11-23 05:00:00,4.5,67.6,9.1,656.7
2024-11-23 06:00:00,-0.1,75.5,13.2,899.2
2024-11-23 07:00:00,0.3,58.5,8.6,844.2
2024-11-23 08:00:00,-0.8,68.3,8.4,941.2
2024-11-23 09:00:00,0.2,77.3,8.1,919.6
2024-11-23 10:00:00,-5.7,67.6,16.4,1236.1
2024-11-23 11:00:00,4.5,60.8,9.1,833.2
2024-11-23 12:00:00,9.0,63.8,15.5,673.0
2024-11-23 13:00:00,3.3,68.0,9.0,889.9
2024-11-23 14:00:00,-1.4,73.6,15.1,979.3
2024-11-23 15:00:00,0.9,65.3,15.0,889.8
2024-11-23 16:00:00,1.4,71.1,15.7,841.4
2024-11-23 17:00:00,-0.3,59.8,10.1,889.9
2024-11-23 18:00:00,5.4,59.8,14.0,706.6
2024-11-23 19:00:00,5.2,64.6,17.0,662.0
2024-11-23 20:00:00,-0.7,74.2,9.2,814.3
2024-11-23 21:00:00,4.9,67.4,9.6,647.3
2024-11-23 22:00:00,7.3,68.5,11.8,505.5
2024-11-23 23:00:00,8.5,68.5,9.1,500.8
2024-11-24 00:00:00,11.3,72.6,12.2,546.3
2024-11-24 01:00:00,0.0,64.1,8.2,764.0
2024-11-24 02:00:00,11.2,70.6,10.2,494.7
2024-11-24 03:00:00,1.7,63.0,8.4,678.7
2024-11-24 04:00:00,0.9,77.1,9.0,777.2
2024-11-24 05:00:00,3.7,63.2,8.9,747.8
2024-11-24 06:00:00,1.0,62.8,13.5,900.3
2024-11-24 07:00:00,3.9,69.9,8.6,824.8
2024-11-24 08:00:00,-1.3,67.6,13.0,918.7
2024-11-24 09:00:00,2.0,68.9,12.7,850.0
2024-11-24 10:00:00,6.5,68.4,10.1,721.4
2024-11-24 11:00:00,2.5,61.8,8.8,846.9
2024-11-24 12:00:00,3.1,75.3,8.8,859.7
2024-11-24 13:00:00,4.1,71.7,9.9,823.8
2024-11-24 14:00:00,6.2,74.1,8.0,838.1
2024-11-24 15:00:00,-2.3,64.7,10.3,961.6
2024-11-24 16:00:00,4.4,69.4,17.2,777.9
2024-11-24 17:00:00,1.8,68.3,8.5,761.9
2024-11-24 18:00:00,3.1,73.0,10.6,773.8
2024-11-24 19:00:00,5.8,73.2,17.8,631.4
2024-11-24 20:00:00,-1.0,68.3,13.9,868.5
2024-11-24 21:00:00,-0.4,59.8,13.7,783.9
2024-11-24 22:00:00,-3.2,76.3,13.2,839.7
2024-11-24 23:00:00,1.0,70.2,9.1,665.3
2024-11-25 00:00:00,6.6,64.4,14.6,546.6
2024-11-25 01:00:00,2.2,69.5,16.5,697.7
2024-11-25 02:00:00,-1.4,59.9,10.1,823.3
2024-11-25 03:00:00,1.1,72.7,9.3,735.6
2024-11-25 04:00:00,-1.9,60.1,9.6,890.9
2024-11-25 05:00:00,-0.8,66.4,9.2,819.4
2024-11-25 06:00:00,3.7,68.7,8.7,658.2
2024-11-25 07:00:00,-1.0,72.7,10.9,922.1
2024-11-25 08:00:00,5.9,68.1,10.5,781.9
2024-11-25 09:00:00,2.3,70.7,9.9,894.6
2024-11-25 10:00:00,2.8,67.4,8.3,818.0
2024-11-25 11:00:00,1.7,67.4,12.8,881.8
2024-11-25 12:00:00,4.9,68.0,8.6,839.3
2024-11-25 13:00:00,4.9,66.7,8.4,794.1
2024-11-25 14:00:00,3.5,59.2,10.9,836.5
2024-11-25 15:00:00,4.2,63.8,9.5,780.6
2024-11-25 16:00:00,1.9,68.9,8.2,814.6
2024-11-25 17:00:00,4.1,66.4,9.3,733.7
2024-11-25 18:00:00,1.5,66.9,12.4,836.4
2024-11-25 19:00:00,2.5,66.1,10.9,752.6
2024-11-25 20:00:00,1.7,63.4,9.4,788.9
2024-11-25 21:00:00,1.1,65.2,8.6,763.1
2024-11-25 22:00:00,0.4,66.2,11.0,801.8
2024-11-25 23:00:00,3.9,67.8,14.6,670.0
2024-11-26 00:00:00,6.4,69.7,11.1,605.8
2024-11-26 01:00:00,6.0,66.9,13.0,590.7
2024-11-26 02:00:00,-1.3,62.6,10.2,898.6
2024-11-26 03:00:00,6.3,60.8,11.8,613.0
2024-11-26 04:00:00,1.5,80.8,14.8,705.5
2024-11-26 05:00:00,4.2,62.2,12.5,712.1
2024-11-26 06:00:00,-0.3,65.2,15.2,832.6
2024-11-26 07:00:00,2.8,70.4,9.7,827.0
2024-11-26 08:00:00,3.4,69.7,15.0,828.2
2024-11-26 09:00:00,-2.0,70.5,10.9,989.0
2024-11-26 10:00:00,4.2,65.7,14.1,791.8
2024-11-26 11:00:00,6.4,69.1,8.1,782.7
2024-11-26 12:00:00,1.9,68.2,11.2,877.9
2024-11-26 13:00:00,6.5,66.4,13.7,800.0
2024-11-26 14:00:00,1.8,69.2,8.6,902.6
2024-11-26 15:00:00,4.9,73.2,11.3,877.3
2024-11-26 16:00:00,-4.3,67.8,13.2,1042.5
2024-11-26 17:00:00,9.6,67.9,9.0,637.0
2024-11-26 18:00:00,6.8,73.3,9.6,670.5
2024-11-26 19:00:00,1.5,72.8,10.5,781.1
2024-11-26 20:00:00,-3.6,75.9,10.2,963.3
2024-11-26 21:00:00,3.2,59.2,8.1,676.3
2024-11-26 22:00:00,-2.0,72.6,8.3,896.0
2024-11-26 23:00:00,3.7,71.1,8.3,670.0
2024-11-27 00:00:00,3.6,63.6,8.9,633.6
2024-11-27 01:00:00,-0.5,69.3,8.8,752.3
2024-11-27 02:00:00,5.7,73.3,12.1,645.5
2024-11-27 03:00:00,4.7,64.0,10.6,648.9
2024-11-27 04:00:00,5.2,70.3,12.3,660.1
2024-11-27 05:00:00,2.3,72.5,8.2,742.5
2024-11-27 06:00:00,-2.0,62.8,10.0,915.3
2024-11-27 07:00:00,5.2,67.4,9.2,715.3
2024-11-27 08:00:00,1.5,69.7,13.7,900.5
2024-11-27 09:00:00,-1.9,64.2,11.7,1008.0
2024-11-27 10:00:00,6.3,63.8,14.1,763.0
2024-11-27 11:00:00,8.6,67.5,8.1,729.4
2024-11-27 12:00:00,2.1,72.2,11.8,894.4
2024-11-27 13:00:00,8.7,71.4,10.3,733.9
2024-11-27 14:00:00,2.5,63.9,13.2,834.4
2024-11-27 15:00:00,1.1,71.5,10.1,835.4
2024-11-27 16:00:00,0.3,64.1,10.3,867.4
2024-11-27 17:00:00,7.1,60.2,8.2,684.5
2024-11-27 18:00:00,-0.1,66.5,11.3,835.0
2024-11-27 19:00:00,4.4,73.9,9.0,729.9
2024-11-27 20:00:00,0.5,71.6,8.1,782.2
2024-11-27 21:00:00,0.8,68.3,8.2,813.9
2024-11-27 22:00:00,5.3,66.3,17.5,602.9
2024-11-27 23:00:00,1.1,66.4,9.3,728.1
2024-11-28 00:00:00,1.0,68.9,14.1,715.5
2024-11-28 01:00:00,5.6,63.0,17.6,614.5
2024-11-28 02:00:00,7.0,66.7,16.6,614.6
2024-11-28 03:00:00,4.1,67.3,14.4,683.4
2024-11-28 04:00:00,0.2,61.7,14.8,733.6
2024-11-28 05:00:00,0.6,64.2,9.0,821.5
2024-11-28 06:00:00,2.4,70.5,8.5,753.0
2024-11-28 07:00:00,3.1,68.5,11.1,779.1
2024-11-28 08:00:00,-0.8,66.9,10.0,951.0
2024-11-28 09:00:00,4.3,63.9,8.3,766.2
2024-11-28 10:00:00,2.4,76.4,11.4,907.7
2024-11-28 11:00:00,-3.0,64.3,10.5,1042.2
2024-11-28 12:00:00,-0.7,69.8,14.0,1041.8
2024-11-28 13:00:00,0.6,66.1,10.8,932.8
2024-11-28 14:00:00,1.9,68.7,10.6,934.5
2024-11-28 15:00:00,7.8,70.9,9.7,761.7
2024-11-28 16:00:00,2.8,61.7,9.9,798.9
2024-11-28 17:00:00,-0.4,68.6,17.3,855.1
2024-11-28 18:00:00,2.7,74.6,8.4,778.8
2024-11-28 19:00:00,1.0,77.4,9.8,783.4
2024-11-28 20:00:00,3.0,68.0,11.2,761.3
2024-11-28 21:00:00,3.8,68.9,9.7,666.0
2024-11-28 22:00:00,5.7,79.7,9.0,608.0
2024-11-28 23:00:00,2.0,74.3,9.0,658.3
2024-11-29 00:00:00,7.0,65.6,8.8,581.2
2024-11-29 01:00:00,4.8,65.6,9.3,586.5
2024-11-29 02:00:00,-0.1,73.5,14.2,786.0
2024-11-29 03:00:00,8.7,63.7,10.1,581.3
2024-11-29 04:00:00,3.0,74.2,8.8,695.5
2024-11-29 05:00:00,-0.5,70.4,9.5,873.6
2024-11-29 06:00:00,7.0,71.3,8.3,663.1
2024-11-29 07:00:00,8.2,67.5,15.0,626.0
2024-11-29 08:00:00,1.9,65.6,9.6,891.0
2024-11-29 09:00:00,0.5,76.1,19.8,885.5
2024-11-29 10:00:00,1.5,67.6,9.3,909.9
2024-11-29 11:00:00,4.1,66.8,13.4,844.0
2024-11-29 12:00:00,5.8,68.4,8.9,806.7
2024-11-29 13:00:00,3.7,69.8,8.2,855.4
2024-11-29 14:00:00,2.3,63.7,8.1,840.5
2024-11-29 15:00:00,6.5,66.1,10.8,801.0
2024-11-29 16:00:00,1.0,65.8,9.1,899.5
2024-11-29 17:00:00,5.1,73.1,9.8,755.4
2024-11-29 18:00:00,1.1,64.5,13.1,778.3
2024-11-29 19:00:00,3.2,60.1,8.9,699.5
2024-11-29 20:00:00,1.6,59.1,9.1,770.0
2024-11-29 21:00:00,1.8,61.6,13.6,665.8
2024-11-29 22:00:00,0.8,75.8,10.0,756.3
2024-11-29 23:00:00,6.0,69.1,13.3,555.6
2024-11-30 00:00:00,-0.3,71.5,9.4,738.5
2024-11-30 01:00:00,-0.3,71.7,9.5,726.6
2024-11-30 02:00:00,8.3,69.3,8.5,565.4
2024-11-30 03:00:00,4.8,68.7,15.4,680.9
2024-11-30 04:00:00,-5.3,74.3,14.8,1007.7
2024-11-30 05:00:00,0.2,69.8,20.4,836.3
2024-11-30 06:00:00,-3.5,76.1,9.5,986.5
2024-11-30 07:00:00,-1.0,72.2,13.1,934.1
2024-11-30 08:00:00,-7.5,66.0,9.6,1203.5
2024-11-30 09:00:00,1.5,66.6,9.8,797.4
2024-11-30 10:00:00,-1.6,65.5,13.3,1018.2
2024-11-30 11:00:00,2.0,75.2,8.6,916.1
2024-11-30 12:00:00,-3.0,67.1,8.7,1046.4
2024-11-30 13:00:00,2.1,65.2,9.1,826.1
2024-11-30 14:00:00,0.6,70.8,12.7,930.1
2024-11-30 15:00:00,6.4,68.7,9.4,763.9
2024-11-30 16:00:00,6.1,70.7,9.3,727.2
2024-11-30 17:00:00,4.2,78.7,28.2,770.7
2024-11-30 18:00:00,0.9,73.8,9.5,862.4
2024-11-30 19:00:00,7.8,69.4,8.9,700.2
2024-11-30 20:00:00,-2.8,62.2,10.9,902.8
2024-11-30 21:00:00,-2.4,66.8,12.9,873.9
2024-11-30 22:00:00,1.6,72.8,8.2,697.2
2024-11-30 23:00:00,8.6,63.4,10.9,524.7
2024-12-01 00:00:00,1.2,80.0,8.1,718.9
2024-12-01 01:00:00,1.2,69.4,10.2,754.8
2024-12-01 02:00:00,-2.5,69.6,8.9,879.1
2024-12-01 03:00:00,4.6,66.0,9.1,709.4
2024-12-01 04:00:00,4.6,71.8,9.9,630.0
2024-12-01 05:00:00,4.1,63.6,15.9,667.4
2024-12-01 06:00:00,-0.1,80.2,11.7,897.0
2024-12-01 07:00:00,-0.4,76.0,16.3,938.8
2024-12-01 08:00:00,-2.1,74.3,11.2,979.6
2024-12-01 09:00:00,2.0,62.5,8.0,727.0
2024-12-01 10:00:00,-1.5,70.5,8.9,969.1
2024-12-01 11:00:00,-1.8,75.5,15.1,1024.2
2024-12-01 12:00:00,0.5,72.4,11.1,914.4
2024-12-01 13:00:00,0.3,64.5,20.0,945.9
2024-12-01 14:00:00,0.1,66.2,8.5,993.0
2024-12-01 15:00:00,3.1,67.2,9.1,875.0
2024-12-01 16:00:00,2.0,66.5,9.3,868.0
2024-12-01 17:00:00,0.8,77.2,9.2,855.9
2024-12-01 18:00:00,2.3,59.9,8.9,766.9
2024-12-01 19:00:00,-1.3,72.8,9.8,895.2
2024-12-01 20:00:00,2.0,63.1,11.1,741.1
2024-12-01 21:00:00,2.1,64.8,9.1,718.5
2024-12-01 22:00:00,-2.8,59.5,8.2,813.2
2024-12-01 23:00:00,4.7,66.8,11.7,603.4
2024-12-02 00:00:00,-1.0,77.2,9.8,812.8
2024-12-02 01:00:00,1.9,70.9,10.4,666.6
2024-12-02 02:00:00,5.2,63.6,9.8,629.3
2024-12-02 03:00:00,4.4,74.7,14.6,672.7
2024-12-02 04:00:00,1.8,75.8,10.5,768.1
2024-12-02 05:00:00,0.6,70.2,15.7,828.1
2024-12-02 06:00:00,4.5,79.9,10.1,751.2
2024-12-02 07:00:00,3.7,73.8,9.0,757.4
2024-12-02 08:00:00,-0.2,73.1,9.3,869.5
2024-12-02 09:00:00,-0.7,65.7,10.2,921.8
2024-12-02 10:00:00,-4.6,72.9,10.3,1128.6
2024-12-02 11:00:00,2.1,70.8,11.5,852.7
2024-12-02 12:00:00,1.4,72.4,8.8,882.6
2024-12-02 13:00:00,5.0,66.3,11.2,777.8
2024-12-02 14:00:00,2.7,70.4,12.5,806.2
2024-12-02 15:00:00,5.6,65.7,11.4,734.8
2024-12-02 16:00:00,-0.5,59.1,10.0,945.5
2024-12-02 17:00:00,5.0,74.8,22.4,721.5
2024-12-02 18:00:00,0.0,62.3,9.6,798.5
2024-12-02 19:00:00,3.9,70.4,8.3,700.8
2024-12-02 20:00:00,-2.8,71.5,13.2,916.8
2024-12-02 21:00:00,2.3,71.5,8.7,661.3
2024-12-02 22:00:00,-4.4,68.5,11.7,951.8
2024-12-02 23:00:00,0.8,71.2,8.6,691.8
2024-12-03 00:00:00,2.9,72.3,8.1,658.6
2024-12-03 01:00:00,-0.0,73.6,8.5,748.1
2024-12-03 02:00:00,-1.6,78.6,9.4,809.0
2024-12-03 03:00:00,4.1,71.1,8.3,665.5
2024-12-03 04:00:00,1.2,70.3,8.7,790.3
2024-12-03 05:00:00,0.1,65.4,12.3,823.4
2024-12-03 06:00:00,1.7,72.2,12.4,787.0
2024-12-03 07:00:00,9.4,73.3,13.1,665.5
2024-12-03 08:00:00,5.0,69.0,13.5,771.1
2024-12-03 09:00:00,5.0,72.7,9.6,766.8
2024-12-03 10:00:00,2.8,68.6,14.1,858.2
2024-12-03 11:00:00,2.0,73.4,10.2,869.6
2024-12-03 12:00:00,-5.7,74.6,9.9,1139.0
2024-12-03 13:00:00,-0.5,74.6,11.8,995.4
2024-12-03 14:00:00,0.1,70.7,8.7,953.6
2024-12-03 15:00:00,-4.1,64.9,12.7,1092.2
2024-12-03 16:00:00,-2.0,67.0,9.7,989.3
2024-12-03 17:00:00,-4.5,73.1,8.4,1014.5
2024-12-03 18:00:00,1.4,82.4,8.4,849.1
2024-12-03 19:00:00,3.9,68.4,8.5,706.0
2024-12-03 20:00:00,4.8,72.4,14.6,699.2
2024-12-03 21:00:00,2.7,67.4,22.1,698.4
2024-12-03 22:00:00,-1.4,65.3,9.3,822.9
2024-12-03 23:00:00,-4.3,66.8,9.0,921.1
2024-12-04 00:00:00,-3.8,59.8,8.7,908.2
2024-12-04 01:00:00,-2.4,77.0,13.2,792.9
2024-12-04 02:00:00,-1.2,59.1,8.7,756.1
2024-12-04 03:00:00,1.0,68.9,15.7,774.0
2024-12-04 04:00:00,-1.6,64.4,11.3,866.5
2024-12-04 05:00:00,2.4,65.8,14.8,730.4
2024-12-04 06:00:00,0.7,77.2,10.4,846.7
2024-12-04 07:00:00,1.4,71.3,11.5,794.6
2024-12-04 08:00:00,4.8,65.5,10.9,864.7
2024-12-04 09:00:00,-2.1,67.4,13.3,1035.6
2024-12-04 10:00:00,2.7,66.5,13.4,879.1
2024-12-04 11:00:00,1.4,70.1,10.7,912.0
2024-12-04 12:00:00,0.4,71.2,11.0,924.6
2024-12-04 13:00:00,4.0,79.8,15.6,800.8
2024-12-04 14:00:00,4.0,60.8,16.0,817.8
2024-12-04 15:00:00,-1.5,70.2,11.3,948.4
2024-12-04 16:00:00,0.8,68.8,8.0,854.4
2024-12-04 17:00:00,2.2,75.1,8.3,774.0
2024-12-04 18:00:00,0.5,72.2,13.9,846.3
2024-12-04 19:00:00,3.1,73.4,8.3,727.5
2024-12-04 20:00:00,2.2,72.2,8.7,755.5
2024-12-04 21:00:00,6.9,65.8,8.8,614.2
2024-12-04 22:00:00,-3.2,76.5,10.8,890.7
2024-12-04 23:00:00,1.0,74.5,10.6,809.9
2024-12-05 00:00:00,-1.4,75.1,9.0,828.1
2024-12-05 01:00:00,3.1,76.8,8.7,631.2
2024-12-05 02:00:00,-3.5,72.6,12.3,906.0
2024-12-05 03:00:00,2.4,77.9,16.2,715.4
2024-12-05 04:00:00,-0.6,72.4,8.2,784.4
2024-12-05 05:00:00,-0.9,69.5,8.4,815.1
2024-12-05 06:00:00,-3.0,70.5,11.1,973.0
2024-12-05 07:00:00,-0.1,70.5,12.9,904.8
2024-12-05 08:00:00,4.6,68.0,12.7,743.3
2024-12-05 09:00:00,1.2,78.8,11.8,921.2
2024-12-05 10:00:00,3.2,72.1,14.6,857.5
2024-12-05 11:00:00,6.3,71.1,8.7,818.5
2024-12-05 12:00:00,2.1,72.6,8.3,925.9
2024-12-05 13:00:00,-0.4,85.6,10.9,967.3
2024-12-05 14:00:00,2.7,65.0,13.2,908.1
2024-12-05 15:00:00,-0.4,66.5,10.6,901.8
2024-12-05 16:00:00,-0.2,63.8,17.9,981.4
2024-12-05 17:00:00,-3.3,69.5,12.8,968.4
2024-12-05 18:00:00,4.0,71.9,11.6,738.3
2024-12-05 19:00:00,0.1,68.4,8.2,808.1
2024-12-05 20:00:00,1.8,68.0,8.3,737.7
2024-12-05 21:00:00,-1.9,71.5,12.6,935.0
2024-12-05 22:00:00,2.6,68.3,8.7,677.2
2024-12-05 23:00:00,-1.0,72.3,8.1,819.4
2024-12-06 00:00:00,0.8,76.4,15.2,725.7
2024-12-06 01:00:00,3.9,74.2,14.6,676.9
2024-12-06 02:00:00,3.6,75.2,8.7,649.8
2024-12-06 03:00:00,1.2,76.3,12.5,759.1
2024-12-06 04:00:00,-4.1,72.2,8.1,969.1
2024-12-06 05:00:00,10.2,70.1,9.0,564.4
2024-12-06 06:00:00,6.4,67.0,10.9,763.1
2024-12-06 07:00:00,3.4,68.9,12.3,801.9
2024-12-06 08:00:00,-1.1,68.3,8.0,932.1
2024-12-06 09:00:00,0.9,74.6,9.2,880.2
2024-12-06 10:00:00,-0.4,72.6,8.7,959.8
2024-12-06 11:00:00,5.0,74.4,28.1,777.8
2024-12-06 12:00:00,2.0,65.1,11.3,946.0
2024-12-06 13:00:00,-1.2,78.1,9.6,1007.2
2024-12-06 14:00:00,-0.2,68.8,8.2,945.9
2024-12-06 15:00:00,4.5,65.5,10.7,826.1
2024-12-06 16:00:00,6.0,68.8,11.1,720.2
2024-12-06 17:00:00,5.7,83.4,13.1,695.4
2024-12-06 18:00:00,3.4,69.1,9.0,750.2
2024-12-06 19:00:00,0.4,69.4,20.0,820.0
2024-12-06 20:00:00,-8.6,70.1,9.7,1154.1
2024-12-06 21:00:00,2.0,70.3,9.1,678.2
2024-12-06 22:00:00,1.1,67.1,9.3,717.9
2024-12-06 23:00:00,1.6,71.8,10.2,618.8
2024-12-07 00:00:00,1.3,76.5,16.3,682.6
2024-12-07 01:00:00,-2.8,72.7,12.0,878.8
2024-12-07 02:00:00,2.8,65.5,10.6,711.7
2024-12-07 03:00:00,3.0,69.4,8.5,660.4
2024-12-07 04:00:00,3.2,68.4,8.5,701.1
2024-12-07 05:00:00,4.0,71.4,10.1,716.5
2024-12-07 06:00:00,2.9,77.8,11.9,804.5
2024-12-07 07:00:00,-0.1,70.4,12.2,930.9
2024-12-07 08:00:00,0.9,70.7,8.8,882.1
2024-12-07 09:00:00,1.4,80.1,8.3,880.5
2024-12-07 10:00:00,1.4,75.6,9.5,857.3
2024-12-07 11:00:00,4.1,74.1,15.5,839.5
2024-12-07 12:00:00,3.0,81.0,10.4,933.5
2024-12-07 13:00:00,7.3,73.7,9.2,800.9
2024-12-07 14:00:00,7.7,61.3,9.2,743.6
2024-12-07 15:00:00,1.3,75.4,8.4,896.9
2024-12-07 16:00:00,-10.4,63.3,9.9,1302.2
2024-12-07 17:00:00,4.8,73.5,12.7,737.3
2024-12-07 18:00:00,-0.6,62.7,18.4,873.9
2024-12-07 19:00:00,-1.3,69.0,10.1,877.6
2024-12-07 20:00:00,-0.1,69.5,8.5,839.6
2024-12-07 21:00:00,-0.3,67.5,11.4,821.2
2024-12-07 22:00:00,2.9,69.6,12.2,698.2
2024-12-07 23:00:00,-3.6,76.5,8.2,858.6
2024-12-08 00:00:00,-2.2,67.8,13.7,799.1
2024-12-08 01:00:00,2.1,74.1,13.3,671.2
2024-12-08 02:00:00,2.9,66.6,9.9,687.7
2024-12-08 03:00:00,3.0,70.4,10.5,636.2
2024-12-08 04:00:00,-1.3,73.0,11.7,850.6
2024-12-08 05:00:00,-1.9,66.4,11.4,933.8
2024-12-08 06:00:00,-0.5,64.9,8.1,888.8
2024-12-08 07:00:00,1.7,73.9,8.4,819.3
2024-12-08 08:00:00,5.5,77.1,8.5,736.6
2024-12-08 09:00:00,-5.1,71.1,12.2,1136.0
2024-12-08 10:00:00,0.3,69.2,9.7,939.7
2024-12-08 11:00:00,-3.0,72.3,10.4,1048.6
2024-12-08 12:00:00,-4.0,71.8,12.4,1077.6
2024-12-08 13:00:00,3.9,72.7,9.3,842.9
2024-12-08 14:00:00,2.6,58.9,12.1,848.6
2024-12-08 15:00:00,2.3,66.2,9.8,877.1
2024-12-08 16:00:00,3.7,67.3,9.4,832.4
2024-12-08 17:00:00,-0.5,72.3,9.2,856.1
2024-12-08 18:00:00,-0.3,72.5,18.1,830.1
2024-12-08 19:00:00,7.5,74.8,12.4,676.5
2024-12-08 20:00:00,0.2,72.9,8.1,804.3
2024-12-08 21:00:00,3.2,65.1,17.5,654.7
2024-12-08 22:00:00,1.0,78.9,12.5,771.9
2024-12-08 23:00:00,-4.6,78.0,8.5,936.6
2024-12-09 00:00:00,-5.2,65.4,8.2,1006.3
2024-12-09 01:00:00,-0.8,73.3,9.1,778.9
2024-12-09 02:00:00,4.1,68.7,10.9,683.1
2024-12-09 03:00:00,3.3,72.4,10.9,645.1
2024-12-09 04:00:00,3.7,77.0,9.0,743.6
2024-12-09 05:00:00,-2.0,82.4,9.8,932.0
2024-12-09 06:00:00,5.8,75.5,8.7,747.8
2024-12-09 07:00:00,-2.0,73.2,8.2,982.1
2024-12-09 08:00:00,1.6,70.0,10.2,854.2
2024-12-09 09:00:00,0.9,72.7,9.3,864.3
2024-12-09 10:00:00,0.4,78.6,10.3,915.5
2024-12-09 11:00:00,4.9,71.5,16.8,761.4
2024-12-09 12:00:00,-1.2,67.4,8.5,966.0
2024-12-09 13:00:00,-3.2,63.7,8.0,1070.0
2024-12-09 14:00:00,1.0,74.4,8.2,912.5
2024-12-09 15:00:00,-0.3,73.1,9.9,930.5
2024-12-09 16:00:00,11.0,68.6,11.7,625.0
2024-12-09 17:00:00,2.9,77.0,10.6,744.8
2024-12-09 18:00:00,-0.3,69.7,10.0,871.6
2024-12-09 19:00:00,-2.3,71.2,9.3,918.6
2024-12-09 20:00:00,-4.8,71.8,9.1,946.9
2024-12-09 21:00:00,-2.2,70.1,9.4,842.8
2024-12-09 22:00:00,1.2,73.1,10.8,778.6
2024-12-09 23:00:00,5.1,77.7,8.6,653.6
2024-12-10 00:00:00,4.2,66.2,12.4,587.7
2024-12-10 01:00:00,1.5,74.4,10.6,710.6
2024-12-10 02:00:00,-0.1,72.8,8.9,817.2
2024-12-10 03:00:00,1.7,72.7,10.1,728.4
2024-12-10 04:00:00,-0.7,76.3,17.9,823.3
2024-12-10 05:00:00,6.0,72.2,8.1,699.9
2024-12-10 06:00:00,0.3,74.4,8.7,878.2
2024-12-10 07:00:00,0.6,75.6,9.8,893.6
2024-12-10 08:00:00,-5.8,69.5,11.1,1110.1
2024-12-10 09:00:00,0.2,73.5,8.7,939.7
2024-12-10 10:00:00,3.3,70.8,16.0,889.1
2024-12-10 11:00:00,-2.4,71.4,11.1,1031.6
2024-12-10 12:00:00,-1.4,70.4,14.3,990.7
2024-12-10 13:00:00,3.2,74.4,9.2,896.7
2024-12-10 14:00:00,-3.6,72.5,13.3,1130.6
2024-12-10 15:00:00,4.0,74.1,9.4,876.5
2024-12-10 16:00:00,-0.8,72.0,8.9,920.7
2024-12-10 17:00:00,-0.4,64.1,15.3,881.6
2024-12-10 18:00:00,-2.6,72.3,8.3,913.0
2024-12-10 19:00:00,1.9,72.5,16.6,775.2
2024-12-10 20:00:00,8.2,73.4,9.8,566.5
2024-12-10 21:00:00,3.1,69.2,22.7,675.8
2024-12-10 22:00:00,-1.8,66.2,10.3,848.1
2024-12-10 23:00:00,4.2,75.3,12.3,652.9
2024-12-11 00:00:00,-0.2,70.8,8.0,706.7
2024-12-11 01:00:00,4.9,73.1,10.1,669.6
2024-12-11 02:00:00,3.2,70.8,12.0,642.3
2024-12-11 03:00:00,-8.1,72.2,12.6,1066.7
2024-12-11 04:00:00,-2.3,70.0,8.5,843.9
2024-12-11 05:00:00,3.6,67.4,9.6,703.4
2024-12-11 06:00:00,1.2,74.6,9.6,792.9
2024-12-11 07:00:00,-2.3,69.3,8.3,932.9
2024-12-11 08:00:00,-1.2,73.1,9.8,870.6
2024-12-11 09:00:00,-5.0,74.3,12.9,1110.8
2024-12-11 10:00:00,0.5,69.4,9.1,933.2
2024-12-11 11:00:00,7.4,66.3,9.7,824.7
2024-12-11 12:00:00,3.1,84.5,17.7,884.0
2024-12-11 13:00:00,7.3,69.7,8.1,745.5
2024-12-11 14:00:00,3.4,75.5,10.7,809.4
2024-12-11 15:00:00,3.8,82.1,12.1,818.6
2024-12-11 16:00:00,6.6,76.3,12.3,744.3
2024-12-11 17:00:00,1.8,70.9,11.8,809.8
2024-12-11 18:00:00,0.2,72.1,11.9,853.0
2024-12-11 19:00:00,3.8,68.2,8.2,774.9
2024-12-11 20:00:00,5.1,76.8,10.3,655.2
2024-12-11 21:00:00,-0.7,75.3,12.6,754.3
2024-12-11 22:00:00,-1.5,69.9,8.3,843.1
2024-12-11 23:00:00,1.1,67.2,8.0,731.8
2024-12-12 00:00:00,3.2,65.9,13.1,607.7
2024-12-12 01:00:00,3.1,77.4,11.7,683.8
2024-12-12 02:00:00,-3.6,73.1,9.6,865.0
2024-12-12 03:00:00,6.4,73.6,16.5,626.9
2024-12-12 04:00:00,-1.2,68.4,12.4,902.4
2024-12-12 05:00:00,-0.1,65.2,18.3,825.1
2024-12-12 06:00:00,-2.0,77.3,15.9,959.5
2024-12-12 07:00:00,8.8,72.8,10.0,626.3
2024-12-12 08:00:00,1.4,77.1,12.2,819.9
2024-12-12 09:00:00,-1.9,70.6,11.3,1049.8
2024-12-12 10:00:00,3.3,71.4,13.0,855.9
2024-12-12 11:00:00,3.0,76.2,12.6,885.9
2024-12-12 12:00:00,0.1,76.3,8.5,989.7
2024-12-12 13:00:00,3.2,76.6,8.8,845.5
2024-12-12 14:00:00,-1.8,71.1,8.9,1028.0
2024-12-12 15:00:00,-0.8,75.7,13.1,975.9
2024-12-12 16:00:00,-5.4,78.2,13.0,1065.8
2024-12-12 17:00:00,-3.3,72.1,10.1,1042.8
2024-12-12 18:00:00,6.1,70.1,10.6,729.7
2024-12-12 19:00:00,5.6,79.4,13.3,642.1
2024-12-12 20:00:00,0.8,69.4,9.1,784.7
2024-12-12 21:00:00,5.6,75.8,8.2,625.8
2024-12-12 22:00:00,0.1,72.4,10.0,807.5
2024-12-12 23:00:00,-0.1,63.5,15.4,716.3
2024-12-13 00:00:00,0.8,78.4,12.7,842.5
2024-12-13 01:00:00,0.2,59.0,9.4,740.0
2024-12-13 02:00:00,-0.0,62.8,8.2,788.0
2024-12-13 03:00:00,4.0,75.4,11.0,712.4
2024-12-13 04:00:00,1.1,75.4,13.4,768.9
2024-12-13 05:00:00,2.7,69.6,11.3,743.8
2024-12-13 06:00:00,3.7,73.5,9.7,734.4
2024-12-13 07:00:00,1.8,60.2,8.4,795.5
2024-12-13 08:00:00,-2.3,76.4,15.2,994.7
2024-12-13 09:00:00,-3.5,74.1,9.0,1044.2
2024-12-13 10:00:00,1.0,72.6,8.8,895.4
2024-12-13 11:00:00,0.1,73.0,13.1,937.2
2024-12-13 12:00:00,0.8,75.3,19.9,948.5
2024-12-13 13:00:00,0.5,72.7,11.2,912.2
2024-12-13 14:00:00,8.3,63.5,10.9,719.9
2024-12-13 15:00:00,-3.4,83.9,9.2,1078.3
2024-12-13 16:00:00,-5.4,78.9,8.1,1112.9
2024-12-13 17:00:00,1.6,66.5,8.6,799.5
2024-12-13 18:00:00,-0.6,71.2,10.6,873.2
2024-12-13 19:00:00,1.5,71.8,8.5,796.6
2024-12-13 20:00:00,2.3,78.3,14.5,769.2
2024-12-13 21:00:00,4.4,62.2,8.6,632.2
2024-12-13 22:00:00,-4.0,70.5,10.2,891.5
2024-12-13 23:00:00,-1.1,64.2,10.2,771.5
2024-12-14 00:00:00,1.8,71.6,10.8,680.4
2024-12-14 01:00:00,2.9,70.6,9.2,686.0
2024-12-14 02:00:00,7.1,73.4,14.2,600.6
2024-12-14 03:00:00,3.4,70.0,9.8,716.1
2024-12-14 04:00:00,0.4,69.3,11.6,790.3
2024-12-14 05:00:00,-2.1,76.1,11.0,862.1
2024-12-14 06:00:00,-1.2,75.3,8.4,916.0
2024-12-14 07:00:00,-1.3,75.8,10.9,929.8
2024-12-14 08:00:00,2.5,72.2,10.4,833.2
2024-12-14 09:00:00,1.3,70.2,14.9,847.3
2024-12-14 10:00:00,-3.5,72.5,14.4,1057.0
2024-12-14 11:00:00,-0.8,75.6,8.5,944.4
2024-12-14 12:00:00,3.1,62.2,8.3,872.8
2024-12-14 13:00:00,1.6,75.1,9.0,893.1
2024-12-14 14:00:00,2.2,74.7,20.9,861.4
2024-12-14 15:00:00,1.7,73.5,8.1,830.6
2024-12-14 16:00:00,5.4,72.4,11.4,788.0
2024-12-14 17:00:00,1.2,60.4,10.8,830.8
2024-12-14 18:00:00,-0.7,71.0,11.1,879.6
2024-12-14 19:00:00,-2.3,82.1,8.7,889.3
2024-12-14 20:00:00,1.2,73.3,8.8,718.7
2024-12-14 21:00:00,-6.8,71.7,9.7,1025.2
2024-12-14 22:00:00,-0.1,73.3,8.3,761.0
2024-12-14 23:00:00,-0.1,75.0,8.2,774.0
2024-12-15 00:00:00,-3.6,76.6,8.3,873.7
2024-12-15 01:00:00,-2.3,72.1,10.6,816.0
2024-12-15 02:00:00,2.9,75.4,9.5,639.8
2024-12-15 03:00:00,1.2,81.7,9.0,755.4
2024-12-15 04:00:00,0.8,78.3,9.1,760.9
2024-12-15 05:00:00,1.4,85.0,8.7,833.4
2024-12-15 06:00:00,0.7,70.0,9.6,836.2
2024-12-15 07:00:00,4.2,81.7,8.7,783.5
2024-12-15 08:00:00,0.8,69.4,11.6,871.2
2024-12-15 09:00:00,-3.9,75.1,8.4,1072.0
2024-12-15 10:00:00,5.3,77.0,16.9,770.2
2024-12-15 11:00:00,1.6,70.8,8.3,868.6
2024-12-15 12:00:00,-1.3,73.8,16.6,1001.0
2024-12-15 13:00:00,-3.3,77.9,13.4,1087.5
2024-12-15 14:00:00,1.6,69.9,11.4,833.1
2024-12-15 15:00:00,0.1,81.8,15.3,913.8
2024-12-15 16:00:00,5.2,66.5,8.4,814.7
2024-12-15 17:00:00,-0.6,83.1,8.6,921.4
2024-12-15 18:00:00,-2.1,78.5,8.9,975.3
2024-12-15 19:00:00,3.1,73.0,8.8,719.6
2024-12-15 20:00:00,3.2,71.5,9.1,697.7
2024-12-15 21:00:00,0.9,70.9,10.6,784.6
2024-12-15 22:00:00,2.5,72.8,8.1,714.8
2024-12-15 23:00:00,0.3,73.3,9.4,747.4
2024-12-16 00:00:00,1.1,79.8,8.8,687.2
2024-12-16 01:00:00,3.9,83.4,10.8,686.9
2024-12-16 02:00:00,2.3,74.5,20.6,776.9
2024-12-16 03:00:00,-0.1,69.3,10.2,739.9
2024-12-16 04:00:00,4.5,70.8,9.7,720.6
2024-12-16 05:00:00,-6.7,72.6,9.4,1066.2
2024-12-16 06:00:00,6.6,68.4,12.6,668.7
2024-12-16 07:00:00,-4.7,67.7,8.2,1056.6
2024-12-16 08:00:00,-1.5,84.1,17.6,925.1
2024-12-16 09:00:00,0.3,75.1,9.6,918.5
2024-12-16 10:00:00,-0.0,69.5,9.1,894.5
2024-12-16 11:00:00,3.4,77.7,19.0,869.9
2024-12-16 12:00:00,-2.8,67.7,16.2,1116.2
2024-12-16 13:00:00,1.2,68.2,11.1,895.2
2024-12-16 14:00:00,-1.4,69.6,8.1,981.1
2024-12-16 15:00:00,1.3,81.9,12.1,888.8
2024-12-16 16:00:00,0.2,72.4,9.2,929.9
2024-12-16 17:00:00,0.7,61.5,9.5,868.2
2024-12-16 18:00:00,-1.3,79.8,8.5,929.6
2024-12-16 19:00:00,-1.2,72.2,10.2,853.2
2024-12-16 20:00:00,1.2,64.5,12.1,777.1
2024-12-16 21:00:00,3.2,72.1,9.0,590.2
2024-12-16 22:00:00,-1.4,76.3,16.4,839.0
2024-12-16 23:00:00,-2.2,75.8,8.6,800.6
2024-12-17 00:00:00,2.2,82.8,8.2,685.0
2024-12-17 01:00:00,0.3,69.5,11.1,772.3
2024-12-17 02:00:00,2.8,74.0,13.7,639.7
2024-12-17 03:00:00,-2.4,70.3,17.2,897.3
2024-12-17 04:00:00,-5.0,66.1,12.4,978.8
2024-12-17 05:00:00,-1.3,78.2,8.7,918.1
2024-12-17 06:00:00,-2.0,76.1,19.4,896.5
2024-12-17 07:00:00,0.1,75.3,15.6,825.7
2024-12-17 08:00:00,-1.6,76.0,8.5,959.3
2024-12-17 09:00:00,2.6,70.4,10.5,866.8
2024-12-17 10:00:00,-0.5,68.8,10.4,978.3
2024-12-17 11:00:00,0.8,74.1,9.8,894.9
2024-12-17 12:00:00,0.8,79.7,20.5,885.9
2024-12-17 13:00:00,0.9,81.9,8.2,919.6
2024-12-17 14:00:00,0.3,77.9,11.0,952.9
2024-12-17 15:00:00,1.9,74.1,8.7,885.0
2024-12-17 16:00:00,-2.1,75.3,10.2,1024.2
2024-12-17 17:00:00,4.5,74.0,12.5,743.4
2024-12-17 18:00:00,-0.4,68.8,8.8,811.7
2024-12-17 19:00:00,-3.6,74.1,9.5,993.3
2024-12-17 20:00:00,0.9,67.3,17.0,782.0
2024-12-17 21:00:00,-2.2,73.4,12.3,870.2
2024-12-17 22:00:00,2.3,82.2,10.6,728.0
2024-12-17 23:00:00,6.9,78.1,8.8,616.9
2024-12-18 00:00:00,-2.1,69.4,9.7,823.1
2024-12-18 01:00:00,1.3,73.7,12.5,755.3
2024-12-18 02:00:00,-5.0,69.9,13.2,963.5
2024-12-18 03:00:00,1.7,73.7,8.8,715.5
2024-12-18 04:00:00,-2.4,79.3,11.3,882.6
2024-12-18 05:00:00,-1.6,77.3,8.3,903.8
2024-12-18 06:00:00,-3.0,86.5,8.1,945.6
2024-12-18 07:00:00,2.5,80.0,10.4,837.9
2024-12-18 08:00:00,3.3,75.1,8.8,815.1
2024-12-18 09:00:00,0.4,77.5,8.2,929.6
2024-12-18 10:00:00,-2.3,73.1,11.9,1064.5
2024-12-18 11:00:00,5.1,68.5,10.1,820.3
2024-12-18 12:00:00,-2.0,80.7,12.8,1028.6
2024-12-18 13:00:00,-6.2,79.2,11.3,1183.2
2024-12-18 14:00:00,1.7,72.9,11.9,888.4
2024-12-18 15:00:00,-3.0,75.5,9.1,1042.5
2024-12-18 16:00:00,3.2,80.4,8.9,855.9
2024-12-18 17:00:00,-0.9,78.4,10.8,895.3
2024-12-18 18:00:00,2.1,66.9,8.7,769.7
2024-12-18 19:00:00,4.5,75.4,13.1,743.3
2024-12-18 20:00:00,-3.4,73.4,10.2,906.3
2024-12-18 21:00:00,-1.4,79.8,8.8,843.3
2024-12-18 22:00:00,0.0,79.4,10.9,754.3
2024-12-18 23:00:00,4.9,80.8,16.7,576.6
2024-12-19 00:00:00,-1.7,68.7,8.3,817.7
2024-12-19 01:00:00,-1.5,70.3,8.3,842.8
2024-12-19 02:00:00,1.7,79.8,13.6,719.8
2024-12-19 03:00:00,-1.5,71.3,8.3,789.7
2024-12-19 04:00:00,0.7,66.7,8.1,784.4
2024-12-19 05:00:00,-4.4,77.0,9.3,966.5
2024-12-19 06:00:00,6.9,71.6,9.9,594.8
2024-12-19 07:00:00,-3.8,83.3,10.5,1018.3
2024-12-19 08:00:00,-0.7,75.8,10.1,947.1
2024-12-19 09:00:00,0.1,75.1,15.3,959.1
2024-12-19 10:00:00,6.0,72.5,12.4,832.9
2024-12-19 11:00:00,-3.7,82.3,20.4,1108.1
2024-12-19 12:00:00,6.2,76.2,9.9,818.8
2024-12-19 13:00:00,2.5,72.3,8.3,839.2
2024-12-19 14:00:00,1.5,70.4,17.3,944.8
2024-12-19 15:00:00,-2.7,74.0,8.0,1059.0
2024-12-19 16:00:00,1.9,69.5,12.5,834.7
2024-12-19 17:00:00,-1.9,79.6,8.1,971.5
2024-12-19 18:00:00,4.0,65.4,12.3,754.4
2024-12-19 19:00:00,-2.7,73.7,16.3,967.1
2024-12-19 20:00:00,-0.1,77.5,9.5,808.1
2024-12-19 21:00:00,-1.4,76.2,8.8,813.1
2024-12-19 22:00:00,-2.7,70.9,8.8,848.1
2024-12-19 23:00:00,2.4,77.8,10.0,716.0
2024-12-20 00:00:00,1.8,70.1,8.6,641.9
2024-12-20 01:00:00,3.8,74.4,11.4,559.7
2024-12-20 02:00:00,-5.1,77.8,9.4,984.4
2024-12-20 03:00:00,3.4,76.8,9.2,696.5
2024-12-20 04:00:00,7.7,71.2,9.9,606.8
2024-12-20 05:00:00,-1.2,80.5,10.3,833.2
2024-12-20 06:00:00,5.9,75.0,8.5,645.6
2024-12-20 07:00:00,-0.6,78.3,11.7,885.2
2024-12-20 08:00:00,-3.9,82.2,14.4,1059.7
2024-12-20 09:00:00,-0.7,80.2,9.0,936.7
2024-12-20 10:00:00,3.3,80.2,8.6,875.8
2024-12-20 11:00:00,-2.3,75.6,12.3,1004.4
2024-12-20 12:00:00,-1.6,78.6,8.6,997.3
2024-12-20 13:00:00,2.0,75.7,8.1,915.6
2024-12-20 14:00:00,0.2,68.6,10.9,923.4
2024-12-20 15:00:00,1.9,76.2,8.8,859.9
2024-12-20 16:00:00,0.9,75.9,8.6,860.6
2024-12-20 17:00:00,1.6,77.6,20.0,810.1
2024-12-20 18:00:00,-1.1,74.0,9.0,904.4
2024-12-20 19:00:00,0.9,70.9,15.0,816.7
2024-12-20 20:00:00,-2.6,78.0,8.6,904.6
2024-12-20 21:00:00,4.0,68.1,13.1,648.6
2024-12-20 22:00:00,-1.7,82.0,10.1,826.1
2024-12-20 23:00:00,3.6,73.6,8.2,704.3
2024-12-21 00:00:00,-0.5,76.0,12.0,732.6
2024-12-21 01:00:00,0.8,77.5,14.7,794.5
2024-12-21 02:00:00,-1.3,77.7,8.5,818.8
2024-12-21 03:00:00,-2.9,67.7,11.9,876.6
2024-12-21 04:00:00,-5.1,78.9,9.8,1020.9
2024-12-21 05:00:00,-3.0,76.3,12.2,873.6
2024-12-21 06:00:00,-0.8,71.6,11.8,923.7
2024-12-21 07:00:00,0.8,71.0,8.1,912.2
2024-12-21 08:00:00,3.2,73.1,8.6,845.3
2024-12-21 09:00:00,-1.2,68.3,9.9,900.7
2024-12-21 10:00:00,-2.5,83.4,16.1,1056.0
2024-12-21 11:00:00,-4.2,82.3,9.3,1154.7
2024-12-21 12:00:00,1.6,77.1,11.0,955.9
2024-12-21 13:00:00,4.3,73.7,8.0,788.4
2024-12-21 14:00:00,3.9,73.9,11.7,860.2
2024-12-21 15:00:00,2.3,78.7,10.8,915.2
2024-12-21 16:00:00,2.1,83.7,11.8,850.2
2024-12-21 17:00:00,5.2,72.0,15.1,692.7
2024-12-21 18:00:00,1.1,69.3,8.5,844.1
2024-12-21 19:00:00,2.1,82.7,8.9,804.0
2024-12-21 20:00:00,-0.8,66.0,24.4,825.7
2024-12-21 21:00:00,-3.9,69.9,8.5,887.3
2024-12-21 22:00:00,-1.9,73.7,11.8,863.9
2024-12-21 23:00:00,0.1,67.1,11.9,730.5
2024-12-22 00:00:00,0.3,80.5,11.4,762.2
2024-12-22 01:00:00,5.9,79.3,8.8,648.6
2024-12-22 02:00:00,0.4,72.1,8.7,707.8
2024-12-22 03:00:00,3.7,81.4,11.3,710.7
2024-12-22 04:00:00,-1.2,82.2,8.6,843.7
2024-12-22 05:00:00,-0.8,74.4,11.3,852.3
2024-12-22 06:00:00,-3.9,72.8,10.0,1007.3
2024-12-22 07:00:00,-2.1,86.3,9.5,936.8
2024-12-22 08:00:00,1.7,78.6,9.1,821.9
2024-12-22 09:00:00,0.1,76.3,16.8,870.8
2024-12-22 10:00:00,2.9,81.9,10.1,897.1
2024-12-22 11:00:00,0.7,76.6,10.5,922.9
2024-12-22 12:00:00,-0.9,72.5,16.9,1004.2
2024-12-22 13:00:00,6.6,75.5,11.2,764.3
2024-12-22 14:00:00,-0.2,80.3,17.5,917.3
2024-12-22 15:00:00,3.6,65.1,8.3,838.0
2024-12-22 16:00:00,-1.1,73.7,13.6,952.6
2024-12-22 17:00:00,2.2,82.0,9.2,812.2
2024-12-22 18:00:00,2.9,72.6,13.0,779.5
2024-12-22 19:00:00,0.7,82.9,13.8,783.7
2024-12-22 20:00:00,-7.0,82.2,9.0,1104.3
2024-12-22 21:00:00,0.2,74.8,9.6,820.4
2024-12-22 22:00:00,3.8,72.3,11.9,682.4
2024-12-22 23:00:00,1.7,73.7,8.3,697.5
2024-12-23 00:00:00,1.4,88.5,12.2,721.7
2024-12-23 01:00:00,-5.1,84.6,8.4,995.4
2024-12-23 02:00:00,-2.1,75.8,15.4,879.2
2024-12-23 03:00:00,1.3,72.2,9.0,804.0
2024-12-23 04:00:00,1.3,75.8,10.6,743.4
2024-12-23 05:00:00,3.7,76.5,8.4,697.8
2024-12-23 06:00:00,-0.3,69.0,8.9,869.5
2024-12-23 07:00:00,1.3,75.7,9.6,855.4
2024-12-23 08:00:00,0.1,81.9,10.0,902.2
2024-12-23 09:00:00,-2.9,66.3,8.0,1010.6
2024-12-23 10:00:00,-6.7,79.4,14.6,1233.7
2024-12-23 11:00:00,1.4,82.2,8.0,912.3
2024-12-23 12:00:00,0.6,72.5,12.5,900.6
2024-12-23 13:00:00,-1.8,83.8,9.9,984.6
2024-12-23 14:00:00,-4.8,71.9,10.2,1120.9
2024-12-23 15:00:00,2.0,77.5,8.7,959.5
2024-12-23 16:00:00,-0.7,73.8,10.8,900.9
2024-12-23 17:00:00,1.8,73.8,10.3,819.7
2024-12-23 18:00:00,5.7,72.3,8.5,772.5
2024-12-23 19:00:00,-6.3,78.9,8.8,1054.3
2024-12-23 20:00:00,-2.0,79.6,8.2,891.4
2024-12-23 21:00:00,-0.6,75.1,8.2,861.0
2024-12-23 22:00:00,4.4,68.6,8.0,612.8
2024-12-23 23:00:00,-4.8,77.4,8.7,926.2
2024-12-24 00:00:00,5.9,77.5,11.4,583.7
2024-12-24 01:00:00,0.5,74.3,9.1,699.9
2024-12-24 02:00:00,-0.2,84.8,9.3,829.8
2024-12-24 03:00:00,-0.5,67.6,8.4,782.5
2024-12-24 04:00:00,-1.2,64.4,10.6,816.8
2024-12-24 05:00:00,3.2,71.8,9.3,722.1
2024-12-24 06:00:00,-3.1,79.0,11.4,995.7
2024-12-24 07:00:00,1.1,70.2,12.1,850.1
2024-12-24 08:00:00,-1.1,70.6,10.6,917.3
2024-12-24 09:00:00,-2.2,80.2,9.0,1018.2
2024-12-24 10:00:00,7.8,77.8,10.1,768.5
2024-12-24 11:00:00,1.3,77.4,8.9,913.8
2024-12-24 12:00:00,1.9,79.4,15.0,894.7
2024-12-24 13:00:00,3.5,73.4,12.4,882.3
2024-12-24 14:00:00,-4.2,73.6,10.0,1086.7
2024-12-24 15:00:00,5.3,79.6,18.1,831.3
2024-12-24 16:00:00,-7.5,68.8,10.4,1165.3
2024-12-24 17:00:00,-2.2,64.8,9.2,930.9
2024-12-24 18:00:00,-1.3,73.4,8.3,873.3
2024-12-24 19:00:00,1.8,80.2,10.4,772.1
2024-12-24 20:00:00,0.7,76.9,13.9,786.2
2024-12-24 21:00:00,-0.4,79.9,14.0,763.9
2024-12-24 22:00:00,0.0,65.5,10.8,768.6
2024-12-24 23:00:00,-2.9,77.2,9.5,877.9
2024-12-25 00:00:00,-4.4,78.9,11.2,873.4
2024-12-25 01:00:00,2.2,68.9,12.3,674.9
2024-12-25 02:00:00,2.1,80.0,9.6,725.9
2024-12-25 03:00:00,4.8,75.1,9.9,619.0
2024-12-25 04:00:00,-2.3,91.0,11.4,884.7
2024-12-25 05:00:00,2.1,64.8,14.3,794.8
2024-12-25 06:00:00,-0.8,82.5,12.7,941.4
2024-12-25 07:00:00,3.6,73.7,8.1,790.7
2024-12-25 08:00:00,3.1,67.6,8.4,807.0
2024-12-25 09:00:00,0.7,73.1,13.7,890.9
2024-12-25 10:00:00,-1.0,77.1,13.4,1004.5
2024-12-25 11:00:00,2.9,80.9,9.5,904.3
2024-12-25 12:00:00,2.0,84.3,10.6,867.2
2024-12-25 13:00:00,-2.0,82.9,15.1,1053.0
2024-12-25 14:00:00,-3.9,70.9,15.3,1062.5
2024-12-25 15:00:00,-0.8,81.4,12.6,932.7
2024-12-25 16:00:00,4.6,77.7,8.7,774.4
2024-12-25 17:00:00,3.5,72.5,11.9,810.3
2024-12-25 18:00:00,-3.3,74.7,8.3,981.0
2024-12-25 19:00:00,-3.5,72.2,14.7,959.3
2024-12-25 20:00:00,3.9,76.0,8.5,707.0
2024-12-25 21:00:00,-3.4,72.2,11.3,916.5
2024-12-25 22:00:00,1.6,70.7,10.8,717.3
2024-12-25 23:00:00,-1.8,78.2,12.5,842.2
2024-12-26 00:00:00,4.9,79.0,10.4,602.5
2024-12-26 01:00:00,-2.3,74.9,8.2,857.5
2024-12-26 02:00:00,3.5,82.7,11.7,699.3
2024-12-26 03:00:00,0.6,74.6,9.4,789.1
2024-12-26 04:00:00,0.8,74.4,9.2,805.1
2024-12-26 05:00:00,-5.9,79.2,22.4,1063.6
2024-12-26 06:00:00,-6.6,75.2,10.7,1138.1
2024-12-26 07:00:00,-0.6,76.3,11.7,836.5
2024-12-26 08:00:00,0.8,63.3,10.2,903.2
2024-12-26 09:00:00,-3.4,76.0,12.4,1104.2
2024-12-26 10:00:00,-3.2,66.8,12.2,1033.5
2024-12-26 11:00:00,1.7,69.8,11.2,877.2
2024-12-26 12:00:00,1.7,69.3,26.3,940.8
2024-12-26 13:00:00,-0.4,70.7,9.8,936.8
2024-12-26 14:00:00,2.4,73.2,11.7,852.1
2024-12-26 15:00:00,-3.5,73.5,12.8,1054.4
2024-12-26 16:00:00,-1.0,79.3,9.4,920.1
2024-12-26 17:00:00,5.0,77.1,9.8,771.5
2024-12-26 18:00:00,0.2,66.5,18.4,822.4
2024-12-26 19:00:00,0.4,76.4,8.1,830.5
2024-12-26 20:00:00,6.9,77.6,9.2,633.9
2024-12-26 21:00:00,-4.2,74.4,10.0,984.1
2024-12-26 22:00:00,2.4,75.7,8.0,733.8
2024-12-26 23:00:00,5.0,77.0,14.9,605.8
2024-12-27 00:00:00,-1.0,79.9,9.0,753.4
2024-12-27 01:00:00,2.6,68.2,8.9,705.0
2024-12-27 02:00:00,-2.9,74.8,13.1,851.9
2024-12-27 03:00:00,-2.0,83.6,9.0,849.8
2024-12-27 04:00:00,1.2,83.2,11.2,743.5
2024-12-27 05:00:00,2.4,80.3,13.2,782.2
2024-12-27 06:00:00,3.4,78.8,12.7,741.1
2024-12-27 07:00:00,4.7,84.4,12.6,753.7
2024-12-27 08:00:00,-0.2,85.7,8.3,918.4
2024-12-27 09:00:00,3.6,75.5,8.2,829.3
2024-12-27 10:00:00,-1.0,71.3,9.1,995.4
2024-12-27 11:00:00,2.7,74.8,8.1,865.6
2024-12-27 12:00:00,0.6,91.6,10.1,923.6
2024-12-27 13:00:00,1.3,68.3,9.5,853.3
2024-12-27 14:00:00,1.3,73.8,10.4,906.9
2024-12-27 15:00:00,-4.8,69.1,9.1,1092.7
2024-12-27 16:00:00,-3.4,76.8,10.0,1003.7
2024-12-27 17:00:00,0.3,70.2,9.2,872.8
2024-12-27 18:00:00,-5.1,75.7,8.7,1065.6
2024-12-27 19:00:00,2.5,66.5,11.1,785.6
2024-12-27 20:00:00,2.6,79.3,11.4,685.2
2024-12-27 21:00:00,1.0,82.3,13.3,748.8
2024-12-27 22:00:00,-3.4,74.3,14.2,915.8
2024-12-27 23:00:00,4.1,75.6,11.7,690.1
2024-12-28 00:00:00,6.1,75.4,11.5,567.4
2024-12-28 01:00:00,0.4,77.2,8.2,789.2
2024-12-28 02:00:00,1.5,76.1,8.3,683.6
2024-12-28 03:00:00,0.6,80.1,13.0,804.5
2024-12-28 04:00:00,1.6,82.4,8.8,753.7
2024-12-28 05:00:00,-0.4,72.2,9.3,888.5
2024-12-28 06:00:00,-0.1,74.8,8.5,846.6
2024-12-28 07:00:00,2.7,80.8,8.7,795.8
2024-12-28 08:00:00,7.0,69.2,12.5,714.9
2024-12-28 09:00:00,-4.2,66.5,8.9,1026.2
2024-12-28 10:00:00,-0.3,77.5,9.8,902.4
2024-12-28 11:00:00,-3.5,78.8,8.5,1094.5
2024-12-28 12:00:00,4.8,72.7,11.4,851.4
2024-12-28 13:00:00,-1.8,73.5,11.9,1030.3
2024-12-28 14:00:00,-4.3,72.6,9.3,1058.7
2024-12-28 15:00:00,1.9,72.0,12.6,882.7
2024-12-28 16:00:00,5.2,79.8,8.8,734.6
2024-12-28 17:00:00,2.0,70.5,11.5,832.8
2024-12-28 18:00:00,0.6,75.1,11.9,872.0
2024-12-28 19:00:00,1.2,71.9,18.4,802.9
2024-12-28 20:00:00,4.2,69.1,8.8,727.2
2024-12-28 21:00:00,-2.6,80.8,8.3,874.5
2024-12-28 22:00:00,-0.3,73.8,8.9,774.6
2024-12-28 23:00:00,-1.4,77.4,8.4,809.0
2024-12-29 00:00:00,-3.5,68.9,8.6,836.1
2024-12-29 01:00:00,-1.0,72.7,9.2,780.0
2024-12-29 02:00:00,3.3,80.2,9.6,666.5
2024-12-29 03:00:00,1.7,89.4,15.0,733.4
2024-12-29 04:00:00,1.9,66.6,8.7,752.5
2024-12-29 05:00:00,0.4,75.5,18.7,773.5
2024-12-29 06:00:00,1.6,78.6,13.0,776.6
2024-12-29 07:00:00,-2.4,73.4,14.4,998.0
2024-12-29 08:00:00,-0.9,80.8,16.0,880.6
2024-12-29 09:00:00,0.6,72.2,12.2,927.1
2024-12-29 10:00:00,0.8,77.3,12.7,908.0
2024-12-29 11:00:00,1.0,73.9,9.7,928.4
2024-12-29 12:00:00,-0.4,82.6,10.1,1021.5
2024-12-29 13:00:00,-1.1,73.2,16.1,986.5
2024-12-29 14:00:00,9.5,74.8,9.4,731.4
2024-12-29 15:00:00,2.7,81.3,8.1,852.0
2024-12-29 16:00:00,1.2,71.4,12.3,864.0
2024-12-29 17:00:00,-0.7,76.9,10.6,900.1
2024-12-29 18:00:00,-1.4,67.5,13.1,919.6
2024-12-29 19:00:00,-0.4,71.2,8.2,820.4
2024-12-29 20:00:00,0.9,78.5,10.9,747.8
2024-12-29 21:00:00,-5.6,71.7,8.9,993.3
2024-12-29 22:00:00,-4.7,73.9,15.0,944.5
2024-12-29 23:00:00,-1.9,79.1,8.3,772.3
2024-12-30 00:00:00,0.6,73.7,13.6,737.0
2024-12-30 01:00:00,-0.7,80.8,8.3,750.4
2024-12-30 02:00:00,4.4,77.7,8.1,664.9
2024-12-30 03:00:00,-4.4,78.8,8.8,892.7
2024-12-30 04:00:00,-2.3,82.9,9.2,945.4
2024-12-30 05:00:00,4.6,78.3,11.0,693.8
2024-12-30 06:00:00,0.4,84.4,8.4,823.8
2024-12-30 07:00:00,2.7,81.3,9.7,798.7
2024-12-30 08:00:00,6.2,74.1,8.7,757.1
2024-12-30 09:00:00,-2.1,83.2,13.8,1029.1
2024-12-30 10:00:00,-0.3,78.0,8.1,947.0
2024-12-30 11:00:00,-0.8,74.8,9.3,937.5
2024-12-30 12:00:00,-5.9,78.1,11.0,1137.8
2024-12-30 13:00:00,-0.9,82.3,15.3,996.8
2024-12-30 14:00:00,2.6,79.0,14.1,896.7
2024-12-30 15:00:00,1.6,85.9,14.8,917.3
2024-12-30 16:00:00,1.9,82.2,8.2,859.4
2024-12-30 17:00:00,-1.1,79.4,13.5,951.6
2024-12-30 18:00:00,-2.0,71.7,12.5,979.2
2024-12-30 19:00:00,3.8,75.9,15.0,757.5
2024-12-30 20:00:00,-1.5,77.2,9.1,885.7
2024-12-30 21:00:00,0.9,80.3,15.3,737.5
2024-12-30 22:00:00,0.5,80.0,9.5,786.7
2024-12-30 23:00:00,4.4,77.7,11.0,651.1
